#pragma once

#include <Arduino.h>

static const uint16_t BANANA_240X320_W = 240;
static const uint16_t BANANA_240X320_H = 320;

static const uint16_t BANANA_240X320[76800] PROGMEM = {
  0x0000, 0x0000, 0x0000, 0x0000, 0x0000, 0x0000, 0x0000, 0x0000, 0x0000, 0x0000, 0x0000, 0x0000,
  0x0000, 0x0000, 0x0000, 0x0000, 0x0000, 0x0000, 0x0000, 0x0000, 0x0000, 0x0000, 0x0000, 0x0000,
  0x0000, 0x0000, 0x0000, 0x0000, 0x0000, 0x0000, 0x0000, 0x0000, 0x0000, 0x0000, 0x0000, 0x0000,
  0x0000, 0x0000, 0x0000, 0x0000, 0x0000, 0x0000, 0x0000, 0x0000, 0x0000, 0x0000, 0x0000, 0x0000,
  0x0000, 0x0000, 0x0000, 0x0000, 0x0000, 0x0000, 0x0000, 0x0000, 0x0000, 0x0000, 0x0000, 0x0000,
  0x0000, 0x0000, 0x0000, 0x0000, 0x0000, 0x0000, 0x0000, 0x0000, 0x0000, 0x0000, 0x0000, 0x0000,
  0x0000, 0x0000, 0x0000, 0x0000, 0x0000, 0x0000, 0x0000, 0x0000, 0x0000, 0x0000, 0x0000, 0x0000,
  0x0000, 0x0000, 0x0000, 0x0000, 0x0000, 0x0000, 0x0000, 0x0000, 0x0000, 0x0000, 0x0000, 0x0000,
  0x0000, 0x0000, 0x0000, 0x0000, 0x0000, 0x0000, 0x0000, 0x0000, 0x0000, 0x0000, 0x0000, 0x0000,
  0x0000, 0x0000, 0x0000, 0x0000, 0x0000, 0x0000, 0x0000, 0x0000, 0x0000, 0x0000, 0x0000, 0x0000,
  0x0000, 0x0000, 0x0000, 0x0000, 0x0000, 0x0000, 0x0000, 0x0000, 0x0000, 0x0000, 0x0000, 0x0000,
  0x0000, 0x0000, 0x0000, 0x0000, 0x0000, 0x0000, 0x0000, 0x0000, 0x0000, 0x0000, 0x0000, 0x0000,
  0x0000, 0x0000, 0x0000, 0x0000, 0x0000, 0x0000, 0x0000, 0x0000, 0x0000, 0x0000, 0x0000, 0x0000,
  0x0000, 0x0000, 0x0000, 0x0000, 0x0000, 0x0000, 0x0000, 0x0000, 0x0000, 0x0000, 0x0000, 0x0000,
  0x0000, 0x0000, 0x0000, 0x0000, 0x0000, 0x0000, 0x0000, 0x0000, 0x0000, 0x0000, 0x0000, 0x0000,
  0x0000, 0x0000, 0x0000, 0x0000, 0x0000, 0x0000, 0x0000, 0x0000, 0x0000, 0x0000, 0x0000, 0x0000,
  0x0000, 0x0000, 0x0000, 0x0000, 0x0000, 0x0000, 0x0000, 0x0000, 0x0000, 0x0000, 0x0000, 0x0000,
  0x0000, 0x0000, 0x0000, 0x0000, 0x0000, 0x0000, 0x0000, 0x0000, 0x0000, 0x0000, 0x0000, 0x0000,
  0x0000, 0x0000, 0x0000, 0x0000, 0x0000, 0x0000, 0x0000, 0x0000, 0x0000, 0x0000, 0x0000, 0x0000,
  0x0000, 0x0000, 0x0000, 0x0000, 0x0000, 0x0000, 0x0000, 0x0000, 0x0000, 0x0000, 0x0000, 0x0000,
  0x0000, 0x0000, 0x0000, 0x0000, 0x0000, 0x0000, 0x0000, 0x0000, 0x0000, 0x0000, 0x0000, 0x0000,
  0x0000, 0x0000, 0x0000, 0x0000, 0x0000, 0x0000, 0x0000, 0x0000, 0x0000, 0x0000, 0x0000, 0x0000,
  0x0000, 0x0000, 0x0000, 0x0000, 0x0000, 0x0000, 0x0000, 0x0000, 0x0000, 0x0000, 0x0000, 0x0000,
  0x0000, 0x0000, 0x0000, 0x0000, 0x0000, 0x0000, 0x0000, 0x0000, 0x0000, 0x0000, 0x0000, 0x0000,
  0x0000, 0x0000, 0x0000, 0x0000, 0x0000, 0x0000, 0x0000, 0x0000, 0x0000, 0x0000, 0x0000, 0x0000,
  0x0000, 0x0000, 0x0000, 0x0000, 0x0000, 0x0000, 0x0000, 0x0000, 0x0000, 0x0000, 0x0000, 0x0000,
  0x0000, 0x0000, 0x0000, 0x0000, 0x0000, 0x0000, 0x0000, 0x0000, 0x0000, 0x0000, 0x0000, 0x0000,
  0x0000, 0x0000, 0x0000, 0x0000, 0x0000, 0x0000, 0x0000, 0x0000, 0x0000, 0x0000, 0x0000, 0x0000,
  0x0000, 0x0000, 0x0000, 0x0000, 0x0000, 0x0000, 0x0000, 0x0000, 0x0000, 0x0000, 0x0000, 0x0000,
  0x0000, 0x0000, 0x0000, 0x0000, 0x0000, 0x0000, 0x0000, 0x0000, 0x0000, 0x0000, 0x0000, 0x0000,
  0x0000, 0x0000, 0x0000, 0x0000, 0x0000, 0x0000, 0x0000, 0x0000, 0x0000, 0x0000, 0x0000, 0x0000,
  0x0000, 0x0000, 0x0000, 0x0000, 0x0000, 0x0000, 0x0000, 0x0000, 0x0000, 0x0000, 0x0000, 0x0000,
  0x0000, 0x0000, 0x0000, 0x0000, 0x0000, 0x0000, 0x0000, 0x0000, 0x0000, 0x0000, 0x0000, 0x0000,
  0x0000, 0x0000, 0x0000, 0x0000, 0x0000, 0x0000, 0x0000, 0x0000, 0x0000, 0x0000, 0x0000, 0x0000,
  0x0000, 0x0000, 0x0000, 0x0000, 0x0000, 0x0000, 0x0000, 0x0000, 0x0000, 0x0000, 0x0000, 0x0000,
  0x0000, 0x0000, 0x0000, 0x0000, 0x0000, 0x0000, 0x0000, 0x0000, 0x0000, 0x0000, 0x0000, 0x0000,
  0x0000, 0x0000, 0x0000, 0x0000, 0x0000, 0x0000, 0x0000, 0x0000, 0x0000, 0x0000, 0x0000, 0x0000,
  0x0000, 0x0000, 0x0000, 0x0000, 0x0000, 0x0000, 0x0000, 0x0000, 0x0000, 0x0000, 0x0000, 0x0000,
  0x0000, 0x0000, 0x0000, 0x0000, 0x0000, 0x0000, 0x0000, 0x0000, 0x0000, 0x0000, 0x0000, 0x0000,
  0x0000, 0x0000, 0x0000, 0x0000, 0x0000, 0x0000, 0x0000, 0x0000, 0x0000, 0x0000, 0x0000, 0x0000,
  0x0000, 0x0000, 0x0000, 0x0000, 0x0000, 0x0000, 0x0000, 0x0000, 0x0000, 0x0000, 0x0000, 0x0000,
  0x0000, 0x0000, 0x0000, 0x0000, 0x0000, 0x0000, 0x0000, 0x0000, 0x0000, 0x0000, 0x0000, 0x0000,
  0x0000, 0x0000, 0x0000, 0x0000, 0x0000, 0x0000, 0x0000, 0x0000, 0x0000, 0x0000, 0x0000, 0x0000,
  0x0000, 0x0000, 0x0000, 0x0000, 0x0000, 0x0000, 0x0000, 0x0000, 0x0000, 0x0000, 0x0000, 0x0000,
  0x0000, 0x0000, 0x0000, 0x0000, 0x0000, 0x0000, 0x0000, 0x0000, 0x0000, 0x0000, 0x0000, 0x0000,
  0x0000, 0x0000, 0x0000, 0x0000, 0x0000, 0x0000, 0x0000, 0x0000, 0x0000, 0x0000, 0x0000, 0x0000,
  0x0000, 0x0000, 0x0000, 0x0000, 0x0000, 0x0000, 0x0000, 0x0000, 0x0000, 0x0000, 0x0000, 0x0000,
  0x0000, 0x0000, 0x0000, 0x0000, 0x0000, 0x0000, 0x0000, 0x0000, 0x0000, 0x0000, 0x0000, 0x0000,
  0x0000, 0x0000, 0x0000, 0x0000, 0x0000, 0x0000, 0x0000, 0x0000, 0x0000, 0x0000, 0x0000, 0x0000,
  0x0000, 0x0000, 0x0000, 0x0000, 0x0000, 0x0000, 0x0000, 0x0000, 0x0000, 0x0000, 0x0000, 0x0000,
  0x0000, 0x0000, 0x0000, 0x0000, 0x0000, 0x0000, 0x0000, 0x0000, 0x0000, 0x0000, 0x0000, 0x0000,
  0x0000, 0x0000, 0x0000, 0x0000, 0x0000, 0x0000, 0x0000, 0x0000, 0x0000, 0x0000, 0x0000, 0x0000,
  0x0000, 0x0000, 0x0000, 0x0000, 0x0000, 0x0000, 0x0000, 0x0000, 0x0000, 0x0000, 0x0000, 0x0000,
  0x0000, 0x0000, 0x0000, 0x0000, 0x0000, 0x0000, 0x0000, 0x0000, 0x0000, 0x0000, 0x0000, 0x0000,
  0x0000, 0x0000, 0x0000, 0x0000, 0x0000, 0x0000, 0x0000, 0x0000, 0x0000, 0x0000, 0x0000, 0x0000,
  0x0000, 0x0000, 0x0000, 0x0000, 0x0000, 0x0000, 0x0000, 0x0000, 0x0000, 0x0000, 0x0000, 0x0000,
  0x0000, 0x0000, 0x0000, 0x0000, 0x0000, 0x0000, 0x0000, 0x0000, 0x0000, 0x0000, 0x0000, 0x0000,
  0x0000, 0x0000, 0x0000, 0x0000, 0x0000, 0x0000, 0x0000, 0x0000, 0x0000, 0x0000, 0x0000, 0x0000,
  0x0000, 0x0000, 0x0000, 0x0000, 0x0000, 0x0000, 0x0000, 0x0000, 0x0000, 0x0000, 0x0000, 0x0000,
  0x0000, 0x0000, 0x0000, 0x0000, 0x0000, 0x0000, 0x0000, 0x0000, 0x0000, 0x0000, 0x0000, 0x0000,
  0x0000, 0x0000, 0x0000, 0x0000, 0x0000, 0x0000, 0x0000, 0x0000, 0x0000, 0x0000, 0x0000, 0x0000,
  0x0000, 0x0000, 0x0000, 0x0000, 0x0000, 0x0000, 0x0000, 0x0000, 0x0000, 0x0000, 0x0000, 0x0000,
  0x0000, 0x0000, 0x0000, 0x0000, 0x0000, 0x0000, 0x0000, 0x0000, 0x0000, 0x0000, 0x0000, 0x0000,
  0x0000, 0x0000, 0x0000, 0x0000, 0x0000, 0x0000, 0x0000, 0x0000, 0x0000, 0x0000, 0x0000, 0x0000,
  0x0000, 0x0000, 0x0000, 0x0000, 0x0000, 0x0000, 0x0000, 0x0000, 0x0000, 0x0000, 0x0000, 0x0000,
  0x0000, 0x0000, 0x0000, 0x0000, 0x0000, 0x0000, 0x0000, 0x0000, 0x0000, 0x0000, 0x0000, 0x0000,
  0x0000, 0x0000, 0x0000, 0x0000, 0x0000, 0x0000, 0x0000, 0x0000, 0x0000, 0x0000, 0x0000, 0x0000,
  0x0000, 0x0000, 0x0000, 0x0000, 0x0000, 0x0000, 0x0000, 0x0000, 0x0000, 0x0000, 0x0000, 0x0000,
  0x0000, 0x0000, 0x0000, 0x0000, 0x0000, 0x0000, 0x0000, 0x0000, 0x0000, 0x0000, 0x0000, 0x0000,
  0x0000, 0x0000, 0x0000, 0x0000, 0x0000, 0x0000, 0x0000, 0x0000, 0x0000, 0x0000, 0x0000, 0x0000,
  0x0000, 0x0000, 0x0000, 0x0000, 0x0000, 0x0000, 0x0000, 0x0000, 0x0000, 0x0000, 0x0000, 0x0000,
  0x0000, 0x0000, 0x0000, 0x0000, 0x0000, 0x0000, 0x0000, 0x0000, 0x0000, 0x0000, 0x0000, 0x0000,
  0x0000, 0x0000, 0x0000, 0x0000, 0x0000, 0x0000, 0x0000, 0x0000, 0x0000, 0x0000, 0x0000, 0x0000,
  0x0000, 0x0000, 0x0000, 0x0000, 0x0000, 0x0000, 0x0000, 0x0000, 0x0000, 0x0000, 0x0000, 0x0000,
  0x0000, 0x0000, 0x0000, 0x0000, 0x0000, 0x0000, 0x0000, 0x0000, 0x0000, 0x0000, 0x0000, 0x0000,
  0x0000, 0x0000, 0x0000, 0x0000, 0x0000, 0x0000, 0x0000, 0x0000, 0x0000, 0x0000, 0x0000, 0x0000,
  0x0000, 0x0000, 0x0000, 0x0000, 0x0000, 0x0000, 0x0000, 0x0000, 0x0000, 0x0000, 0x0000, 0x0000,
  0x0000, 0x0000, 0x0000, 0x0000, 0x0000, 0x0000, 0x0000, 0x0000, 0x0000, 0x0000, 0x0000, 0x0000,
  0x0000, 0x0000, 0x0000, 0x0000, 0x0000, 0x0000, 0x0000, 0x0000, 0x0000, 0x0000, 0x0000, 0x0000,
  0x0000, 0x0000, 0x0000, 0x0000, 0x0000, 0x0000, 0x0000, 0x0000, 0x0000, 0x0000, 0x0000, 0x0000,
  0x0000, 0x0000, 0x0000, 0x0000, 0x0000, 0x0000, 0x0000, 0x0000, 0x0000, 0x0000, 0x0000, 0x0000,
  0x0000, 0x0000, 0x0000, 0x0000, 0x0000, 0x0000, 0x0000, 0x0000, 0x0000, 0x0000, 0x0000, 0x0000,
  0x0000, 0x0000, 0x0000, 0x0000, 0x0000, 0x0000, 0x0000, 0x0000, 0x0000, 0x0000, 0x0000, 0x0000,
  0x0000, 0x0000, 0x0000, 0x0000, 0x0000, 0x0000, 0x0000, 0x0000, 0x0000, 0x0000, 0x0000, 0x0000,
  0x0000, 0x0000, 0x0000, 0x0000, 0x0000, 0x0000, 0x0000, 0x0000, 0x0000, 0x0000, 0x0000, 0x0000,
  0x0000, 0x0000, 0x0000, 0x0000, 0x0000, 0x0000, 0x0000, 0x0000, 0x0000, 0x0000, 0x0000, 0x0000,
  0x0000, 0x0000, 0x0000, 0x0000, 0x0000, 0x0000, 0x0000, 0x0000, 0x0000, 0x0000, 0x0000, 0x0000,
  0x0000, 0x0000, 0x0000, 0x0000, 0x0000, 0x0000, 0x0000, 0x0000, 0x0000, 0x0000, 0x0000, 0x0000,
  0x0000, 0x0000, 0x0000, 0x0000, 0x0000, 0x0000, 0x0000, 0x0000, 0x0000, 0x0000, 0x0000, 0x0000,
  0x0000, 0x0000, 0x0000, 0x0000, 0x0000, 0x0000, 0x0000, 0x0000, 0x0000, 0x0000, 0x0000, 0x0000,
  0x0000, 0x0000, 0x0000, 0x0000, 0x0000, 0x0000, 0x0000, 0x0000, 0x0000, 0x0000, 0x0000, 0x0000,
  0x0000, 0x0000, 0x0000, 0x0000, 0x0000, 0x0000, 0x0000, 0x0000, 0x0000, 0x0000, 0x0000, 0x0000,
  0x0000, 0x0000, 0x0000, 0x0000, 0x0000, 0x0000, 0x0000, 0x0000, 0x0000, 0x0000, 0x0000, 0x0000,
  0x0000, 0x0000, 0x0000, 0x0000, 0x0000, 0x0000, 0x0000, 0x0000, 0x0000, 0x0000, 0x0000, 0x0000,
  0x0000, 0x0000, 0x0000, 0x0000, 0x0000, 0x0000, 0x0000, 0x0000, 0x0000, 0x0000, 0x0000, 0x0000,
  0x0000, 0x0000, 0x0000, 0x0000, 0x0000, 0x0000, 0x0000, 0x0000, 0x0000, 0x0000, 0x0000, 0x0000,
  0x0000, 0x0000, 0x0000, 0x0000, 0x0000, 0x0000, 0x0000, 0x0000, 0x0000, 0x0000, 0x0000, 0x0000,
  0x0000, 0x0000, 0x0000, 0x0000, 0x0000, 0x0000, 0x0000, 0x0000, 0x0000, 0x0000, 0x0000, 0x0000,
  0x0000, 0x0000, 0x0000, 0x0000, 0x0000, 0x0000, 0x0000, 0x0000, 0x0000, 0x0000, 0x0000, 0x0000,
  0x0000, 0x0000, 0x0000, 0x0000, 0x0000, 0x0000, 0x0000, 0x0000, 0x0000, 0x0000, 0x0000, 0x0000,
  0x0000, 0x0000, 0x0000, 0x0000, 0x0000, 0x0000, 0x0000, 0x0000, 0x0000, 0x0000, 0x0000, 0x0000,
  0x0000, 0x0000, 0x0000, 0x0000, 0x0000, 0x0000, 0x0000, 0x0000, 0x0000, 0x0000, 0x0000, 0x0000,
  0x0000, 0x0000, 0x0000, 0x0000, 0x0000, 0x0000, 0x0000, 0x0000, 0x0000, 0x0000, 0x0000, 0x0000,
  0x0000, 0x0000, 0x0000, 0x0000, 0x0000, 0x0000, 0x0000, 0x0000, 0x0000, 0x0000, 0x0000, 0x0000,
  0x0000, 0x0000, 0x0000, 0x0000, 0x0000, 0x0000, 0x0000, 0x0000, 0x0000, 0x0000, 0x0000, 0x0000,
  0x0000, 0x0000, 0x0000, 0x0000, 0x0000, 0x0000, 0x0000, 0x0000, 0x0000, 0x0000, 0x0000, 0x0000,
  0x0000, 0x0000, 0x0000, 0x0000, 0x0000, 0x0000, 0x0000, 0x0000, 0x0000, 0x0000, 0x0000, 0x0000,
  0x0000, 0x0000, 0x0000, 0x0000, 0x0000, 0x0000, 0x0000, 0x0000, 0x0000, 0x0000, 0x0000, 0x0000,
  0x0000, 0x0000, 0x0000, 0x0000, 0x0000, 0x0000, 0x0000, 0x0000, 0x0000, 0x0000, 0x0000, 0x0000,
  0x0000, 0x0000, 0x0000, 0x0000, 0x0000, 0x0000, 0x0000, 0x0000, 0x0000, 0x0000, 0x0000, 0x0000,
  0x0000, 0x0000, 0x0000, 0x0000, 0x0000, 0x0000, 0x0000, 0x0000, 0x0000, 0x0000, 0x0000, 0x0000,
  0x0000, 0x0000, 0x0000, 0x0000, 0x0000, 0x0000, 0x0000, 0x0000, 0x0000, 0x0000, 0x0000, 0x0000,
  0x0000, 0x0000, 0x0000, 0x0000, 0x0000, 0x0000, 0x0000, 0x0000, 0x0000, 0x0000, 0x0000, 0x0000,
  0x0000, 0x0000, 0x0000, 0x0000, 0x0000, 0x0000, 0x0000, 0x0000, 0x0000, 0x0000, 0x0000, 0x0000,
  0x0000, 0x0000, 0x0000, 0x0000, 0x0000, 0x0000, 0x0000, 0x0000, 0x0000, 0x0000, 0x0000, 0x0000,
  0x0000, 0x0000, 0x0000, 0x0000, 0x0000, 0x0000, 0x0000, 0x0000, 0x0000, 0x0000, 0x0000, 0x0000,
  0x0000, 0x0000, 0x0000, 0x0000, 0x0000, 0x0000, 0x0000, 0x0000, 0x0000, 0x0000, 0x0000, 0x0000,
  0x0000, 0x0000, 0x0000, 0x0000, 0x0000, 0x0000, 0x0000, 0x0000, 0x0000, 0x0000, 0x0000, 0x0000,
  0x0000, 0x0000, 0x0000, 0x0000, 0x0000, 0x0000, 0x0000, 0x0000, 0x0000, 0x0000, 0x0000, 0x0000,
  0x0000, 0x0000, 0x0000, 0x0000, 0x0000, 0x0000, 0x0000, 0x0000, 0x0000, 0x0000, 0x0000, 0x0000,
  0x0000, 0x0000, 0x0000, 0x0000, 0x0000, 0x0000, 0x0000, 0x0000, 0x0000, 0x0000, 0x0000, 0x0000,
  0x0000, 0x0000, 0x0000, 0x0000, 0x0000, 0x0000, 0x0000, 0x0000, 0x0000, 0x0000, 0x0000, 0x0000,
  0x0000, 0x0000, 0x0000, 0x0000, 0x0000, 0x0000, 0x0000, 0x0000, 0x0000, 0x0000, 0x0000, 0x0000,
  0x0000, 0x0000, 0x0000, 0x0000, 0x0000, 0x0000, 0x0000, 0x0000, 0x0000, 0x0000, 0x0000, 0x0000,
  0x0000, 0x0000, 0x0000, 0x0000, 0x0000, 0x0000, 0x0000, 0x0000, 0x0000, 0x0000, 0x0000, 0x0000,
  0x0000, 0x0000, 0x0000, 0x0000, 0x0000, 0x0000, 0x0000, 0x0000, 0x0000, 0x0000, 0x0000, 0x0000,
  0x0000, 0x0000, 0x0000, 0x0000, 0x0000, 0x0000, 0x0000, 0x0000, 0x0000, 0x0000, 0x0000, 0x0000,
  0x0000, 0x0000, 0x0000, 0x0000, 0x0000, 0x0000, 0x0000, 0x0000, 0x0000, 0x0000, 0x0000, 0x0000,
  0x0000, 0x0000, 0x0000, 0x0000, 0x0000, 0x0000, 0x0000, 0x0000, 0x0000, 0x0000, 0x0000, 0x0000,
  0x0000, 0x0000, 0x0000, 0x0000, 0x0000, 0x0000, 0x0000, 0x0000, 0x0000, 0x0000, 0x0000, 0x0000,
  0x0000, 0x0000, 0x0000, 0x0000, 0x0000, 0x0000, 0x0000, 0x0000, 0x0000, 0x0000, 0x0000, 0x0000,
  0x0000, 0x0000, 0x0000, 0x0000, 0x0000, 0x0000, 0x0000, 0x0000, 0x0000, 0x0000, 0x0000, 0x0000,
  0x0000, 0x0000, 0x0000, 0x0000, 0x0000, 0x0000, 0x0000, 0x0000, 0x0000, 0x0000, 0x0000, 0x0000,
  0x0000, 0x0000, 0x0000, 0x0000, 0x0000, 0x0000, 0x0000, 0x0000, 0x0000, 0x0000, 0x0000, 0x0000,
  0x0000, 0x0000, 0x0000, 0x0000, 0x0000, 0x0000, 0x0000, 0x0000, 0x0000, 0x0000, 0x0000, 0x0000,
  0x0000, 0x0000, 0x0000, 0x0000, 0x0000, 0x0000, 0x0000, 0x0000, 0x0000, 0x0000, 0x0000, 0x0000,
  0x0000, 0x0000, 0x0000, 0x0000, 0x0000, 0x0000, 0x0000, 0x0000, 0x0000, 0x0000, 0x0000, 0x0000,
  0x0000, 0x0000, 0x0000, 0x0000, 0x0000, 0x0000, 0x0000, 0x0000, 0x0000, 0x0000, 0x0000, 0x0000,
  0x0000, 0x0000, 0x0000, 0x0000, 0x0000, 0x0000, 0x0000, 0x0000, 0x0000, 0x0000, 0x0000, 0x0000,
  0x0000, 0x0000, 0x0000, 0x0000, 0x0000, 0x0000, 0x0000, 0x0000, 0x0000, 0x0000, 0x0000, 0x0000,
  0x0000, 0x0000, 0x0000, 0x0000, 0x0000, 0x0000, 0x0000, 0x0000, 0x0000, 0x0000, 0x0000, 0x0000,
  0x0000, 0x0000, 0x0000, 0x0000, 0x0000, 0x0000, 0x0000, 0x0000, 0x0000, 0x0000, 0x0000, 0x0000,
  0x0000, 0x0000, 0x0000, 0x0000, 0x0000, 0x0000, 0x0000, 0x0000, 0x0000, 0x0000, 0x0000, 0x0000,
  0x0000, 0x0000, 0x0000, 0x0000, 0x0000, 0x0000, 0x0000, 0x0000, 0x0000, 0x0000, 0x0000, 0x0000,
  0x0000, 0x0000, 0x0000, 0x0000, 0x0000, 0x0000, 0x0000, 0x0000, 0x0000, 0x0000, 0x0000, 0x0000,
  0x0000, 0x0000, 0x0000, 0x0000, 0x0000, 0x0000, 0x0000, 0x0000, 0x0000, 0x0000, 0x0000, 0x0000,
  0x0000, 0x0000, 0x0000, 0x0000, 0x0000, 0x0000, 0x0000, 0x0000, 0x0000, 0x0000, 0x0000, 0x0000,
  0x0000, 0x0000, 0x0000, 0x0000, 0x0000, 0x0000, 0x0000, 0x0000, 0x0000, 0x0000, 0x0000, 0x0000,
  0x0000, 0x0000, 0x0000, 0x0000, 0x0000, 0x0000, 0x0000, 0x0000, 0x0000, 0x0000, 0x0000, 0x0000,
  0x0000, 0x0000, 0x0000, 0x0000, 0x0000, 0x0000, 0x0000, 0x0000, 0x0000, 0x0000, 0x0000, 0x0000,
  0x0000, 0x0000, 0x0000, 0x0000, 0x0000, 0x0000, 0x0000, 0x0000, 0x0000, 0x0000, 0x0000, 0x0000,
  0x0000, 0x0000, 0x0000, 0x0000, 0x0000, 0x0000, 0x0000, 0x0000, 0x0000, 0x0000, 0x0000, 0x0000,
  0x0000, 0x0000, 0x0000, 0x0000, 0x0000, 0x0000, 0x0000, 0x0000, 0x0000, 0x0000, 0x0000, 0x0000,
  0x0000, 0x0000, 0x0000, 0x0000, 0x0000, 0x0000, 0x0000, 0x0000, 0x0000, 0x0000, 0x0000, 0x0000,
  0x0000, 0x0000, 0x0000, 0x0000, 0x0000, 0x0000, 0x0000, 0x0000, 0x0000, 0x0000, 0x0000, 0x0000,
  0x0000, 0x0000, 0x0000, 0x0000, 0x0000, 0x0000, 0x0000, 0x0000, 0x0000, 0x0000, 0x0000, 0x0000,
  0x0000, 0x0000, 0x0000, 0x0000, 0x0000, 0x0000, 0x0000, 0x0000, 0x0000, 0x0000, 0x0000, 0x0000,
  0x0000, 0x0000, 0x0000, 0x0000, 0x0000, 0x0000, 0x0000, 0x0000, 0x0000, 0x0000, 0x0000, 0x0000,
  0x0000, 0x0000, 0x0000, 0x0000, 0x0000, 0x0000, 0x0000, 0x0000, 0x0000, 0x0000, 0x0000, 0x0000,
  0x0000, 0x0000, 0x0000, 0x0000, 0x0000, 0x0000, 0x0000, 0x0000, 0x0000, 0x0000, 0x0000, 0x0000,
  0x0000, 0x0000, 0x0000, 0x0000, 0x0000, 0x0000, 0x0000, 0x0000, 0x0000, 0x0000, 0x0000, 0x0000,
  0x0000, 0x0000, 0x0000, 0x0000, 0x0000, 0x0000, 0x0000, 0x0000, 0x0000, 0x0000, 0x0000, 0x0000,
  0x0000, 0x0000, 0x0000, 0x0000, 0x0000, 0x0000, 0x0000, 0x0000, 0x0000, 0x0000, 0x0000, 0x0000,
  0x0000, 0x0000, 0x0000, 0x0000, 0x0000, 0x0000, 0x0000, 0x0000, 0x0000, 0x0000, 0x0000, 0x0000,
  0x0000, 0x0000, 0x0000, 0x0000, 0x0000, 0x0000, 0x0000, 0x0000, 0x0000, 0x0000, 0x0000, 0x0000,
  0x0000, 0x0000, 0x0000, 0x0000, 0x0000, 0x0000, 0x0000, 0x0000, 0x0000, 0x0000, 0x0000, 0x0000,
  0x0000, 0x0000, 0x0000, 0x0000, 0x0000, 0x0000, 0x0000, 0x0000, 0x0000, 0x0000, 0x0000, 0x0000,
  0x0000, 0x0000, 0x0000, 0x0000, 0x0000, 0x0000, 0x0000, 0x0000, 0x0000, 0x0000, 0x0000, 0x0000,
  0x0000, 0x0000, 0x0000, 0x0000, 0x0000, 0x0000, 0x0000, 0x0000, 0x0000, 0x0000, 0x0000, 0x0000,
  0x0000, 0x0000, 0x0000, 0x0000, 0x0000, 0x0000, 0x0000, 0x0000, 0x0000, 0x0000, 0x0000, 0x0000,
  0x0000, 0x0000, 0x0000, 0x0000, 0x0000, 0x0000, 0x0000, 0x0000, 0x0000, 0x0000, 0x0000, 0x0000,
  0x0000, 0x0000, 0x0000, 0x0000, 0x0000, 0x0000, 0x0000, 0x0000, 0x0000, 0x0000, 0x0000, 0x0000,
  0x0000, 0x0000, 0x0000, 0x0000, 0x0000, 0x0000, 0x0000, 0x0000, 0x0000, 0x0000, 0x0000, 0x0000,
  0x0000, 0x0000, 0x0000, 0x0000, 0x0000, 0x0000, 0x0000, 0x0000, 0x0000, 0x0000, 0x0000, 0x0000,
  0x0000, 0x0000, 0x0000, 0x0000, 0x0000, 0x0000, 0x0000, 0x0000, 0x0000, 0x0000, 0x0000, 0x0000,
  0x0000, 0x0000, 0x0000, 0x0000, 0x0000, 0x0000, 0x0000, 0x0000, 0x0000, 0x0000, 0x0000, 0x0000,
  0x0000, 0x0000, 0x0000, 0x0000, 0x0000, 0x0000, 0x0000, 0x0000, 0x0000, 0x0000, 0x0000, 0x0000,
  0x0000, 0x0000, 0x0000, 0x0000, 0x0000, 0x0000, 0x0000, 0x0000, 0x0000, 0x0000, 0x0000, 0x0000,
  0x0000, 0x0000, 0x0000, 0x0000, 0x0000, 0x0000, 0x0000, 0x0000, 0x0000, 0x0000, 0x0000, 0x0000,
  0x0000, 0x0000, 0x0000, 0x0000, 0x0000, 0x0000, 0x0000, 0x0000, 0x0000, 0x0000, 0x0000, 0x0000,
  0x0000, 0x0000, 0x0000, 0x0000, 0x0000, 0x0000, 0x0000, 0x0000, 0x0000, 0x0000, 0x0000, 0x0000,
  0x0000, 0x0000, 0x0000, 0x0000, 0x0000, 0x0000, 0x0000, 0x0000, 0x0000, 0x0000, 0x0000, 0x0000,
  0x0000, 0x0000, 0x0000, 0x0000, 0x0000, 0x0000, 0x0000, 0x0000, 0x0000, 0x0000, 0x0000, 0x0000,
  0x0000, 0x0000, 0x0000, 0x0000, 0x0000, 0x0000, 0x0000, 0x0000, 0x0000, 0x0000, 0x0000, 0x0000,
  0x0000, 0x0000, 0x0000, 0x0000, 0x0000, 0x0000, 0x0000, 0x0000, 0x0000, 0x0000, 0x0000, 0x0000,
  0x0000, 0x0000, 0x0000, 0x0000, 0x0000, 0x0000, 0x0000, 0x0000, 0x0000, 0x0000, 0x0000, 0x0000,
  0x0000, 0x0000, 0x0000, 0x0000, 0x0000, 0x0000, 0x0000, 0x0000, 0x0000, 0x0000, 0x0000, 0x0000,
  0x0000, 0x0000, 0x0000, 0x0000, 0x0000, 0x0000, 0x0000, 0x0000, 0x0000, 0x0000, 0x0000, 0x0000,
  0x0000, 0x0000, 0x0000, 0x0000, 0x0000, 0x0000, 0x0000, 0x0000, 0x0000, 0x0000, 0x0000, 0x0000,
  0x0000, 0x0000, 0x0000, 0x0000, 0x0000, 0x0000, 0x0000, 0x0000, 0x0000, 0x0000, 0x0000, 0x0000,
  0x0000, 0x0000, 0x0000, 0x0000, 0x0000, 0x0000, 0x0000, 0x0000, 0x0000, 0x0000, 0x0000, 0x0000,
  0x0000, 0x0000, 0x0000, 0x0000, 0x0000, 0x0000, 0x0000, 0x0000, 0x0000, 0x0000, 0x0000, 0x0000,
  0x0000, 0x0000, 0x0000, 0x0000, 0x0000, 0x0000, 0x0000, 0x0000, 0x0000, 0x0000, 0x0000, 0x0000,
  0x0000, 0x0000, 0x0000, 0x0000, 0x0000, 0x0000, 0x0000, 0x0000, 0x0000, 0x0000, 0x0000, 0x0000,
  0x0000, 0x0000, 0x0000, 0x0000, 0x0000, 0x0000, 0x0000, 0x0000, 0x0000, 0x0000, 0x0000, 0x0000,
  0x0000, 0x0000, 0x0000, 0x0000, 0x0000, 0x0000, 0x0000, 0x0000, 0x0000, 0x0000, 0x0000, 0x0000,
  0x0000, 0x0000, 0x0000, 0x0000, 0x0000, 0x0000, 0x0000, 0x0000, 0x0000, 0x0000, 0x0000, 0x0000,
  0x0000, 0x0000, 0x0000, 0x0000, 0x0000, 0x0000, 0x0000, 0x0000, 0x0000, 0x0000, 0x0000, 0x0000,
  0x0000, 0x0000, 0x0000, 0x0000, 0x0000, 0x0000, 0x0000, 0x0000, 0x0000, 0x0000, 0x0000, 0x0000,
  0x0000, 0x0000, 0x0000, 0x0000, 0x0000, 0x0000, 0x0000, 0x0000, 0x0000, 0x0000, 0x0000, 0x0000,
  0x0000, 0x0000, 0x0000, 0x0000, 0x0000, 0x0000, 0x0000, 0x0000, 0x0000, 0x0000, 0x0000, 0x0000,
  0x0000, 0x0000, 0x0000, 0x0000, 0x0000, 0x0000, 0x0000, 0x0000, 0x0000, 0x0000, 0x0000, 0x0000,
  0x0000, 0x0000, 0x0000, 0x0000, 0x0000, 0x0000, 0x0000, 0x0000, 0x0000, 0x0000, 0x0000, 0x0000,
  0x0000, 0x0000, 0x0000, 0x0000, 0x0000, 0x0000, 0x0000, 0x0000, 0x0000, 0x0000, 0x0000, 0x0000,
  0x0000, 0x0000, 0x0000, 0x0000, 0x0000, 0x0000, 0x0000, 0x0000, 0x0000, 0x0000, 0x0000, 0x0000,
  0x0000, 0x0000, 0x0000, 0x0000, 0x0000, 0x0000, 0x0000, 0x0000, 0x0000, 0x0000, 0x0000, 0x0000,
  0x0000, 0x0000, 0x0000, 0x0000, 0x0000, 0x0000, 0x0000, 0x0000, 0x0000, 0x0000, 0x0000, 0x0000,
  0x0000, 0x0000, 0x0000, 0x0000, 0x0000, 0x0000, 0x0000, 0x0000, 0x0000, 0x0000, 0x0000, 0x0000,
  0x0000, 0x0000, 0x0000, 0x0000, 0x0000, 0x0000, 0x0000, 0x0000, 0x0000, 0x0000, 0x0000, 0x0000,
  0x0000, 0x0000, 0x0000, 0x0000, 0x0000, 0x0000, 0x0000, 0x0000, 0x0000, 0x0000, 0x0000, 0x0000,
  0x0000, 0x0000, 0x0000, 0x0000, 0x0000, 0x0000, 0x0000, 0x0000, 0x0000, 0x0000, 0x0000, 0x0000,
  0x0000, 0x0000, 0x0000, 0x0000, 0x0000, 0x0000, 0x0000, 0x0000, 0x0000, 0x0000, 0x0000, 0x0000,
  0x0000, 0x0000, 0x0000, 0x0000, 0x0000, 0x0000, 0x0000, 0x0000, 0x0000, 0x0000, 0x0000, 0x0000,
  0x0000, 0x0000, 0x0000, 0x0000, 0x0000, 0x0000, 0x0000, 0x0000, 0x0000, 0x0000, 0x0000, 0x0000,
  0x0000, 0x0000, 0x0000, 0x0000, 0x0000, 0x0000, 0x0000, 0x0000, 0x0000, 0x0000, 0x0000, 0x0000,
  0x0000, 0x0000, 0x0000, 0x0000, 0x0000, 0x0000, 0x0000, 0x0000, 0x0000, 0x0000, 0x0000, 0x0000,
  0x0000, 0x0000, 0x0000, 0x0000, 0x0000, 0x0000, 0x0000, 0x0000, 0x0000, 0x0000, 0x0000, 0x0000,
  0x0000, 0x0000, 0x0000, 0x0000, 0x0000, 0x0000, 0x0000, 0x0000, 0x0000, 0x0000, 0x0000, 0x0000,
  0x0000, 0x0000, 0x0000, 0x0000, 0x0000, 0x0000, 0x0000, 0x0000, 0x0000, 0x0000, 0x0000, 0x0000,
  0x0000, 0x0000, 0x0000, 0x0000, 0x0000, 0x0000, 0x0000, 0x0000, 0x0000, 0x0000, 0x0000, 0x0000,
  0x0000, 0x0000, 0x0000, 0x0000, 0x0000, 0x0000, 0x0000, 0x0000, 0x0000, 0x0000, 0x0000, 0x0000,
  0x0000, 0x0000, 0x0000, 0x0000, 0x0000, 0x0000, 0x0000, 0x0000, 0x0000, 0x0000, 0x0000, 0x0000,
  0x0000, 0x0000, 0x0000, 0x0000, 0x0000, 0x0000, 0x0000, 0x0000, 0x0000, 0x0000, 0x0000, 0x0000,
  0x0000, 0x0000, 0x0000, 0x0000, 0x0000, 0x0000, 0x0000, 0x0000, 0x0000, 0x0000, 0x0000, 0x0000,
  0x0000, 0x0000, 0x0000, 0x0000, 0x0000, 0x0000, 0x0000, 0x0000, 0x0000, 0x0000, 0x0000, 0x0000,
  0x0000, 0x0000, 0x0000, 0x0000, 0x0000, 0x0000, 0x0000, 0x0000, 0x0000, 0x0000, 0x0000, 0x0000,
  0x0000, 0x0000, 0x0000, 0x0000, 0x0000, 0x0000, 0x0000, 0x0000, 0x0000, 0x0000, 0x0000, 0x0000,
  0x0000, 0x0000, 0x0000, 0x0000, 0x0000, 0x0000, 0x0000, 0x0000, 0x0000, 0x0000, 0x0000, 0x0000,
  0x0000, 0x0000, 0x0000, 0x0000, 0x0000, 0x0000, 0x0000, 0x0000, 0x0000, 0x0000, 0x0000, 0x0000,
  0x0000, 0x0000, 0x0000, 0x0000, 0x0000, 0x0000, 0x0000, 0x0000, 0x0000, 0x0000, 0x0000, 0x0000,
  0x0000, 0x0000, 0x0000, 0x0000, 0x0000, 0x0000, 0x0000, 0x0000, 0x0000, 0x0000, 0x0000, 0x0000,
  0x0000, 0x0000, 0x0000, 0x0000, 0x0000, 0x0000, 0x0000, 0x0000, 0x0000, 0x0000, 0x0000, 0x0000,
  0x0000, 0x0000, 0x0000, 0x0000, 0x0000, 0x0000, 0x0000, 0x0000, 0x0000, 0x0000, 0x0000, 0x0000,
  0x0000, 0x0000, 0x0000, 0x0000, 0x0000, 0x0000, 0x0000, 0x0000, 0x0000, 0x0000, 0x0000, 0x0000,
  0x0000, 0x0000, 0x0000, 0x0000, 0x0000, 0x0000, 0x0000, 0x0000, 0x0000, 0x0000, 0x0000, 0x0000,
  0x0000, 0x0000, 0x0000, 0x0000, 0x0000, 0x0000, 0x0000, 0x0000, 0x0000, 0x0000, 0x0000, 0x0000,
  0x0000, 0x0000, 0x0000, 0x0000, 0x0000, 0x0000, 0x0000, 0x0000, 0x0000, 0x0000, 0x0000, 0x0000,
  0x0000, 0x0000, 0x0000, 0x0000, 0x0000, 0x0000, 0x0000, 0x0000, 0x0000, 0x0000, 0x0000, 0x0000,
  0x0000, 0x0000, 0x0000, 0x0000, 0x0000, 0x0000, 0x0000, 0x0000, 0x0000, 0x0000, 0x0000, 0x0000,
  0x0000, 0x0000, 0x0000, 0x0000, 0x0000, 0x0000, 0x0000, 0x0000, 0x0000, 0x0000, 0x0000, 0x0000,
  0x0000, 0x0000, 0x0000, 0x0000, 0x0000, 0x0000, 0x0000, 0x0000, 0x0000, 0x0000, 0x0000, 0x0000,
  0x0000, 0x0000, 0x0000, 0x0000, 0x0000, 0x0000, 0x0000, 0x0000, 0x0000, 0x0000, 0x0000, 0x0000,
  0x0000, 0x0000, 0x0000, 0x0000, 0x0000, 0x0000, 0x0000, 0x0000, 0x0000, 0x0000, 0x0000, 0x0000,
  0x0000, 0x0000, 0x0000, 0x0000, 0x0000, 0x0000, 0x0000, 0x0000, 0x0000, 0x0000, 0x0000, 0x0000,
  0x0000, 0x0000, 0x0000, 0x0000, 0x0000, 0x0000, 0x0000, 0x0000, 0x0000, 0x0000, 0x0000, 0x0000,
  0x0000, 0x0000, 0x0000, 0x0000, 0x0000, 0x0000, 0x0000, 0x0000, 0x0000, 0x0000, 0x0000, 0x0000,
  0x0000, 0x0000, 0x0000, 0x0000, 0x0000, 0x0000, 0x0000, 0x0000, 0x0000, 0x0000, 0x0000, 0x0000,
  0x0000, 0x0000, 0x0000, 0x0000, 0x0000, 0x0000, 0x0000, 0x0000, 0x0000, 0x0000, 0x0000, 0x0000,
  0x0000, 0xAB47, 0x92C6, 0x92E6, 0x9AE6, 0x92C6, 0x92E6, 0x92E6, 0x0020, 0x0000, 0x0000, 0x0000,
  0x0000, 0x0000, 0x0000, 0x0000, 0x0000, 0x0000, 0x0000, 0x0000, 0x0000, 0x0000, 0x0000, 0x0000,
  0x0000, 0x0000, 0x0000, 0x0000, 0x0000, 0x0000, 0x0000, 0x0000, 0x0000, 0x0000, 0x0000, 0x0000,
  0x0000, 0x0000, 0x0000, 0x0000, 0x0000, 0x0000, 0x0000, 0x0000, 0x0000, 0x0000, 0x0000, 0x0000,
  0x0000, 0x0000, 0x0000, 0x0000, 0x0000, 0x0000, 0x0000, 0x0000, 0x0000, 0x0000, 0x0000, 0x0000,
  0x0000, 0x0000, 0x0000, 0x0000, 0x0000, 0x0000, 0x0000, 0x0000, 0x0000, 0x0000, 0x0000, 0x0000,
  0x0000, 0x0000, 0x0000, 0x0000, 0x0000, 0x0000, 0x0000, 0x0000, 0x0000, 0x0000, 0x0000, 0x0000,
  0x0000, 0x0000, 0x0000, 0x0000, 0x0000, 0x0000, 0x0000, 0x0000, 0x0000, 0x0000, 0x0000, 0x0000,
  0x0000, 0x0000, 0x0000, 0x0000, 0x0000, 0x0000, 0x0000, 0x0000, 0x0000, 0x0000, 0x0000, 0x0000,
  0x0000, 0x0000, 0x0000, 0x0000, 0x0000, 0x0000, 0x0000, 0x0000, 0x0000, 0x0000, 0x0000, 0x0000,
  0x0000, 0x0000, 0x0000, 0x0000, 0x0000, 0x0000, 0x0000, 0x0000, 0x0000, 0x0000, 0x0000, 0x0000,
  0x0000, 0x0000, 0x0000, 0x0000, 0x0000, 0x0000, 0x0000, 0x0000, 0x0000, 0x0000, 0x0000, 0x0000,
  0x0000, 0x0000, 0x0000, 0x0000, 0x0000, 0x0000, 0x0000, 0x0000, 0x0000, 0x0000, 0x0000, 0x0000,
  0x0000, 0x0000, 0x0000, 0x0000, 0x0000, 0x0000, 0x0000, 0x0000, 0x0000, 0x0000, 0x0000, 0x0000,
  0x0000, 0x0000, 0x0000, 0x0000, 0x0000, 0x0000, 0x0000, 0x0000, 0x0000, 0x0000, 0x0000, 0x0000,
  0x0000, 0x0000, 0x0000, 0x0000, 0x0000, 0x0000, 0x0000, 0x0000, 0x0000, 0x0000, 0x0000, 0x0000,
  0x0000, 0x0000, 0x0000, 0x0000, 0x0000, 0x0000, 0x0000, 0x0000, 0x0000, 0x0000, 0x0000, 0x0000,
  0x0000, 0x0000, 0x0000, 0x0000, 0x0000, 0x0000, 0x0000, 0x0000, 0x0000, 0x0000, 0x0000, 0x0000,
  0x0000, 0x0000, 0x0000, 0x0000, 0x0000, 0x0000, 0x0000, 0x0000, 0x0000, 0x0000, 0x0000, 0x0000,
  0x0000, 0x0000, 0x0000, 0x0000, 0x0000, 0x0000, 0x0000, 0x0000, 0x0000, 0x0000, 0x0000, 0x0000,
  0x0020, 0xB367, 0x92E6, 0x9AE6, 0x9B06, 0x92E6, 0x92E6, 0x92C6, 0x0000, 0x0000, 0x0000, 0x0000,
  0x0000, 0x0000, 0x0000, 0x0000, 0x0000, 0x0000, 0x0000, 0x0000, 0x0000, 0x0000, 0x0000, 0x0000,
  0x0000, 0x0000, 0x0000, 0x0000, 0x0000, 0x0000, 0x0000, 0x0000, 0x0000, 0x0000, 0x0000, 0x0000,
  0x0000, 0x0000, 0x0000, 0x0000, 0x0000, 0x0000, 0x0000, 0x0000, 0x0000, 0x0000, 0x0000, 0x0000,
  0x0000, 0x0000, 0x0000, 0x0000, 0x0000, 0x0000, 0x0000, 0x0000, 0x0000, 0x0000, 0x0000, 0x0000,
  0x0000, 0x0000, 0x0000, 0x0000, 0x0000, 0x0000, 0x0000, 0x0000, 0x0000, 0x0000, 0x0000, 0x0000,
  0x0000, 0x0000, 0x0000, 0x0000, 0x0000, 0x0000, 0x0000, 0x0000, 0x0000, 0x0000, 0x0000, 0x0000,
  0x0000, 0x0000, 0x0000, 0x0000, 0x0000, 0x0000, 0x0000, 0x0000, 0x0000, 0x0000, 0x0000, 0x0000,
  0x0000, 0x0000, 0x0000, 0x0000, 0x0000, 0x0000, 0x0000, 0x0000, 0x0000, 0x0000, 0x0000, 0x0000,
  0x0000, 0x0000, 0x0000, 0x0000, 0x0000, 0x0000, 0x0000, 0x0000, 0x0000, 0x0000, 0x0000, 0x0000,
  0x0000, 0x0000, 0x0000, 0x0000, 0x0000, 0x0000, 0x0000, 0x0000, 0x0000, 0x0000, 0x0000, 0x0000,
  0x0000, 0x0000, 0x0000, 0x0000, 0x0000, 0x0000, 0x0000, 0x0000, 0x0000, 0x0000, 0x0000, 0x0000,
  0x0000, 0x0000, 0x0000, 0x0000, 0x0000, 0x0000, 0x0000, 0x0000, 0x0000, 0x0000, 0x0000, 0x0000,
  0x0000, 0x0000, 0x0000, 0x0000, 0x0000, 0x0000, 0x0000, 0x0000, 0x0000, 0x0000, 0x0000, 0x0000,
  0x0000, 0x0000, 0x0000, 0x0000, 0x0000, 0x0000, 0x0000, 0x0000, 0x0000, 0x0000, 0x0000, 0x0000,
  0x0000, 0x0000, 0x0000, 0x0000, 0x0000, 0x0000, 0x0000, 0x0000, 0x0000, 0x0000, 0x0000, 0x0000,
  0x0000, 0x0000, 0x0000, 0x0000, 0x0000, 0x0000, 0x0000, 0x0000, 0x0000, 0x0000, 0x0000, 0x0000,
  0x0000, 0x0000, 0x0000, 0x0000, 0x0000, 0x0000, 0x0000, 0x0000, 0x0000, 0x0000, 0x0000, 0x0000,
  0x0000, 0x0000, 0x0000, 0x0000, 0x0000, 0x0000, 0x0000, 0x0000, 0x0000, 0x0000, 0x0000, 0x0000,
  0x0000, 0x0000, 0x0000, 0x0000, 0x0000, 0x0000, 0x0020, 0x0020, 0x0020, 0x0820, 0x0020, 0x0020,
  0x0820, 0xB387, 0x92E6, 0x92E6, 0x9AE6, 0x92E6, 0x9B06, 0x92C6, 0x0020, 0x0020, 0x0820, 0x0820,
  0x0020, 0x0000, 0x0000, 0x0000, 0x0000, 0x0000, 0x0000, 0x0000, 0x0000, 0x0000, 0x0000, 0x0000,
  0x0000, 0x0000, 0x0000, 0x0000, 0x0000, 0x0000, 0x0000, 0x0000, 0x0000, 0x0000, 0x0000, 0x0000,
  0x0000, 0x0000, 0x0000, 0x0000, 0x0000, 0x0000, 0x0000, 0x0000, 0x0000, 0x0000, 0x0000, 0x0000,
  0x0000, 0x0000, 0x0000, 0x0000, 0x0000, 0x0000, 0x0000, 0x0000, 0x0000, 0x0000, 0x0000, 0x0000,
  0x0000, 0x0000, 0x0000, 0x0000, 0x0000, 0x0000, 0x0000, 0x0000, 0x0000, 0x0000, 0x0000, 0x0000,
  0x0000, 0x0000, 0x0000, 0x0000, 0x0000, 0x0000, 0x0000, 0x0000, 0x0000, 0x0000, 0x0000, 0x0000,
  0x0000, 0x0000, 0x0000, 0x0000, 0x0000, 0x0000, 0x0000, 0x0000, 0x0000, 0x0000, 0x0000, 0x0000,
  0x0000, 0x0000, 0x0000, 0x0000, 0x0000, 0x0000, 0x0000, 0x0000, 0x0000, 0x0000, 0x0000, 0x0000,
  0x0000, 0x0000, 0x0000, 0x0000, 0x0000, 0x0000, 0x0000, 0x0000, 0x0000, 0x0000, 0x0000, 0x0000,
  0x0000, 0x0000, 0x0000, 0x0000, 0x0000, 0x0000, 0x0000, 0x0000, 0x0000, 0x0000, 0x0000, 0x0000,
  0x0000, 0x0000, 0x0000, 0x0000, 0x0000, 0x0000, 0x0000, 0x0000, 0x0000, 0x0000, 0x0000, 0x0000,
  0x0000, 0x0000, 0x0000, 0x0000, 0x0000, 0x0000, 0x0000, 0x0000, 0x0000, 0x0000, 0x0000, 0x0000,
  0x0000, 0x0000, 0x0000, 0x0000, 0x0000, 0x0000, 0x0000, 0x0000, 0x0000, 0x0000, 0x0000, 0x0000,
  0x0000, 0x0000, 0x0000, 0x0000, 0x0000, 0x0000, 0x0000, 0x0000, 0x0000, 0x0000, 0x0000, 0x0000,
  0x0000, 0x0000, 0x0000, 0x0000, 0x0000, 0x0000, 0x0000, 0x0000, 0x0000, 0x0000, 0x0000, 0x0000,
  0x0000, 0x0000, 0x0000, 0x0000, 0x0000, 0x0000, 0x0000, 0x0000, 0x0000, 0x0000, 0x0000, 0x0000,
  0x0000, 0x0000, 0x0000, 0x0000, 0x0000, 0x0000, 0x0000, 0x0000, 0x0000, 0x0000, 0x0000, 0x0000,
  0x0000, 0x0000, 0x0000, 0x0000, 0x0000, 0x0000, 0x0000, 0x0000, 0x0000, 0x0000, 0x0000, 0x0000,
  0x0000, 0x0000, 0x0000, 0x0000, 0x0000, 0x0000, 0x0000, 0x92E6, 0x92E6, 0x9B06, 0x9AE6, 0x92C6,
  0x92A6, 0x61C3, 0x5163, 0x4943, 0x5163, 0x5163, 0x5163, 0x4962, 0x8A85, 0x8AA6, 0x92C6, 0x92C6,
  0x8AA6, 0x0000, 0x0000, 0x0000, 0x0000, 0x0000, 0x0000, 0x0000, 0x0000, 0x0000, 0x0000, 0x0000,
  0x0000, 0x0000, 0x0000, 0x0000, 0x0000, 0x0000, 0x0000, 0x0000, 0x0000, 0x0000, 0x0000, 0x0000,
  0x0000, 0x0000, 0x0000, 0x0000, 0x0000, 0x0000, 0x0000, 0x0000, 0x0000, 0x0000, 0x0000, 0x0000,
  0x0000, 0x0000, 0x0000, 0x0000, 0x0000, 0x0000, 0x0000, 0x0000, 0x0000, 0x0000, 0x0000, 0x0000,
  0x0000, 0x0000, 0x0000, 0x0000, 0x0000, 0x0000, 0x0000, 0x0000, 0x0000, 0x0000, 0x0000, 0x0000,
  0x0000, 0x0000, 0x0000, 0x0000, 0x0000, 0x0000, 0x0000, 0x0000, 0x0000, 0x0000, 0x0000, 0x0000,
  0x0000, 0x0000, 0x0000, 0x0000, 0x0000, 0x0000, 0x0000, 0x0000, 0x0000, 0x0000, 0x0000, 0x0000,
  0x0000, 0x0000, 0x0000, 0x0000, 0x0000, 0x0000, 0x0000, 0x0000, 0x0000, 0x0000, 0x0000, 0x0000,
  0x0000, 0x0000, 0x0000, 0x0000, 0x0000, 0x0000, 0x0000, 0x0000, 0x0000, 0x0000, 0x0000, 0x0000,
  0x0000, 0x0000, 0x0000, 0x0000, 0x0000, 0x0000, 0x0000, 0x0000, 0x0000, 0x0000, 0x0000, 0x0000,
  0x0000, 0x0000, 0x0000, 0x0000, 0x0000, 0x0000, 0x0000, 0x0000, 0x0000, 0x0000, 0x0000, 0x0000,
  0x0000, 0x0000, 0x0000, 0x0000, 0x0000, 0x0000, 0x0000, 0x0000, 0x0000, 0x0000, 0x0000, 0x0000,
  0x0000, 0x0000, 0x0000, 0x0000, 0x0000, 0x0000, 0x0000, 0x0000, 0x0000, 0x0000, 0x0000, 0x0000,
  0x0000, 0x0000, 0x0000, 0x0000, 0x0000, 0x0000, 0x0000, 0x0000, 0x0000, 0x0000, 0x0000, 0x0000,
  0x0000, 0x0000, 0x0000, 0x0000, 0x0000, 0x0000, 0x0000, 0x0000, 0x0000, 0x0000, 0x0000, 0x0000,
  0x0000, 0x0000, 0x0000, 0x0000, 0x0000, 0x0000, 0x0000, 0x0000, 0x0000, 0x0000, 0x0000, 0x0000,
  0x0000, 0x0000, 0x0000, 0x0000, 0x0000, 0x0000, 0x0000, 0x0000, 0x0000, 0x0000, 0x0000, 0x0000,
  0x0000, 0x0000, 0x0000, 0x0000, 0x0000, 0x0000, 0x0000, 0x0000, 0x0000, 0x0000, 0x0000, 0x0000,
  0x0000, 0x0000, 0x0000, 0x0000, 0x0000, 0x0000, 0x0000, 0x9B07, 0x92E6, 0x9AE6, 0x9B06, 0x9AE6,
  0x92C6, 0x61C3, 0x5163, 0x4942, 0x5162, 0x5163, 0x4962, 0x4942, 0x8AA6, 0x92C6, 0x92C6, 0x8AC6,
  0x92C6, 0x0020, 0x0000, 0x0000, 0x0000, 0x0000, 0x0000, 0x0000, 0x0000, 0x0000, 0x0000, 0x0000,
  0x0000, 0x0000, 0x0000, 0x0000, 0x0000, 0x0000, 0x0000, 0x0000, 0x0000, 0x0000, 0x0000, 0x0000,
  0x0000, 0x0000, 0x0000, 0x0000, 0x0000, 0x0000, 0x0000, 0x0000, 0x0000, 0x0000, 0x0000, 0x0000,
  0x0000, 0x0000, 0x0000, 0x0000, 0x0000, 0x0000, 0x0000, 0x0000, 0x0000, 0x0000, 0x0000, 0x0000,
  0x0000, 0x0000, 0x0000, 0x0000, 0x0000, 0x0000, 0x0000, 0x0000, 0x0000, 0x0000, 0x0000, 0x0000,
  0x0000, 0x0000, 0x0000, 0x0000, 0x0000, 0x0000, 0x0000, 0x0000, 0x0000, 0x0000, 0x0000, 0x0000,
  0x0000, 0x0000, 0x0000, 0x0000, 0x0000, 0x0000, 0x0000, 0x0000, 0x0000, 0x0000, 0x0000, 0x0000,
  0x0000, 0x0000, 0x0000, 0x0000, 0x0000, 0x0000, 0x0000, 0x0000, 0x0000, 0x0000, 0x0000, 0x0000,
  0x0000, 0x0000, 0x0000, 0x0000, 0x0000, 0x0000, 0x0000, 0x0000, 0x0000, 0x0000, 0x0000, 0x0000,
  0x0000, 0x0000, 0x0000, 0x0000, 0x0000, 0x0000, 0x0000, 0x0000, 0x0000, 0x0000, 0x0000, 0x0000,
  0x0000, 0x0000, 0x0000, 0x0000, 0x0000, 0x0000, 0x0000, 0x0000, 0x0000, 0x0000, 0x0000, 0x0000,
  0x0000, 0x0000, 0x0000, 0x0000, 0x0000, 0x0000, 0x0000, 0x0000, 0x0000, 0x0000, 0x0000, 0x0000,
  0x0000, 0x0000, 0x0000, 0x0000, 0x0000, 0x0000, 0x0000, 0x0000, 0x0000, 0x0000, 0x0000, 0x0000,
  0x0000, 0x0000, 0x0000, 0x0000, 0x0000, 0x0000, 0x0000, 0x0000, 0x0000, 0x0000, 0x0000, 0x0000,
  0x0000, 0x0000, 0x0000, 0x0000, 0x0000, 0x0000, 0x0000, 0x0000, 0x0000, 0x0000, 0x0000, 0x0000,
  0x0000, 0x0000, 0x0000, 0x0000, 0x0000, 0x0000, 0x0000, 0x0000, 0x0000, 0x0000, 0x0000, 0x0000,
  0x0000, 0x0000, 0x0000, 0x0000, 0x0000, 0x0000, 0x0000, 0x0000, 0x0000, 0x0000, 0x0000, 0x0000,
  0x0000, 0x0000, 0x0000, 0x0000, 0x0000, 0x0000, 0x0000, 0x0000, 0x0000, 0x0000, 0x0000, 0x0000,
  0x0000, 0x0000, 0x0000, 0x1880, 0xA347, 0x9B07, 0x9B06, 0x9B26, 0x9B06, 0x9AE6, 0x92E6, 0x92E6,
  0x92E6, 0x61C3, 0x5163, 0x4942, 0x5163, 0x5163, 0x4963, 0x4142, 0x8AA6, 0x92E6, 0x92C6, 0x8AA6,
  0x8AA6, 0x0820, 0x0000, 0x0000, 0x0000, 0x0000, 0x0000, 0x0000, 0x0000, 0x0000, 0x0000, 0x0000,
  0x0000, 0x0000, 0x0000, 0x0000, 0x0000, 0x0000, 0x0000, 0x0000, 0x0000, 0x0000, 0x0000, 0x0000,
  0x0000, 0x0000, 0x0000, 0x0000, 0x0000, 0x0000, 0x0000, 0x0000, 0x0000, 0x0000, 0x0000, 0x0000,
  0x0000, 0x0000, 0x0000, 0x0000, 0x0000, 0x0000, 0x0000, 0x0000, 0x0000, 0x0000, 0x0000, 0x0000,
  0x0000, 0x0000, 0x0000, 0x0000, 0x0000, 0x0000, 0x0000, 0x0000, 0x0000, 0x0000, 0x0000, 0x0000,
  0x0000, 0x0000, 0x0000, 0x0000, 0x0000, 0x0000, 0x0000, 0x0000, 0x0000, 0x0000, 0x0000, 0x0000,
  0x0000, 0x0000, 0x0000, 0x0000, 0x0000, 0x0000, 0x0000, 0x0000, 0x0000, 0x0000, 0x0000, 0x0000,
  0x0000, 0x0000, 0x0000, 0x0000, 0x0000, 0x0000, 0x0000, 0x0000, 0x0000, 0x0000, 0x0000, 0x0000,
  0x0000, 0x0000, 0x0000, 0x0000, 0x0000, 0x0000, 0x0000, 0x0000, 0x0000, 0x0000, 0x0000, 0x0000,
  0x0000, 0x0000, 0x0000, 0x0000, 0x0000, 0x0000, 0x0000, 0x0000, 0x0000, 0x0000, 0x0000, 0x0000,
  0x0000, 0x0000, 0x0000, 0x0000, 0x0000, 0x0000, 0x0000, 0x0000, 0x0000, 0x0000, 0x0000, 0x0000,
  0x0000, 0x0000, 0x0000, 0x0000, 0x0000, 0x0000, 0x0000, 0x0000, 0x0000, 0x0000, 0x0000, 0x0000,
  0x0000, 0x0000, 0x0000, 0x0000, 0x0000, 0x0000, 0x0000, 0x0000, 0x0000, 0x0000, 0x0000, 0x0000,
  0x0000, 0x0000, 0x0000, 0x0000, 0x0000, 0x0000, 0x0000, 0x0000, 0x0000, 0x0000, 0x0000, 0x0000,
  0x0000, 0x0000, 0x0000, 0x0000, 0x0000, 0x0000, 0x0000, 0x0000, 0x0000, 0x0000, 0x0000, 0x0000,
  0x0000, 0x0000, 0x0000, 0x0000, 0x0000, 0x0000, 0x0000, 0x0000, 0x0000, 0x0000, 0x0000, 0x0000,
  0x0000, 0x0000, 0x0000, 0x0000, 0x0000, 0x0000, 0x0000, 0x0000, 0x0000, 0x0000, 0x0000, 0x0000,
  0x0000, 0x0000, 0x0000, 0x0000, 0x0000, 0x0000, 0x0000, 0x0000, 0x0000, 0x0000, 0x0000, 0x0000,
  0x0000, 0x0000, 0x0000, 0x20A0, 0xA327, 0x9B07, 0x92E6, 0x5143, 0x5142, 0x4942, 0x4122, 0x4122,
  0x4122, 0x4942, 0x5162, 0x5163, 0x5163, 0x5163, 0x5162, 0x4942, 0x4942, 0x5162, 0x4962, 0x61A3,
  0x5163, 0x3902, 0x4122, 0x3902, 0x0000, 0x0000, 0x0000, 0x0000, 0x0000, 0x0000, 0x0000, 0x0000,
  0x0000, 0x0000, 0x0000, 0x0000, 0x0000, 0x0000, 0x0000, 0x0000, 0x0000, 0x0000, 0x0000, 0x0000,
  0x0000, 0x0000, 0x0000, 0x0000, 0x0000, 0x0000, 0x0000, 0x0000, 0x0000, 0x0000, 0x0000, 0x0000,
  0x0000, 0x0000, 0x0000, 0x0000, 0x0000, 0x0000, 0x0000, 0x0000, 0x0000, 0x0000, 0x0000, 0x0000,
  0x0000, 0x0000, 0x0000, 0x0000, 0x0000, 0x0000, 0x0000, 0x0000, 0x0000, 0x0000, 0x0000, 0x0000,
  0x0000, 0x0000, 0x0000, 0x0000, 0x0000, 0x0000, 0x0000, 0x0000, 0x0000, 0x0000, 0x0000, 0x0000,
  0x0000, 0x0000, 0x0000, 0x0000, 0x0000, 0x0000, 0x0000, 0x0000, 0x0000, 0x0000, 0x0000, 0x0000,
  0x0000, 0x0000, 0x0000, 0x0000, 0x0000, 0x0000, 0x0000, 0x0000, 0x0000, 0x0000, 0x0000, 0x0000,
  0x0000, 0x0000, 0x0000, 0x0000, 0x0000, 0x0000, 0x0000, 0x0000, 0x0000, 0x0000, 0x0000, 0x0000,
  0x0000, 0x0000, 0x0000, 0x0000, 0x0000, 0x0000, 0x0000, 0x0000, 0x0000, 0x0000, 0x0000, 0x0000,
  0x0000, 0x0000, 0x0000, 0x0000, 0x0000, 0x0000, 0x0000, 0x0000, 0x0000, 0x0000, 0x0000, 0x0000,
  0x0000, 0x0000, 0x0000, 0x0000, 0x0000, 0x0000, 0x0000, 0x0000, 0x0000, 0x0000, 0x0000, 0x0000,
  0x0000, 0x0000, 0x0000, 0x0000, 0x0000, 0x0000, 0x0000, 0x0000, 0x0000, 0x0000, 0x0000, 0x0000,
  0x0000, 0x0000, 0x0000, 0x0000, 0x0000, 0x0000, 0x0000, 0x0000, 0x0000, 0x0000, 0x0000, 0x0000,
  0x0000, 0x0000, 0x0000, 0x0000, 0x0000, 0x0000, 0x0000, 0x0000, 0x0000, 0x0000, 0x0000, 0x0000,
  0x0000, 0x0000, 0x0000, 0x0000, 0x0000, 0x0000, 0x0000, 0x0000, 0x0000, 0x0000, 0x0000, 0x0000,
  0x0000, 0x0000, 0x0000, 0x0000, 0x0000, 0x0000, 0x0000, 0x0000, 0x0000, 0x0000, 0x0000, 0x0000,
  0x0000, 0x0000, 0x0000, 0x0000, 0x0000, 0x0000, 0x0000, 0x0000, 0x0000, 0x0000, 0x0000, 0x0000,
  0x0000, 0x0000, 0x0000, 0x18A0, 0x9B07, 0x9B07, 0x92E6, 0x5163, 0x5163, 0x5163, 0x4942, 0x4943,
  0x4942, 0x4963, 0x5162, 0x5163, 0x4962, 0x4962, 0x5163, 0x5163, 0x4963, 0x5163, 0x5163, 0x69E4,
  0x5983, 0x3902, 0x3902, 0x30E1, 0x0000, 0x0000, 0x0000, 0x0000, 0x0000, 0x0000, 0x0000, 0x0000,
  0x0000, 0x0000, 0x0000, 0x0000, 0x0000, 0x0000, 0x0000, 0x0000, 0x0000, 0x0000, 0x0000, 0x0000,
  0x0000, 0x0000, 0x0000, 0x0000, 0x0000, 0x0000, 0x0000, 0x0000, 0x0000, 0x0000, 0x0000, 0x0000,
  0x0000, 0x0000, 0x0000, 0x0000, 0x0000, 0x0000, 0x0000, 0x0000, 0x0000, 0x0000, 0x0000, 0x0000,
  0x0000, 0x0000, 0x0000, 0x0000, 0x0000, 0x0000, 0x0000, 0x0000, 0x0000, 0x0000, 0x0000, 0x0000,
  0x0000, 0x0000, 0x0000, 0x0000, 0x0000, 0x0000, 0x0000, 0x0000, 0x0000, 0x0000, 0x0000, 0x0000,
  0x0000, 0x0000, 0x0000, 0x0000, 0x0000, 0x0000, 0x0000, 0x0000, 0x0000, 0x0000, 0x0000, 0x0000,
  0x0000, 0x0000, 0x0000, 0x0000, 0x0000, 0x0000, 0x0000, 0x0000, 0x0000, 0x0000, 0x0000, 0x0000,
  0x0000, 0x0000, 0x0000, 0x0000, 0x0000, 0x0000, 0x0000, 0x0000, 0x0000, 0x0000, 0x0000, 0x0000,
  0x0000, 0x0000, 0x0000, 0x0000, 0x0000, 0x0000, 0x0000, 0x0000, 0x0000, 0x0000, 0x0000, 0x0000,
  0x0000, 0x0000, 0x0000, 0x0000, 0x0000, 0x0000, 0x0000, 0x0000, 0x0000, 0x0000, 0x0000, 0x0000,
  0x0000, 0x0000, 0x0000, 0x0000, 0x0000, 0x0000, 0x0000, 0x0000, 0x0000, 0x0000, 0x0000, 0x0000,
  0x0000, 0x0000, 0x0000, 0x0000, 0x0000, 0x0000, 0x0000, 0x0000, 0x0000, 0x0000, 0x0000, 0x0000,
  0x0000, 0x0000, 0x0000, 0x0000, 0x0000, 0x0000, 0x0000, 0x0000, 0x0000, 0x0000, 0x0000, 0x0000,
  0x0000, 0x0000, 0x0000, 0x0000, 0x0000, 0x0000, 0x0000, 0x0000, 0x0000, 0x0000, 0x0000, 0x0000,
  0x0000, 0x0000, 0x0000, 0x0000, 0x0000, 0x0000, 0x0000, 0x0000, 0x0000, 0x0000, 0x0000, 0x0000,
  0x0000, 0x0000, 0x0000, 0x0000, 0x0000, 0x0000, 0x0000, 0x0000, 0x0000, 0x0000, 0x0000, 0x0000,
  0x0000, 0x0000, 0x0000, 0x0000, 0x0000, 0x0000, 0x0000, 0x0000, 0x0000, 0x0000, 0x0000, 0x0000,
  0x0000, 0x0000, 0x0000, 0x1881, 0x9B07, 0x9B07, 0x92E6, 0x5163, 0x5163, 0x5163, 0x4962, 0x4942,
  0x4962, 0x4962, 0x4963, 0x5162, 0x4963, 0x4963, 0x5163, 0x5163, 0x4963, 0x4962, 0x4962, 0x69E4,
  0x61C3, 0x3902, 0x3902, 0x30E1, 0x0000, 0x0000, 0x0000, 0x0000, 0x0000, 0x0000, 0x0000, 0x0000,
  0x0000, 0x0000, 0x0000, 0x0000, 0x0000, 0x0000, 0x0000, 0x0000, 0x0000, 0x0000, 0x0000, 0x0000,
  0x0000, 0x0000, 0x0000, 0x0000, 0x0000, 0x0000, 0x0000, 0x0000, 0x0000, 0x0000, 0x0000, 0x0000,
  0x0000, 0x0000, 0x0000, 0x0000, 0x0000, 0x0000, 0x0000, 0x0000, 0x0000, 0x0000, 0x0000, 0x0000,
  0x0000, 0x0000, 0x0000, 0x0000, 0x0000, 0x0000, 0x0000, 0x0000, 0x0000, 0x0000, 0x0000, 0x0000,
  0x0000, 0x0000, 0x0000, 0x0000, 0x0000, 0x0000, 0x0000, 0x0000, 0x0000, 0x0000, 0x0000, 0x0000,
  0x0000, 0x0000, 0x0000, 0x0000, 0x0000, 0x0000, 0x0000, 0x0000, 0x0000, 0x0000, 0x0000, 0x0000,
  0x0000, 0x0000, 0x0000, 0x0000, 0x0000, 0x0000, 0x0000, 0x0000, 0x0000, 0x0000, 0x0000, 0x0000,
  0x0000, 0x0000, 0x0000, 0x0000, 0x0000, 0x0000, 0x0000, 0x0000, 0x0000, 0x0000, 0x0000, 0x0000,
  0x0000, 0x0000, 0x0000, 0x0000, 0x0000, 0x0000, 0x0000, 0x0000, 0x0000, 0x0000, 0x0000, 0x0000,
  0x0000, 0x0000, 0x0000, 0x0000, 0x0000, 0x0000, 0x0000, 0x0000, 0x0000, 0x0000, 0x0000, 0x0000,
  0x0000, 0x0000, 0x0000, 0x0000, 0x0000, 0x0000, 0x0000, 0x0000, 0x0000, 0x0000, 0x0000, 0x0000,
  0x0000, 0x0000, 0x0000, 0x0000, 0x0000, 0x0000, 0x0000, 0x0000, 0x0000, 0x0000, 0x0000, 0x0000,
  0x0000, 0x0000, 0x0000, 0x0000, 0x0000, 0x0000, 0x0000, 0x0000, 0x0000, 0x0000, 0x0000, 0x0000,
  0x0000, 0x0000, 0x0000, 0x0000, 0x0000, 0x0000, 0x0000, 0x0000, 0x0000, 0x0000, 0x0000, 0x0000,
  0x0000, 0x0000, 0x0000, 0x0000, 0x0000, 0x0000, 0x0000, 0x0000, 0x0000, 0x0000, 0x0000, 0x0000,
  0x0000, 0x0000, 0x0000, 0x0000, 0x0000, 0x0000, 0x0000, 0x0000, 0x0000, 0x0000, 0x0000, 0x0000,
  0x0000, 0x0000, 0x0000, 0x0000, 0x0000, 0x0000, 0x0000, 0x0000, 0x0000, 0x0000, 0x0000, 0x0000,
  0x20A1, 0x28C1, 0x20A1, 0x4142, 0x8AC6, 0x8AA6, 0x8AA6, 0x5183, 0x5163, 0x5163, 0x4963, 0x4943,
  0x4962, 0x4942, 0x5162, 0x5162, 0x4963, 0x4942, 0x5163, 0x5163, 0x4943, 0x4962, 0x5162, 0x71E4,
  0x7204, 0x3902, 0x30E2, 0x30E2, 0x0820, 0x0800, 0x0820, 0x0000, 0x0000, 0x0000, 0x0000, 0x0000,
  0x0000, 0x0000, 0x0000, 0x0000, 0x0000, 0x0000, 0x0000, 0x0000, 0x0000, 0x0000, 0x0000, 0x0000,
  0x0000, 0x0000, 0x0000, 0x0000, 0x0000, 0x0000, 0x0000, 0x0000, 0x0000, 0x0000, 0x0000, 0x0000,
  0x0000, 0x0000, 0x0000, 0x0000, 0x0000, 0x0000, 0x0000, 0x0000, 0x0000, 0x0000, 0x0000, 0x0000,
  0x0000, 0x0000, 0x0000, 0x0000, 0x0000, 0x0000, 0x0000, 0x0000, 0x0000, 0x0000, 0x0000, 0x0000,
  0x0000, 0x0000, 0x0000, 0x0000, 0x0000, 0x0000, 0x0000, 0x0000, 0x0000, 0x0000, 0x0000, 0x0000,
  0x0000, 0x0000, 0x0000, 0x0000, 0x0000, 0x0000, 0x0000, 0x0000, 0x0000, 0x0000, 0x0000, 0x0000,
  0x0000, 0x0000, 0x0000, 0x0000, 0x0000, 0x0000, 0x0000, 0x0000, 0x0000, 0x0000, 0x0000, 0x0000,
  0x0000, 0x0000, 0x0000, 0x0000, 0x0000, 0x0000, 0x0000, 0x0000, 0x0000, 0x0000, 0x0000, 0x0000,
  0x0000, 0x0000, 0x0000, 0x0000, 0x0000, 0x0000, 0x0000, 0x0000, 0x0000, 0x0000, 0x0000, 0x0000,
  0x0000, 0x0000, 0x0000, 0x0000, 0x0000, 0x0000, 0x0000, 0x0000, 0x0000, 0x0000, 0x0000, 0x0000,
  0x0000, 0x0000, 0x0000, 0x0000, 0x0000, 0x0000, 0x0000, 0x0000, 0x0000, 0x0000, 0x0000, 0x0000,
  0x0000, 0x0000, 0x0000, 0x0000, 0x0000, 0x0000, 0x0000, 0x0000, 0x0000, 0x0000, 0x0000, 0x0000,
  0x0000, 0x0000, 0x0000, 0x0000, 0x0000, 0x0000, 0x0000, 0x0000, 0x0000, 0x0000, 0x0000, 0x0000,
  0x0000, 0x0000, 0x0000, 0x0000, 0x0000, 0x0000, 0x0000, 0x0000, 0x0000, 0x0000, 0x0000, 0x0000,
  0x0000, 0x0000, 0x0000, 0x0000, 0x0000, 0x0000, 0x0000, 0x0000, 0x0000, 0x0000, 0x0000, 0x0000,
  0x0000, 0x0000, 0x0000, 0x0000, 0x0000, 0x0000, 0x0000, 0x0000, 0x0000, 0x0000, 0x0000, 0x0000,
  0x0000, 0x0000, 0x0000, 0x0000, 0x0000, 0x0000, 0x0000, 0x0000, 0x0000, 0x0000, 0x0000, 0x0000,
  0x61E4, 0x9B07, 0x9AE6, 0x9B07, 0x4962, 0x4942, 0x5163, 0x5163, 0x5163, 0x5162, 0x5162, 0x4962,
  0x5163, 0x4942, 0x5162, 0x4962, 0x4962, 0x5162, 0x5163, 0x5163, 0x4942, 0x5163, 0x92A6, 0x8AA6,
  0x92C6, 0x3902, 0x3102, 0x3102, 0x3902, 0x30E1, 0x3902, 0x0000, 0x0000, 0x0000, 0x0000, 0x0000,
  0x0000, 0x0000, 0x0000, 0x0000, 0x0000, 0x0000, 0x0000, 0x0000, 0x0000, 0x0000, 0x0000, 0x0000,
  0x0000, 0x0000, 0x0000, 0x0000, 0x0000, 0x0000, 0x0000, 0x0000, 0x0000, 0x0000, 0x0000, 0x0000,
  0x0000, 0x0000, 0x0000, 0x0000, 0x0000, 0x0000, 0x0000, 0x0000, 0x0000, 0x0000, 0x0000, 0x0000,
  0x0000, 0x0000, 0x0000, 0x0000, 0x0000, 0x0000, 0x0000, 0x0000, 0x0000, 0x0000, 0x0000, 0x0000,
  0x0000, 0x0000, 0x0000, 0x0000, 0x0000, 0x0000, 0x0000, 0x0000, 0x0000, 0x0000, 0x0000, 0x0000,
  0x0000, 0x0000, 0x0000, 0x0000, 0x0000, 0x0000, 0x0000, 0x0000, 0x0000, 0x0000, 0x0000, 0x0000,
  0x0000, 0x0000, 0x0000, 0x0000, 0x0000, 0x0000, 0x0000, 0x0000, 0x0000, 0x0000, 0x0000, 0x0000,
  0x0000, 0x0000, 0x0000, 0x0000, 0x0000, 0x0000, 0x0000, 0x0000, 0x0000, 0x0000, 0x0000, 0x0000,
  0x0000, 0x0000, 0x0000, 0x0000, 0x0000, 0x0000, 0x0000, 0x0000, 0x0000, 0x0000, 0x0000, 0x0000,
  0x0000, 0x0000, 0x0000, 0x0000, 0x0000, 0x0000, 0x0000, 0x0000, 0x0000, 0x0000, 0x0000, 0x0000,
  0x0000, 0x0000, 0x0000, 0x0000, 0x0000, 0x0000, 0x0000, 0x0000, 0x0000, 0x0000, 0x0000, 0x0000,
  0x0000, 0x0000, 0x0000, 0x0000, 0x0000, 0x0000, 0x0000, 0x0000, 0x0000, 0x0000, 0x0000, 0x0000,
  0x0000, 0x0000, 0x0000, 0x0000, 0x0000, 0x0000, 0x0000, 0x0000, 0x0000, 0x0000, 0x0000, 0x0000,
  0x0000, 0x0000, 0x0000, 0x0000, 0x0000, 0x0000, 0x0000, 0x0000, 0x0000, 0x0000, 0x0000, 0x0000,
  0x0000, 0x0000, 0x0000, 0x0000, 0x0000, 0x0000, 0x0000, 0x0000, 0x0000, 0x0000, 0x0000, 0x0000,
  0x0000, 0x0000, 0x0000, 0x0000, 0x0000, 0x0000, 0x0000, 0x0000, 0x0000, 0x0000, 0x0000, 0x0000,
  0x0000, 0x0000, 0x0000, 0x0000, 0x0000, 0x0000, 0x0000, 0x0000, 0x0000, 0x0000, 0x0000, 0x0000,
  0x61E3, 0x9B07, 0x9B07, 0xA327, 0x5163, 0x4962, 0x4962, 0x4942, 0x4942, 0x5162, 0x5162, 0x5162,
  0x4942, 0x4962, 0x4962, 0x4942, 0x4942, 0x5163, 0x5162, 0x5163, 0x4942, 0x4942, 0x92A5, 0x8AA6,
  0x92C6, 0x3102, 0x38E2, 0x30E2, 0x3901, 0x30E1, 0x30E1, 0x0000, 0x0000, 0x0000, 0x0000, 0x0000,
  0x0000, 0x0000, 0x0000, 0x0000, 0x0000, 0x0000, 0x0000, 0x0000, 0x0000, 0x0000, 0x0000, 0x0000,
  0x0000, 0x0000, 0x0000, 0x0000, 0x0000, 0x0000, 0x0000, 0x0000, 0x0000, 0x0000, 0x0000, 0x0000,
  0x0000, 0x0000, 0x0000, 0x0000, 0x0000, 0x0000, 0x0000, 0x0000, 0x0000, 0x0000, 0x0000, 0x0000,
  0x0000, 0x0000, 0x0000, 0x0000, 0x0000, 0x0000, 0x0000, 0x0000, 0x0000, 0x0000, 0x0000, 0x0000,
  0x0000, 0x0000, 0x0000, 0x0000, 0x0000, 0x0000, 0x0000, 0x0000, 0x0000, 0x0000, 0x0000, 0x0000,
  0x0000, 0x0000, 0x0000, 0x0000, 0x0000, 0x0000, 0x0000, 0x0000, 0x0000, 0x0000, 0x0000, 0x0000,
  0x0000, 0x0000, 0x0000, 0x0000, 0x0000, 0x0000, 0x0000, 0x0000, 0x0000, 0x0000, 0x0000, 0x0000,
  0x0000, 0x0000, 0x0000, 0x0000, 0x0000, 0x0000, 0x0000, 0x0000, 0x0000, 0x0000, 0x0000, 0x0000,
  0x0000, 0x0000, 0x0000, 0x0000, 0x0000, 0x0000, 0x0000, 0x0000, 0x0000, 0x0000, 0x0000, 0x0000,
  0x0000, 0x0000, 0x0000, 0x0000, 0x0000, 0x0000, 0x0000, 0x0000, 0x0000, 0x0000, 0x0000, 0x0000,
  0x0000, 0x0000, 0x0000, 0x0000, 0x0000, 0x0000, 0x0000, 0x0000, 0x0000, 0x0000, 0x0000, 0x0000,
  0x0000, 0x0000, 0x0000, 0x0000, 0x0000, 0x0000, 0x0000, 0x0000, 0x0000, 0x0000, 0x0000, 0x0000,
  0x0000, 0x0000, 0x0000, 0x0000, 0x0000, 0x0000, 0x0000, 0x0000, 0x0000, 0x0000, 0x0000, 0x0000,
  0x0000, 0x0000, 0x0000, 0x0000, 0x0000, 0x0000, 0x0000, 0x0000, 0x0000, 0x0000, 0x0000, 0x0000,
  0x0000, 0x0000, 0x0000, 0x0000, 0x0000, 0x0000, 0x0000, 0x0000, 0x0000, 0x0000, 0x0000, 0x0000,
  0x0000, 0x0000, 0x0000, 0x0000, 0x0000, 0x0000, 0x0000, 0x0000, 0x0000, 0x0000, 0x0000, 0x0000,
  0x0000, 0x0000, 0x0000, 0x0000, 0x0000, 0x0000, 0x0000, 0x0000, 0x0000, 0x0000, 0x0000, 0x0000,
  0x6A04, 0x9B07, 0x9B07, 0xA327, 0x5983, 0x5183, 0x4963, 0x4942, 0x4963, 0x5183, 0x5162, 0x5162,
  0x4942, 0x5162, 0x4963, 0x4942, 0x4963, 0x5183, 0x5163, 0x4963, 0x5163, 0x4942, 0x8A85, 0x92C5,
  0x92C6, 0x3102, 0x38E2, 0x30E1, 0x3902, 0x3902, 0x3902, 0x0000, 0x0000, 0x0000, 0x0000, 0x0000,
  0x0000, 0x0000, 0x0000, 0x0000, 0x0000, 0x0000, 0x0000, 0x0000, 0x0000, 0x0000, 0x0000, 0x0000,
  0x0000, 0x0000, 0x0000, 0x0000, 0x0000, 0x0000, 0x0000, 0x0000, 0x0000, 0x0000, 0x0000, 0x0000,
  0x0000, 0x0000, 0x0000, 0x0000, 0x0000, 0x0000, 0x0000, 0x0000, 0x0000, 0x0000, 0x0000, 0x0000,
  0x0000, 0x0000, 0x0000, 0x0000, 0x0000, 0x0000, 0x0000, 0x0000, 0x0000, 0x0000, 0x0000, 0x0000,
  0x0000, 0x0000, 0x0000, 0x0000, 0x0000, 0x0000, 0x0000, 0x0000, 0x0000, 0x0000, 0x0000, 0x0000,
  0x0000, 0x0000, 0x0000, 0x0000, 0x0000, 0x0000, 0x0000, 0x0000, 0x0000, 0x0000, 0x0000, 0x0000,
  0x0000, 0x0000, 0x0000, 0x0000, 0x0000, 0x0000, 0x0000, 0x0000, 0x0000, 0x0000, 0x0000, 0x0000,
  0x0000, 0x0000, 0x0000, 0x0000, 0x0000, 0x0000, 0x0000, 0x0000, 0x0000, 0x0000, 0x0000, 0x0000,
  0x0000, 0x0000, 0x0000, 0x0000, 0x0000, 0x0000, 0x0000, 0x0000, 0x0000, 0x0000, 0x0000, 0x0000,
  0x0000, 0x0000, 0x0000, 0x0000, 0x0000, 0x0000, 0x0000, 0x0000, 0x0000, 0x0000, 0x0000, 0x0000,
  0x0000, 0x0000, 0x0000, 0x0000, 0x0000, 0x0000, 0x0000, 0x0000, 0x0000, 0x0000, 0x0000, 0x0000,
  0x0000, 0x0000, 0x0000, 0x0000, 0x0000, 0x0000, 0x0000, 0x0000, 0x0000, 0x0000, 0x0000, 0x0000,
  0x0000, 0x0000, 0x0000, 0x0000, 0x0000, 0x0000, 0x0000, 0x0000, 0x0000, 0x0000, 0x0000, 0x0000,
  0x0000, 0x0000, 0x0000, 0x0000, 0x0000, 0x0000, 0x0000, 0x0000, 0x0000, 0x0000, 0x0000, 0x0000,
  0x0000, 0x0000, 0x0000, 0x0000, 0x0000, 0x0000, 0x0000, 0x0000, 0x0000, 0x0000, 0x0000, 0x0000,
  0x0000, 0x0000, 0x0000, 0x0000, 0x0000, 0x0000, 0x0000, 0x0000, 0x0000, 0x0000, 0x0000, 0x0000,
  0x0000, 0x0000, 0x0000, 0x0000, 0x0000, 0x0000, 0x0000, 0x0000, 0x0000, 0x0000, 0x0000, 0x0000,
  0x7A24, 0x9B27, 0x9B07, 0x9B07, 0x9B06, 0x9B07, 0x9AE7, 0x92C6, 0x9AE6, 0x9B07, 0x4942, 0x5162,
  0x4942, 0x69E4, 0x8265, 0x7A45, 0x8265, 0x8265, 0x8265, 0x7A45, 0x8265, 0x7A45, 0x4963, 0x5983,
  0x5983, 0x5163, 0x4942, 0x4942, 0x3902, 0x3902, 0x3902, 0x0000, 0x0000, 0x0000, 0x0000, 0x0000,
  0x0000, 0x0000, 0x0000, 0x0000, 0x0000, 0x0000, 0x0000, 0x0000, 0x0000, 0x0000, 0x0000, 0x0000,
  0x0000, 0x0000, 0x0000, 0x0000, 0x0000, 0x0000, 0x0000, 0x0000, 0x0000, 0x0000, 0x0000, 0x0000,
  0x0000, 0x0000, 0x0000, 0x0000, 0x0000, 0x0000, 0x0000, 0x0000, 0x0000, 0x0000, 0x0000, 0x0000,
  0x0000, 0x0000, 0x0000, 0x0000, 0x0000, 0x0000, 0x0000, 0x0000, 0x0000, 0x0000, 0x0000, 0x0000,
  0x0000, 0x0000, 0x0000, 0x0000, 0x0000, 0x0000, 0x0000, 0x0000, 0x0000, 0x0000, 0x0000, 0x0000,
  0x0000, 0x0000, 0x0000, 0x0000, 0x0000, 0x0000, 0x0000, 0x0000, 0x0000, 0x0000, 0x0000, 0x0000,
  0x0000, 0x0000, 0x0000, 0x0000, 0x0000, 0x0000, 0x0000, 0x0000, 0x0000, 0x0000, 0x0000, 0x0000,
  0x0000, 0x0000, 0x0000, 0x0000, 0x0000, 0x0000, 0x0000, 0x0000, 0x0000, 0x0000, 0x0000, 0x0000,
  0x0000, 0x0000, 0x0000, 0x0000, 0x0000, 0x0000, 0x0000, 0x0000, 0x0000, 0x0000, 0x0000, 0x0000,
  0x0000, 0x0000, 0x0000, 0x0000, 0x0000, 0x0000, 0x0000, 0x0000, 0x0000, 0x0000, 0x0000, 0x0000,
  0x0000, 0x0000, 0x0000, 0x0000, 0x0000, 0x0000, 0x0000, 0x0000, 0x0000, 0x0000, 0x0000, 0x0000,
  0x0000, 0x0000, 0x0000, 0x0000, 0x0000, 0x0000, 0x0000, 0x0000, 0x0000, 0x0000, 0x0000, 0x0000,
  0x0000, 0x0000, 0x0000, 0x0000, 0x0000, 0x0000, 0x0000, 0x0000, 0x0000, 0x0000, 0x0000, 0x0000,
  0x0000, 0x0000, 0x0000, 0x0000, 0x0000, 0x0000, 0x0000, 0x0000, 0x0000, 0x0000, 0x0000, 0x0000,
  0x0000, 0x0000, 0x0000, 0x0000, 0x0000, 0x0000, 0x0000, 0x0000, 0x0000, 0x0000, 0x0000, 0x0000,
  0x0000, 0x0000, 0x0000, 0x0000, 0x0000, 0x0000, 0x0000, 0x0000, 0x0000, 0x0000, 0x0000, 0x0000,
  0x0000, 0x0000, 0x0000, 0x0000, 0x0000, 0x0000, 0x0000, 0x0000, 0x0000, 0x0000, 0x0000, 0x0000,
  0x7A44, 0xA327, 0x9B07, 0x9B07, 0x9B07, 0x9B07, 0x9B07, 0x9B07, 0x9B07, 0x9B07, 0x4922, 0x4942,
  0x4942, 0x6A04, 0x8265, 0x8265, 0x8265, 0x8265, 0x8265, 0x8265, 0x8265, 0x8265, 0x4943, 0x5163,
  0x5163, 0x4963, 0x4963, 0x5163, 0x3902, 0x3902, 0x4122, 0x0000, 0x0000, 0x0000, 0x0000, 0x0000,
  0x0000, 0x0000, 0x0000, 0x0000, 0x0000, 0x0000, 0x0000, 0x0000, 0x0000, 0x0000, 0x0000, 0x0000,
  0x0000, 0x0000, 0x0000, 0x0000, 0x0000, 0x0000, 0x0000, 0x0000, 0x0000, 0x0000, 0x0000, 0x0000,
  0x0000, 0x0000, 0x0000, 0x0000, 0x0000, 0x0000, 0x0000, 0x0000, 0x0000, 0x0000, 0x0000, 0x0000,
  0x0000, 0x0000, 0x0000, 0x0000, 0x0000, 0x0000, 0x0000, 0x0000, 0x0000, 0x0000, 0x0000, 0x0000,
  0x0000, 0x0000, 0x0000, 0x0000, 0x0000, 0x0000, 0x0000, 0x0000, 0x0000, 0x0000, 0x0000, 0x0000,
  0x0000, 0x0000, 0x0000, 0x0000, 0x0000, 0x0000, 0x0000, 0x0000, 0x0000, 0x0000, 0x0000, 0x0000,
  0x0000, 0x0000, 0x0000, 0x0000, 0x0000, 0x0000, 0x0000, 0x0000, 0x0000, 0x0000, 0x0000, 0x0000,
  0x0000, 0x0000, 0x0000, 0x0000, 0x0000, 0x0000, 0x0000, 0x0000, 0x0000, 0x0000, 0x0000, 0x0000,
  0x0000, 0x0000, 0x0000, 0x0000, 0x0000, 0x0000, 0x0000, 0x0000, 0x0000, 0x0000, 0x0000, 0x0000,
  0x0000, 0x0000, 0x0000, 0x0000, 0x0000, 0x0000, 0x0000, 0x0000, 0x0000, 0x0000, 0x0000, 0x0000,
  0x0000, 0x0000, 0x0000, 0x0000, 0x0000, 0x0000, 0x0000, 0x0000, 0x0000, 0x0000, 0x0000, 0x0000,
  0x0000, 0x0000, 0x0000, 0x0000, 0x0000, 0x0000, 0x0000, 0x0000, 0x0000, 0x0000, 0x0000, 0x0000,
  0x0000, 0x0000, 0x0000, 0x0000, 0x0000, 0x0000, 0x0000, 0x0000, 0x0000, 0x0000, 0x0000, 0x0000,
  0x0000, 0x0000, 0x0000, 0x0000, 0x0000, 0x0000, 0x0000, 0x0000, 0x0000, 0x0000, 0x0000, 0x0000,
  0x0000, 0x0000, 0x0000, 0x0000, 0x0000, 0x0000, 0x0000, 0x0000, 0x0000, 0x0000, 0x0000, 0x0000,
  0x0000, 0x0000, 0x0000, 0x0000, 0x0000, 0x0000, 0x0000, 0x0000, 0x0000, 0x0000, 0x0000, 0x0000,
  0x0000, 0x0000, 0x0000, 0x0000, 0x0000, 0x0000, 0x0000, 0x0000, 0x0000, 0x0000, 0x0000, 0x0000,
  0x7245, 0xA327, 0x9B07, 0x9B07, 0x9B07, 0x9B07, 0x9B07, 0x9B27, 0x9B07, 0x9AE7, 0x4102, 0x4942,
  0x5162, 0x7204, 0x8265, 0x8265, 0x8265, 0x8265, 0x8265, 0x8265, 0x8265, 0x8265, 0x5163, 0x5163,
  0x5162, 0x4963, 0x4963, 0x5163, 0x3902, 0x30E2, 0x3902, 0x0000, 0x0000, 0x0000, 0x0000, 0x0000,
  0x0000, 0x0000, 0x0000, 0x0000, 0x0000, 0x0000, 0x0000, 0x0000, 0x0000, 0x0000, 0x0000, 0x0000,
  0x0000, 0x0000, 0x0000, 0x0000, 0x0000, 0x0000, 0x0000, 0x0000, 0x0000, 0x0000, 0x0000, 0x0000,
  0x0000, 0x0000, 0x0000, 0x0000, 0x0000, 0x0000, 0x0000, 0x0000, 0x0000, 0x0000, 0x0000, 0x0000,
  0x0000, 0x0000, 0x0000, 0x0000, 0x0000, 0x0000, 0x0000, 0x0000, 0x0000, 0x0000, 0x0000, 0x0000,
  0x0000, 0x0000, 0x0000, 0x0000, 0x0000, 0x0000, 0x0000, 0x0000, 0x0000, 0x0000, 0x0000, 0x0000,
  0x0000, 0x0000, 0x0000, 0x0000, 0x0000, 0x0000, 0x0000, 0x0000, 0x0000, 0x0000, 0x0000, 0x0000,
  0x0000, 0x0000, 0x0000, 0x0000, 0x0000, 0x0000, 0x0000, 0x0000, 0x0000, 0x0000, 0x0000, 0x0000,
  0x0000, 0x0000, 0x0000, 0x0000, 0x0000, 0x0000, 0x0000, 0x0000, 0x0000, 0x0000, 0x0000, 0x0000,
  0x0000, 0x0000, 0x0000, 0x0000, 0x0000, 0x0000, 0x0000, 0x0000, 0x0000, 0x0000, 0x0000, 0x0000,
  0x0000, 0x0000, 0x0000, 0x0000, 0x0000, 0x0000, 0x0000, 0x0000, 0x0000, 0x0000, 0x0000, 0x0000,
  0x0000, 0x0000, 0x0000, 0x0000, 0x0000, 0x0000, 0x0000, 0x0000, 0x0000, 0x0000, 0x0000, 0x0000,
  0x0000, 0x0000, 0x0000, 0x0000, 0x0000, 0x0000, 0x0000, 0x0000, 0x0000, 0x0000, 0x0000, 0x0000,
  0x0000, 0x0000, 0x0000, 0x0000, 0x0000, 0x0000, 0x0000, 0x0000, 0x0000, 0x0000, 0x0000, 0x0000,
  0x0000, 0x0000, 0x0000, 0x0000, 0x0000, 0x0000, 0x0000, 0x0000, 0x0000, 0x0000, 0x0000, 0x0000,
  0x0000, 0x0000, 0x0000, 0x0000, 0x0000, 0x0000, 0x0000, 0x0000, 0x0000, 0x0000, 0x0000, 0x0000,
  0x0000, 0x0000, 0x0000, 0x0000, 0x0000, 0x0000, 0x0000, 0x0000, 0x0000, 0x0000, 0x0000, 0x0000,
  0x0000, 0x0000, 0x0000, 0x0000, 0x0000, 0x0000, 0x0000, 0x0000, 0x0000, 0x0000, 0x0000, 0x0000,
  0x7245, 0xA367, 0xAB67, 0xB367, 0x8265, 0x7A45, 0x8265, 0x8A85, 0x8265, 0x7A45, 0x7225, 0x7A45,
  0x8265, 0x8285, 0x8265, 0x8265, 0x8265, 0x69E4, 0x6A04, 0x7204, 0x5163, 0x5162, 0x5163, 0x4943,
  0x5163, 0x5162, 0x5163, 0x5163, 0x4943, 0x3902, 0x3902, 0x0000, 0x0000, 0x0000, 0x0000, 0x0000,
  0x0000, 0x0000, 0x0000, 0x0000, 0x0000, 0x0000, 0x0000, 0x0000, 0x0000, 0x0000, 0x0000, 0x0000,
  0x0000, 0x0000, 0x0000, 0x0000, 0x0000, 0x0000, 0x0000, 0x0000, 0x0000, 0x0000, 0x0000, 0x0000,
  0x0000, 0x0000, 0x0000, 0x0000, 0x0000, 0x0000, 0x0000, 0x0000, 0x0000, 0x0000, 0x0000, 0x0000,
  0x0000, 0x0000, 0x0000, 0x0000, 0x0000, 0x0000, 0x0000, 0x0000, 0x0000, 0x0000, 0x0000, 0x0000,
  0x0000, 0x0000, 0x0000, 0x0000, 0x0000, 0x0000, 0x0000, 0x0000, 0x0000, 0x0000, 0x0000, 0x0000,
  0x0000, 0x0000, 0x0000, 0x0000, 0x0000, 0x0000, 0x0000, 0x0000, 0x0000, 0x0000, 0x0000, 0x0000,
  0x0000, 0x0000, 0x0000, 0x0000, 0x0000, 0x0000, 0x0000, 0x0000, 0x0000, 0x0000, 0x0000, 0x0000,
  0x0000, 0x0000, 0x0000, 0x0000, 0x0000, 0x0000, 0x0000, 0x0000, 0x0000, 0x0000, 0x0000, 0x0000,
  0x0000, 0x0000, 0x0000, 0x0000, 0x0000, 0x0000, 0x0000, 0x0000, 0x0000, 0x0000, 0x0000, 0x0000,
  0x0000, 0x0000, 0x0000, 0x0000, 0x0000, 0x0000, 0x0000, 0x0000, 0x0000, 0x0000, 0x0000, 0x0000,
  0x0000, 0x0000, 0x0000, 0x0000, 0x0000, 0x0000, 0x0000, 0x0000, 0x0000, 0x0000, 0x0000, 0x0000,
  0x0000, 0x0000, 0x0000, 0x0000, 0x0000, 0x0000, 0x0000, 0x0000, 0x0000, 0x0000, 0x0000, 0x0000,
  0x0000, 0x0000, 0x0000, 0x0000, 0x0000, 0x0000, 0x0000, 0x0000, 0x0000, 0x0000, 0x0000, 0x0000,
  0x0000, 0x0000, 0x0000, 0x0000, 0x0000, 0x0000, 0x0000, 0x0000, 0x0000, 0x0000, 0x0000, 0x0000,
  0x0000, 0x0000, 0x0000, 0x0000, 0x0000, 0x0000, 0x0000, 0x0000, 0x0000, 0x0000, 0x0000, 0x0000,
  0x0000, 0x0000, 0x0000, 0x0000, 0x0000, 0x0000, 0x0000, 0x0000, 0x0000, 0x0000, 0x0000, 0x0000,
  0x0000, 0x0000, 0x0000, 0x0000, 0x0000, 0x0000, 0x0000, 0x0000, 0x0000, 0x0000, 0x0000, 0x0000,
  0x0000, 0x0820, 0x0840, 0x0820, 0x7A45, 0x7A45, 0x8265, 0x8265, 0x8265, 0x7A45, 0x8245, 0x8265,
  0x8265, 0x8285, 0x8265, 0x8265, 0x8245, 0x69E4, 0x6A04, 0x69E4, 0x4963, 0x4942, 0x4962, 0x4943,
  0x5162, 0x5162, 0x5163, 0x4963, 0x3902, 0x3902, 0x3902, 0x0000, 0x0000, 0x0000, 0x0000, 0x0000,
  0x0000, 0x0000, 0x0000, 0x0000, 0x0000, 0x0000, 0x0000, 0x0000, 0x0000, 0x0000, 0x0000, 0x0000,
  0x0000, 0x0000, 0x0000, 0x0000, 0x0000, 0x0000, 0x0000, 0x0000, 0x0000, 0x0000, 0x0000, 0x0000,
  0x0000, 0x0000, 0x0000, 0x0000, 0x0000, 0x0000, 0x0000, 0x0000, 0x0000, 0x0000, 0x0000, 0x0000,
  0x0000, 0x0000, 0x0000, 0x0000, 0x0000, 0x0000, 0x0000, 0x0000, 0x0000, 0x0000, 0x0000, 0x0000,
  0x0000, 0x0000, 0x0000, 0x0000, 0x0000, 0x0000, 0x0000, 0x0000, 0x0000, 0x0000, 0x0000, 0x0000,
  0x0000, 0x0000, 0x0000, 0x0000, 0x0000, 0x0000, 0x0000, 0x0000, 0x0000, 0x0000, 0x0000, 0x0000,
  0x0000, 0x0000, 0x0000, 0x0000, 0x0000, 0x0000, 0x0000, 0x0000, 0x0000, 0x0000, 0x0000, 0x0000,
  0x0000, 0x0000, 0x0000, 0x0000, 0x0000, 0x0000, 0x0000, 0x0000, 0x0000, 0x0000, 0x0000, 0x0000,
  0x0000, 0x0000, 0x0000, 0x0000, 0x0000, 0x0000, 0x0000, 0x0000, 0x0000, 0x0000, 0x0000, 0x0000,
  0x0000, 0x0000, 0x0000, 0x0000, 0x0000, 0x0000, 0x0000, 0x0000, 0x0000, 0x0000, 0x0000, 0x0000,
  0x0000, 0x0000, 0x0000, 0x0000, 0x0000, 0x0000, 0x0000, 0x0000, 0x0000, 0x0000, 0x0000, 0x0000,
  0x0000, 0x0000, 0x0000, 0x0000, 0x0000, 0x0000, 0x0000, 0x0000, 0x0000, 0x0000, 0x0000, 0x0000,
  0x0000, 0x0000, 0x0000, 0x0000, 0x0000, 0x0000, 0x0000, 0x0000, 0x0000, 0x0000, 0x0000, 0x0000,
  0x0000, 0x0000, 0x0000, 0x0000, 0x0000, 0x0000, 0x0000, 0x0000, 0x0000, 0x0000, 0x0000, 0x0000,
  0x0000, 0x0000, 0x0000, 0x0000, 0x0000, 0x0000, 0x0000, 0x0000, 0x0000, 0x0000, 0x0000, 0x0000,
  0x0000, 0x0000, 0x0000, 0x0000, 0x0000, 0x0000, 0x0000, 0x0000, 0x0000, 0x0000, 0x0000, 0x0000,
  0x0000, 0x0000, 0x0000, 0x0000, 0x0000, 0x0000, 0x0000, 0x0000, 0x0000, 0x0000, 0x0000, 0x0000,
  0x0000, 0x0000, 0x0000, 0x0000, 0x7224, 0x7A45, 0x8265, 0x8265, 0x8265, 0x8265, 0x8265, 0x8265,
  0x8265, 0x8265, 0x8265, 0x8A65, 0x8265, 0x69E4, 0x69E4, 0x61C4, 0x4942, 0x4943, 0x4942, 0x4942,
  0x5162, 0x5162, 0x4962, 0x4942, 0x3902, 0x3902, 0x4122, 0x0000, 0x0000, 0x0000, 0x0000, 0x0000,
  0x0000, 0x0000, 0x0000, 0x0000, 0x0000, 0x0000, 0x0000, 0x0000, 0x0000, 0x0000, 0x0000, 0x0000,
  0x0000, 0x0000, 0x0000, 0x0000, 0x0000, 0x0000, 0x0000, 0x0000, 0x0000, 0x0000, 0x0000, 0x0000,
  0x0000, 0x0000, 0x0000, 0x0000, 0x0000, 0x0000, 0x0000, 0x0000, 0x0000, 0x0000, 0x0000, 0x0000,
  0x0000, 0x0000, 0x0000, 0x0000, 0x0000, 0x0000, 0x0000, 0x0000, 0x0000, 0x0000, 0x0000, 0x0000,
  0x0000, 0x0000, 0x0000, 0x0000, 0x0000, 0x0000, 0x0000, 0x0000, 0x0000, 0x0000, 0x0000, 0x0000,
  0x0000, 0x0000, 0x0000, 0x0000, 0x0000, 0x0000, 0x0000, 0x0000, 0x0000, 0x0000, 0x0000, 0x0000,
  0x0000, 0x0000, 0x0000, 0x0000, 0x0000, 0x0000, 0x0000, 0x0000, 0x0000, 0x0000, 0x0000, 0x0000,
  0x0000, 0x0000, 0x0000, 0x0000, 0x0000, 0x0000, 0x0000, 0x0000, 0x0000, 0x0000, 0x0000, 0x0000,
  0x0000, 0x0000, 0x0000, 0x0000, 0x0000, 0x0000, 0x0000, 0x0000, 0x0000, 0x0000, 0x0000, 0x0000,
  0x0000, 0x0000, 0x0000, 0x0000, 0x0000, 0x0000, 0x0000, 0x0000, 0x0000, 0x0000, 0x0000, 0x0000,
  0x0000, 0x0000, 0x0000, 0x0000, 0x0000, 0x0000, 0x0000, 0x0000, 0x0000, 0x0000, 0x0000, 0x0000,
  0x0000, 0x0000, 0x0000, 0x0000, 0x0000, 0x0000, 0x0000, 0x0000, 0x0000, 0x0000, 0x0000, 0x0000,
  0x0000, 0x0000, 0x0000, 0x0000, 0x0000, 0x0000, 0x0000, 0x0000, 0x0000, 0x0000, 0x0000, 0x0000,
  0x0000, 0x0000, 0x0000, 0x0000, 0x0000, 0x0000, 0x0000, 0x0000, 0x0000, 0x0000, 0x0000, 0x0000,
  0x0000, 0x0000, 0x0000, 0x0000, 0x0000, 0x0000, 0x0000, 0x0000, 0x0000, 0x0000, 0x0000, 0x0000,
  0x0000, 0x0000, 0x0000, 0x0000, 0x0000, 0x0000, 0x0000, 0x0000, 0x0000, 0x0000, 0x0000, 0x0000,
  0x0000, 0x0000, 0x0000, 0x0000, 0x0000, 0x0000, 0x0000, 0x0000, 0x0000, 0x0000, 0x0000, 0x0000,
  0x0000, 0x0000, 0x0000, 0x0000, 0x7A64, 0x8284, 0x8284, 0x8283, 0x8284, 0x8AA4, 0x8A65, 0x7A45,
  0x7A45, 0x8265, 0x8A85, 0x8A85, 0x7A45, 0x61A3, 0x59A3, 0x59A3, 0x4942, 0x4962, 0x4962, 0x4942,
  0x4962, 0x4942, 0x4943, 0x4942, 0x3902, 0x3902, 0x4122, 0x0000, 0x0000, 0x0000, 0x0000, 0x0000,
  0x0000, 0x0000, 0x0000, 0x0000, 0x0000, 0x0000, 0x0000, 0x0000, 0x0000, 0x0000, 0x0000, 0x0000,
  0x0000, 0x0000, 0x0000, 0x0000, 0x0000, 0x0000, 0x0000, 0x0000, 0x0000, 0x0000, 0x0000, 0x0000,
  0x0000, 0x0000, 0x0000, 0x0000, 0x0000, 0x0000, 0x0000, 0x0000, 0x0000, 0x0000, 0x0000, 0x0000,
  0x0000, 0x0000, 0x0000, 0x0000, 0x0000, 0x0000, 0x0000, 0x0000, 0x0000, 0x0000, 0x0000, 0x0000,
  0x0000, 0x0000, 0x0000, 0x0000, 0x0000, 0x0000, 0x0000, 0x0000, 0x0000, 0x0000, 0x0000, 0x0000,
  0x0000, 0x0000, 0x0000, 0x0000, 0x0000, 0x0000, 0x0000, 0x0000, 0x0000, 0x0000, 0x0000, 0x0000,
  0x0000, 0x0000, 0x0000, 0x0000, 0x0000, 0x0000, 0x0000, 0x0000, 0x0000, 0x0000, 0x0000, 0x0000,
  0x0000, 0x0000, 0x0000, 0x0000, 0x0000, 0x0000, 0x0000, 0x0000, 0x0000, 0x0000, 0x0000, 0x0000,
  0x0000, 0x0000, 0x0000, 0x0000, 0x0000, 0x0000, 0x0000, 0x0000, 0x0000, 0x0000, 0x0000, 0x0000,
  0x0000, 0x0000, 0x0000, 0x0000, 0x0000, 0x0000, 0x0000, 0x0000, 0x0000, 0x0000, 0x0000, 0x0000,
  0x0000, 0x0000, 0x0000, 0x0000, 0x0000, 0x0000, 0x0000, 0x0000, 0x0000, 0x0000, 0x0000, 0x0000,
  0x0000, 0x0000, 0x0000, 0x0000, 0x0000, 0x0000, 0x0000, 0x0000, 0x0000, 0x0000, 0x0000, 0x0000,
  0x0000, 0x0000, 0x0000, 0x0000, 0x0000, 0x0000, 0x0000, 0x0000, 0x0000, 0x0000, 0x0000, 0x0000,
  0x0000, 0x0000, 0x0000, 0x0000, 0x0000, 0x0000, 0x0000, 0x0000, 0x0000, 0x0000, 0x0000, 0x0000,
  0x0000, 0x0000, 0x0000, 0x0000, 0x0000, 0x0000, 0x0000, 0x0000, 0x0000, 0x0000, 0x0000, 0x0000,
  0x0000, 0x0000, 0x0000, 0x0000, 0x0000, 0x0000, 0x0000, 0x0000, 0x0000, 0x0000, 0x0000, 0x0000,
  0x0000, 0x0000, 0x0000, 0x0000, 0x0000, 0x0000, 0x0000, 0x0000, 0x0000, 0x0000, 0x0000, 0x0000,
  0x0000, 0x0000, 0x0000, 0x0000, 0xFEEA, 0xFEEA, 0xFEEA, 0xFE42, 0xFE21, 0xFE41, 0x6184, 0x61C3,
  0x61C4, 0x61C3, 0x5183, 0x5183, 0x4962, 0x4942, 0x4942, 0x4942, 0x4962, 0x4942, 0x4963, 0x4943,
  0x4962, 0x4942, 0x4942, 0x4942, 0x3902, 0x3902, 0x4122, 0x0000, 0x0000, 0x0000, 0x0000, 0x0000,
  0x0000, 0x0000, 0x0000, 0x0000, 0x0000, 0x0000, 0x0000, 0x0000, 0x0000, 0x0000, 0x0000, 0x0000,
  0x0000, 0x0000, 0x0000, 0x0000, 0x0000, 0x0000, 0x0000, 0x0000, 0x0000, 0x0000, 0x0000, 0x0000,
  0x0000, 0x0000, 0x0000, 0x0000, 0x0000, 0x0000, 0x0000, 0x0000, 0x0000, 0x0000, 0x0000, 0x0000,
  0x0000, 0x0000, 0x0000, 0x0000, 0x0000, 0x0000, 0x0000, 0x0000, 0x0000, 0x0000, 0x0000, 0x0000,
  0x0000, 0x0000, 0x0000, 0x0000, 0x0000, 0x0000, 0x0000, 0x0000, 0x0000, 0x0000, 0x0000, 0x0000,
  0x0000, 0x0000, 0x0000, 0x0000, 0x0000, 0x0000, 0x0000, 0x0000, 0x0000, 0x0000, 0x0000, 0x0000,
  0x0000, 0x0000, 0x0000, 0x0000, 0x0000, 0x0000, 0x0000, 0x0000, 0x0000, 0x0000, 0x0000, 0x0000,
  0x0000, 0x0000, 0x0000, 0x0000, 0x0000, 0x0000, 0x0000, 0x0000, 0x0000, 0x0000, 0x0000, 0x0000,
  0x0000, 0x0000, 0x0000, 0x0000, 0x0000, 0x0000, 0x0000, 0x0000, 0x0000, 0x0000, 0x0000, 0x0000,
  0x0000, 0x0000, 0x0000, 0x0000, 0x0000, 0x0000, 0x0000, 0x0000, 0x0000, 0x0000, 0x0000, 0x0000,
  0x0000, 0x0000, 0x0000, 0x0000, 0x0000, 0x0000, 0x0000, 0x0000, 0x0000, 0x0000, 0x0000, 0x0000,
  0x0000, 0x0000, 0x0000, 0x0000, 0x0000, 0x0000, 0x0000, 0x0000, 0x0000, 0x0000, 0x0000, 0x0000,
  0x0000, 0x0000, 0x0000, 0x0000, 0x0000, 0x0000, 0x0000, 0x0000, 0x0000, 0x0000, 0x0000, 0x0000,
  0x0000, 0x0000, 0x0000, 0x0000, 0x0000, 0x0000, 0x0000, 0x0000, 0x0000, 0x0000, 0x0000, 0x0000,
  0x0000, 0x0000, 0x0000, 0x0000, 0x0000, 0x0000, 0x0000, 0x0000, 0x0000, 0x0000, 0x0000, 0x0000,
  0x0000, 0x0000, 0x0000, 0x0000, 0x0000, 0x0000, 0x0000, 0x0000, 0x0000, 0x0000, 0x0000, 0x0000,
  0x0000, 0x0000, 0x0000, 0x0000, 0x0000, 0x0000, 0x0000, 0x0000, 0x0000, 0x0000, 0x0000, 0x0000,
  0x0000, 0x0000, 0x0000, 0x0000, 0xFEE9, 0xFEE9, 0xFEEA, 0xFE41, 0xFE21, 0xFE21, 0x5963, 0x61C3,
  0x69C4, 0x61C4, 0x5163, 0x5163, 0x5163, 0x4963, 0x4943, 0x4942, 0x4963, 0x4962, 0x4942, 0x4962,
  0x4942, 0x4963, 0x4942, 0x4942, 0x4122, 0x4102, 0x4122, 0x0000, 0x0000, 0x0000, 0x0000, 0x0000,
  0x0000, 0x0000, 0x0000, 0x0000, 0x0000, 0x0000, 0x0000, 0x0000, 0x0000, 0x0000, 0x0000, 0x0000,
  0x0000, 0x0000, 0x0000, 0x0000, 0x0000, 0x0000, 0x0000, 0x0000, 0x0000, 0x0000, 0x0000, 0x0000,
  0x0000, 0x0000, 0x0000, 0x0000, 0x0000, 0x0000, 0x0000, 0x0000, 0x0000, 0x0000, 0x0000, 0x0000,
  0x0000, 0x0000, 0x0000, 0x0000, 0x0000, 0x0000, 0x0000, 0x0000, 0x0000, 0x0000, 0x0000, 0x0000,
  0x0000, 0x0000, 0x0000, 0x0000, 0x0000, 0x0000, 0x0000, 0x0000, 0x0000, 0x0000, 0x0000, 0x0000,
  0x0000, 0x0000, 0x0000, 0x0000, 0x0000, 0x0000, 0x0000, 0x0000, 0x0000, 0x0000, 0x0000, 0x0000,
  0x0000, 0x0000, 0x0000, 0x0000, 0x0000, 0x0000, 0x0000, 0x0000, 0x0000, 0x0000, 0x0000, 0x0000,
  0x0000, 0x0000, 0x0000, 0x0000, 0x0000, 0x0000, 0x0000, 0x0000, 0x0000, 0x0000, 0x0000, 0x0000,
  0x0000, 0x0000, 0x0000, 0x0000, 0x0000, 0x0000, 0x0000, 0x0000, 0x0000, 0x0000, 0x0000, 0x0000,
  0x0000, 0x0000, 0x0000, 0x0000, 0x0000, 0x0000, 0x0000, 0x0000, 0x0000, 0x0000, 0x0000, 0x0000,
  0x0000, 0x0000, 0x0000, 0x0000, 0x0000, 0x0000, 0x0000, 0x0000, 0x0000, 0x0000, 0x0000, 0x0000,
  0x0000, 0x0000, 0x0000, 0x0000, 0x0000, 0x0000, 0x0000, 0x0000, 0x0000, 0x0000, 0x0000, 0x0000,
  0x0000, 0x0000, 0x0000, 0x0000, 0x0000, 0x0000, 0x0000, 0x0000, 0x0000, 0x0000, 0x0000, 0x0000,
  0x0000, 0x0000, 0x0000, 0x0000, 0x0000, 0x0000, 0x0000, 0x0000, 0x0000, 0x0000, 0x0000, 0x0000,
  0x0000, 0x0000, 0x0000, 0x0000, 0x0000, 0x0000, 0x0000, 0x0000, 0x0000, 0x0000, 0x0000, 0x0000,
  0x0000, 0x0000, 0x0000, 0x0000, 0x0000, 0x0000, 0x0000, 0x0000, 0x0000, 0x0000, 0x0000, 0x0000,
  0x0000, 0x0000, 0x0000, 0x0000, 0x0000, 0x0000, 0x0000, 0x0000, 0x0000, 0x0000, 0x0000, 0x0000,
  0x0000, 0x0000, 0x0000, 0x0020, 0xFEEA, 0xFEEA, 0xFEEA, 0xFE20, 0xFE21, 0xFE21, 0x4924, 0x69C4,
  0x69E4, 0x5984, 0x4123, 0x4943, 0x5163, 0x5163, 0x4942, 0x4942, 0x4942, 0x4942, 0x4942, 0x4942,
  0x4942, 0x4943, 0x4963, 0x4942, 0x4122, 0x3902, 0x4102, 0x0000, 0x0000, 0x0000, 0x0000, 0x0000,
  0x0000, 0x0000, 0x0000, 0x0000, 0x0000, 0x0000, 0x0000, 0x0000, 0x0000, 0x0000, 0x0000, 0x0000,
  0x0000, 0x0000, 0x0000, 0x0000, 0x0000, 0x0000, 0x0000, 0x0000, 0x0000, 0x0000, 0x0000, 0x0000,
  0x0000, 0x0000, 0x0000, 0x0000, 0x0000, 0x0000, 0x0000, 0x0000, 0x0000, 0x0000, 0x0000, 0x0000,
  0x0000, 0x0000, 0x0000, 0x0000, 0x0000, 0x0000, 0x0000, 0x0000, 0x0000, 0x0000, 0x0000, 0x0000,
  0x0000, 0x0000, 0x0000, 0x0000, 0x0000, 0x0000, 0x0000, 0x0000, 0x0000, 0x0000, 0x0000, 0x0000,
  0x0000, 0x0000, 0x0000, 0x0000, 0x0000, 0x0000, 0x0000, 0x0000, 0x0000, 0x0000, 0x0000, 0x0000,
  0x0000, 0x0000, 0x0000, 0x0000, 0x0000, 0x0000, 0x0000, 0x0000, 0x0000, 0x0000, 0x0000, 0x0000,
  0x0000, 0x0000, 0x0000, 0x0000, 0x0000, 0x0000, 0x0000, 0x0000, 0x0000, 0x0000, 0x0000, 0x0000,
  0x0000, 0x0000, 0x0000, 0x0000, 0x0000, 0x0000, 0x0000, 0x0000, 0x0000, 0x0000, 0x0000, 0x0000,
  0x0000, 0x0000, 0x0000, 0x0000, 0x0000, 0x0000, 0x0000, 0x0000, 0x0000, 0x0000, 0x0000, 0x0000,
  0x0000, 0x0000, 0x0000, 0x0000, 0x0000, 0x0000, 0x0000, 0x0000, 0x0000, 0x0000, 0x0000, 0x0000,
  0x0000, 0x0000, 0x0000, 0x0000, 0x0000, 0x0000, 0x0000, 0x0000, 0x0000, 0x0000, 0x0000, 0x0000,
  0x0000, 0x0000, 0x0000, 0x0000, 0x0000, 0x0000, 0x0000, 0x0000, 0x0000, 0x0000, 0x0000, 0x0000,
  0x0000, 0x0000, 0x0000, 0x0000, 0x0000, 0x0000, 0x0000, 0x0000, 0x0000, 0x0000, 0x0000, 0x0000,
  0x0000, 0x0000, 0x0000, 0x0000, 0x0000, 0x0000, 0x0000, 0x0000, 0x0000, 0x0000, 0x0000, 0x0000,
  0x0000, 0x0000, 0x0000, 0x0000, 0x0000, 0x0000, 0x0000, 0x0000, 0x0000, 0x0000, 0x0000, 0x0000,
  0x0000, 0x0000, 0x0000, 0x0000, 0x0000, 0x0000, 0x0000, 0x0000, 0x0000, 0x0000, 0x0000, 0x0000,
  0x0000, 0x0000, 0x0000, 0x0000, 0xFF0A, 0xFF0A, 0xFEE9, 0xFEC2, 0xFEC2, 0xFEC2, 0xF5E0, 0xF601,
  0xF601, 0xF5C0, 0xE560, 0xEDA0, 0xFE21, 0x5162, 0x4943, 0x4942, 0x4942, 0x4942, 0x4942, 0x4942,
  0x4963, 0x4963, 0x4963, 0x5163, 0x30E1, 0x30E1, 0x38E1, 0x0000, 0x0000, 0x0000, 0x0000, 0x0000,
  0x0000, 0x0000, 0x0000, 0x0000, 0x0000, 0x0000, 0x0000, 0x0000, 0x0000, 0x0000, 0x0000, 0x0000,
  0x0000, 0x0000, 0x0000, 0x0000, 0x0000, 0x0000, 0x0000, 0x0000, 0x0000, 0x0000, 0x0000, 0x0000,
  0x0000, 0x0000, 0x0000, 0x0000, 0x0000, 0x0000, 0x0000, 0x0000, 0x0000, 0x0000, 0x0000, 0x0000,
  0x0000, 0x0000, 0x0000, 0x0000, 0x0000, 0x0000, 0x0000, 0x0000, 0x0000, 0x0000, 0x0000, 0x0000,
  0x0000, 0x0000, 0x0000, 0x0000, 0x0000, 0x0000, 0x0000, 0x0000, 0x0000, 0x0000, 0x0000, 0x0000,
  0x0000, 0x0000, 0x0000, 0x0000, 0x0000, 0x0000, 0x0000, 0x0000, 0x0000, 0x0000, 0x0000, 0x0000,
  0x0000, 0x0000, 0x0000, 0x0000, 0x0000, 0x0000, 0x0000, 0x0000, 0x0000, 0x0000, 0x0000, 0x0000,
  0x0000, 0x0000, 0x0000, 0x0000, 0x0000, 0x0000, 0x0000, 0x0000, 0x0000, 0x0000, 0x0000, 0x0000,
  0x0000, 0x0000, 0x0000, 0x0000, 0x0000, 0x0000, 0x0000, 0x0000, 0x0000, 0x0000, 0x0000, 0x0000,
  0x0000, 0x0000, 0x0000, 0x0000, 0x0000, 0x0000, 0x0000, 0x0000, 0x0000, 0x0000, 0x0000, 0x0000,
  0x0000, 0x0000, 0x0000, 0x0000, 0x0000, 0x0000, 0x0000, 0x0000, 0x0000, 0x0000, 0x0000, 0x0000,
  0x0000, 0x0000, 0x0000, 0x0000, 0x0000, 0x0000, 0x0000, 0x0000, 0x0000, 0x0000, 0x0000, 0x0000,
  0x0000, 0x0000, 0x0000, 0x0000, 0x0000, 0x0000, 0x0000, 0x0000, 0x0000, 0x0000, 0x0000, 0x0000,
  0x0000, 0x0000, 0x0000, 0x0000, 0x0000, 0x0000, 0x0000, 0x0000, 0x0000, 0x0000, 0x0000, 0x0000,
  0x0000, 0x0000, 0x0000, 0x0000, 0x0000, 0x0000, 0x0000, 0x0000, 0x0000, 0x0000, 0x0000, 0x0000,
  0x0000, 0x0000, 0x0000, 0x0000, 0x0000, 0x0000, 0x0000, 0x0000, 0x0000, 0x0000, 0x0000, 0x0000,
  0x0000, 0x0000, 0x0000, 0x0000, 0x0000, 0x0000, 0x0000, 0x0000, 0x0000, 0x0000, 0x0000, 0x0000,
  0x0000, 0x0000, 0x0000, 0x0000, 0xFEEA, 0xFEEA, 0xFEE9, 0xFEC2, 0xFEE3, 0xFEE2, 0xFE20, 0xFE41,
  0xFE41, 0xF601, 0xF5C0, 0xF5E0, 0xFE40, 0x4942, 0x4942, 0x4942, 0x4942, 0x4942, 0x4942, 0x4943,
  0x4963, 0x4963, 0x5163, 0x5983, 0x38E1, 0x30C1, 0x30C1, 0x0000, 0x0000, 0x0000, 0x0000, 0x0000,
  0x0000, 0x0000, 0x0000, 0x0000, 0x0000, 0x0000, 0x0000, 0x0000, 0x0000, 0x0000, 0x0000, 0x0000,
  0x0000, 0x0000, 0x0000, 0x0000, 0x0000, 0x0000, 0x0000, 0x0000, 0x0000, 0x0000, 0x0000, 0x0000,
  0x0000, 0x0000, 0x0000, 0x0000, 0x0000, 0x0000, 0x0000, 0x0000, 0x0000, 0x0000, 0x0000, 0x0000,
  0x0000, 0x0000, 0x0000, 0x0000, 0x0000, 0x0000, 0x0000, 0x0000, 0x0000, 0x0000, 0x0000, 0x0000,
  0x0000, 0x0000, 0x0000, 0x0000, 0x0000, 0x0000, 0x0000, 0x0000, 0x0000, 0x0000, 0x0000, 0x0000,
  0x0000, 0x0000, 0x0000, 0x0000, 0x0000, 0x0000, 0x0000, 0x0000, 0x0000, 0x0000, 0x0000, 0x0000,
  0x0000, 0x0000, 0x0000, 0x0000, 0x0000, 0x0000, 0x0000, 0x0000, 0x0000, 0x0000, 0x0000, 0x0000,
  0x0000, 0x0000, 0x0000, 0x0000, 0x0000, 0x0000, 0x0000, 0x0000, 0x0000, 0x0000, 0x0000, 0x0000,
  0x0000, 0x0000, 0x0000, 0x0000, 0x0000, 0x0000, 0x0000, 0x0000, 0x0000, 0x0000, 0x0000, 0x0000,
  0x0000, 0x0000, 0x0000, 0x0000, 0x0000, 0x0000, 0x0000, 0x0000, 0x0000, 0x0000, 0x0000, 0x0000,
  0x0000, 0x0000, 0x0000, 0x0000, 0x0000, 0x0000, 0x0000, 0x0000, 0x0000, 0x0000, 0x0000, 0x0000,
  0x0000, 0x0000, 0x0000, 0x0000, 0x0000, 0x0000, 0x0000, 0x0000, 0x0000, 0x0000, 0x0000, 0x0000,
  0x0000, 0x0000, 0x0000, 0x0000, 0x0000, 0x0000, 0x0000, 0x0000, 0x0000, 0x0000, 0x0000, 0x0000,
  0x0000, 0x0000, 0x0000, 0x0000, 0x0000, 0x0000, 0x0000, 0x0000, 0x0000, 0x0000, 0x0000, 0x0000,
  0x0000, 0x0000, 0x0000, 0x0000, 0x0000, 0x0000, 0x0000, 0x0000, 0x0000, 0x0000, 0x0000, 0x0000,
  0x0000, 0x0000, 0x0000, 0x0000, 0x0000, 0x0000, 0x0000, 0x0000, 0x0000, 0x0000, 0x0000, 0x0000,
  0x0000, 0x0000, 0x0000, 0x0000, 0x0000, 0x0000, 0x0000, 0x0000, 0x0000, 0x0000, 0x0000, 0x0000,
  0x0000, 0x0000, 0x0000, 0x0000, 0xFEE9, 0xFEEA, 0xFEE9, 0xFEE3, 0xFEE3, 0xFEE2, 0xFE21, 0xFE41,
  0xFE41, 0xFE01, 0xF5C1, 0xF5C0, 0xFE00, 0x4942, 0x4942, 0x4942, 0x4942, 0x4942, 0x4942, 0x4942,
  0x4942, 0x5163, 0x5163, 0x5983, 0x30E1, 0x28C1, 0x30C1, 0x0000, 0x0000, 0x0000, 0x0000, 0x0000,
  0x0000, 0x0000, 0x0000, 0x0000, 0x0000, 0x0000, 0x0000, 0x0000, 0x0000, 0x0000, 0x0000, 0x0000,
  0x0000, 0x0000, 0x0000, 0x0000, 0x0000, 0x0000, 0x0000, 0x0000, 0x0000, 0x0000, 0x0000, 0x0000,
  0x0000, 0x0000, 0x0000, 0x0000, 0x0000, 0x0000, 0x0000, 0x0000, 0x0000, 0x0000, 0x0000, 0x0000,
  0x0000, 0x0000, 0x0000, 0x0000, 0x0000, 0x0000, 0x0000, 0x0000, 0x0000, 0x0000, 0x0000, 0x0000,
  0x0000, 0x0000, 0x0000, 0x0000, 0x0000, 0x0000, 0x0000, 0x0000, 0x0000, 0x0000, 0x0000, 0x0000,
  0x0000, 0x0000, 0x0000, 0x0000, 0x0000, 0x0000, 0x0000, 0x0000, 0x0000, 0x0000, 0x0000, 0x0000,
  0x0000, 0x0000, 0x0000, 0x0000, 0x0000, 0x0000, 0x0000, 0x0000, 0x0000, 0x0000, 0x0000, 0x0000,
  0x0000, 0x0000, 0x0000, 0x0000, 0x0000, 0x0000, 0x0000, 0x0000, 0x0000, 0x0000, 0x0000, 0x0000,
  0x0000, 0x0000, 0x0000, 0x0000, 0x0000, 0x0000, 0x0000, 0x0000, 0x0000, 0x0000, 0x0000, 0x0000,
  0x0000, 0x0000, 0x0000, 0x0000, 0x0000, 0x0000, 0x0000, 0x0000, 0x0000, 0x0000, 0x0000, 0x0000,
  0x0000, 0x0000, 0x0000, 0x0000, 0x0000, 0x0000, 0x0000, 0x0000, 0x0000, 0x0000, 0x0000, 0x0000,
  0x0000, 0x0000, 0x0000, 0x0000, 0x0000, 0x0000, 0x0000, 0x0000, 0x0000, 0x0000, 0x0000, 0x0000,
  0x0000, 0x0000, 0x0000, 0x0000, 0x0000, 0x0000, 0x0000, 0x0000, 0x0000, 0x0000, 0x0000, 0x0000,
  0x0000, 0x0000, 0x0000, 0x0000, 0x0000, 0x0000, 0x0000, 0x0000, 0x0000, 0x0000, 0x0000, 0x0000,
  0x0000, 0x0000, 0x0000, 0x0000, 0x0000, 0x0000, 0x0000, 0x0000, 0x0000, 0x0000, 0x0000, 0x0000,
  0x0000, 0x0000, 0x0000, 0x0000, 0x0000, 0x0000, 0x0000, 0x0000, 0x0000, 0x0000, 0x0000, 0x0000,
  0x0000, 0x0000, 0x0000, 0x0000, 0x0000, 0x0000, 0x0000, 0x0000, 0x0000, 0x0000, 0x0000, 0x0000,
  0x0000, 0x0000, 0x0000, 0x0000, 0xFEEA, 0xFEEA, 0xFEEA, 0xFEE3, 0xFEE3, 0xFEE2, 0xFEE2, 0xFEE3,
  0xFEE3, 0xFE61, 0xF5E1, 0xF5C0, 0xFDE0, 0x4942, 0x4942, 0x4962, 0x4942, 0x4942, 0x3902, 0x3902,
  0x3902, 0x38E2, 0x3902, 0x3902, 0x0020, 0x0000, 0x0000, 0x0000, 0x0000, 0x0000, 0x0000, 0x0000,
  0x0000, 0x0000, 0x0000, 0x0000, 0x0000, 0x0000, 0x0000, 0x0000, 0x0000, 0x0000, 0x0000, 0x0000,
  0x0000, 0x0000, 0x0000, 0x0000, 0x0000, 0x0000, 0x0000, 0x0000, 0x0000, 0x0000, 0x0000, 0x0000,
  0x0000, 0x0000, 0x0000, 0x0000, 0x0000, 0x0000, 0x0000, 0x0000, 0x0000, 0x0000, 0x0000, 0x0000,
  0x0000, 0x0000, 0x0000, 0x0000, 0x0000, 0x0000, 0x0000, 0x0000, 0x0000, 0x0000, 0x0000, 0x0000,
  0x0000, 0x0000, 0x0000, 0x0000, 0x0000, 0x0000, 0x0000, 0x0000, 0x0000, 0x0000, 0x0000, 0x0000,
  0x0000, 0x0000, 0x0000, 0x0000, 0x0000, 0x0000, 0x0000, 0x0000, 0x0000, 0x0000, 0x0000, 0x0000,
  0x0000, 0x0000, 0x0000, 0x0000, 0x0000, 0x0000, 0x0000, 0x0000, 0x0000, 0x0000, 0x0000, 0x0000,
  0x0000, 0x0000, 0x0000, 0x0000, 0x0000, 0x0000, 0x0000, 0x0000, 0x0000, 0x0000, 0x0000, 0x0000,
  0x0000, 0x0000, 0x0000, 0x0000, 0x0000, 0x0000, 0x0000, 0x0000, 0x0000, 0x0000, 0x0000, 0x0000,
  0x0000, 0x0000, 0x0000, 0x0000, 0x0000, 0x0000, 0x0000, 0x0000, 0x0000, 0x0000, 0x0000, 0x0000,
  0x0000, 0x0000, 0x0000, 0x0000, 0x0000, 0x0000, 0x0000, 0x0000, 0x0000, 0x0000, 0x0000, 0x0000,
  0x0000, 0x0000, 0x0000, 0x0000, 0x0000, 0x0000, 0x0000, 0x0000, 0x0000, 0x0000, 0x0000, 0x0000,
  0x0000, 0x0000, 0x0000, 0x0000, 0x0000, 0x0000, 0x0000, 0x0000, 0x0000, 0x0000, 0x0000, 0x0000,
  0x0000, 0x0000, 0x0000, 0x0000, 0x0000, 0x0000, 0x0000, 0x0000, 0x0000, 0x0000, 0x0000, 0x0000,
  0x0000, 0x0000, 0x0000, 0x0000, 0x0000, 0x0000, 0x0000, 0x0000, 0x0000, 0x0000, 0x0000, 0x0000,
  0x0000, 0x0000, 0x0000, 0x0000, 0x0000, 0x0000, 0x0000, 0x0000, 0x0000, 0x0000, 0x0000, 0x0000,
  0x0000, 0x0000, 0x0000, 0x0000, 0x0000, 0x0000, 0x0000, 0x0000, 0x0000, 0x0000, 0x0000, 0x0000,
  0x0000, 0x0000, 0x0000, 0x0020, 0xFEEB, 0xFEEA, 0xFEEA, 0xFEE2, 0xFEE3, 0xFEE2, 0xFEE3, 0xFEE3,
  0xFEE3, 0xFE61, 0xFDE0, 0xF5C0, 0xFE00, 0x4962, 0x4963, 0x4962, 0x4942, 0x4942, 0x3902, 0x3902,
  0x3902, 0x38E2, 0x38E2, 0x30E1, 0x0000, 0x0000, 0x0000, 0x0000, 0x0000, 0x0000, 0x0000, 0x0000,
  0x0000, 0x0000, 0x0000, 0x0000, 0x0000, 0x0000, 0x0000, 0x0000, 0x0000, 0x0000, 0x0000, 0x0000,
  0x0000, 0x0000, 0x0000, 0x0000, 0x0000, 0x0000, 0x0000, 0x0000, 0x0000, 0x0000, 0x0000, 0x0000,
  0x0000, 0x0000, 0x0000, 0x0000, 0x0000, 0x0000, 0x0000, 0x0000, 0x0000, 0x0000, 0x0000, 0x0000,
  0x0000, 0x0000, 0x0000, 0x0000, 0x0000, 0x0000, 0x0000, 0x0000, 0x0000, 0x0000, 0x0000, 0x0000,
  0x0000, 0x0000, 0x0000, 0x0000, 0x0000, 0x0000, 0x0000, 0x0000, 0x0000, 0x0000, 0x0000, 0x0000,
  0x0000, 0x0000, 0x0000, 0x0000, 0x0000, 0x0000, 0x0000, 0x0000, 0x0000, 0x0000, 0x0000, 0x0000,
  0x0000, 0x0000, 0x0000, 0x0000, 0x0000, 0x0000, 0x0000, 0x0000, 0x0000, 0x0000, 0x0000, 0x0000,
  0x0000, 0x0000, 0x0000, 0x0000, 0x0000, 0x0000, 0x0000, 0x0000, 0x0000, 0x0000, 0x0000, 0x0000,
  0x0000, 0x0000, 0x0000, 0x0000, 0x0000, 0x0000, 0x0000, 0x0000, 0x0000, 0x0000, 0x0000, 0x0000,
  0x0000, 0x0000, 0x0000, 0x0000, 0x0000, 0x0000, 0x0000, 0x0000, 0x0000, 0x0000, 0x0000, 0x0000,
  0x0000, 0x0000, 0x0000, 0x0000, 0x0000, 0x0000, 0x0000, 0x0000, 0x0000, 0x0000, 0x0000, 0x0000,
  0x0000, 0x0000, 0x0000, 0x0000, 0x0000, 0x0000, 0x0000, 0x0000, 0x0000, 0x0000, 0x0000, 0x0000,
  0x0000, 0x0000, 0x0000, 0x0000, 0x0000, 0x0000, 0x0000, 0x0000, 0x0000, 0x0000, 0x0000, 0x0000,
  0x0000, 0x0000, 0x0000, 0x0000, 0x0000, 0x0000, 0x0000, 0x0000, 0x0000, 0x0000, 0x0000, 0x0000,
  0x0000, 0x0000, 0x0000, 0x0000, 0x0000, 0x0000, 0x0000, 0x0000, 0x0000, 0x0000, 0x0000, 0x0000,
  0x0000, 0x0000, 0x0000, 0x0000, 0x0000, 0x0000, 0x0000, 0x0000, 0x0000, 0x0000, 0x0000, 0x0000,
  0x0000, 0x0000, 0x0000, 0x0000, 0x0000, 0x0000, 0x0000, 0x0000, 0x0000, 0x0000, 0x0000, 0x0000,
  0x0020, 0x0020, 0x0000, 0x0020, 0xFEEB, 0xFEEA, 0xFEE9, 0xFEE2, 0xFEE2, 0xFEE3, 0xFEE3, 0xFEE3,
  0xFEE3, 0xFE82, 0xFDE0, 0xF5C0, 0xFDE0, 0x4942, 0x4942, 0x4942, 0x4942, 0x4942, 0x3902, 0x3902,
  0x3902, 0x3902, 0x30E1, 0x30E1, 0x0000, 0x0000, 0x0000, 0x0000, 0x0000, 0x0000, 0x0000, 0x0000,
  0x0000, 0x0000, 0x0000, 0x0000, 0x0000, 0x0000, 0x0000, 0x0000, 0x0000, 0x0000, 0x0000, 0x0000,
  0x0000, 0x0000, 0x0000, 0x0000, 0x0000, 0x0000, 0x0000, 0x0000, 0x0000, 0x0000, 0x0000, 0x0000,
  0x0000, 0x0000, 0x0000, 0x0000, 0x0000, 0x0000, 0x0000, 0x0000, 0x0000, 0x0000, 0x0000, 0x0000,
  0x0000, 0x0000, 0x0000, 0x0000, 0x0000, 0x0000, 0x0000, 0x0000, 0x0000, 0x0000, 0x0000, 0x0000,
  0x0000, 0x0000, 0x0000, 0x0000, 0x0000, 0x0000, 0x0000, 0x0000, 0x0000, 0x0000, 0x0000, 0x0000,
  0x0000, 0x0000, 0x0000, 0x0000, 0x0000, 0x0000, 0x0000, 0x0000, 0x0000, 0x0000, 0x0000, 0x0000,
  0x0000, 0x0000, 0x0000, 0x0000, 0x0000, 0x0000, 0x0000, 0x0000, 0x0000, 0x0000, 0x0000, 0x0000,
  0x0000, 0x0000, 0x0000, 0x0000, 0x0000, 0x0000, 0x0000, 0x0000, 0x0000, 0x0000, 0x0000, 0x0000,
  0x0000, 0x0000, 0x0000, 0x0000, 0x0000, 0x0000, 0x0000, 0x0000, 0x0000, 0x0000, 0x0000, 0x0000,
  0x0000, 0x0000, 0x0000, 0x0000, 0x0000, 0x0000, 0x0000, 0x0000, 0x0000, 0x0000, 0x0000, 0x0000,
  0x0000, 0x0000, 0x0000, 0x0000, 0x0000, 0x0000, 0x0000, 0x0000, 0x0000, 0x0000, 0x0000, 0x0000,
  0x0000, 0x0000, 0x0000, 0x0000, 0x0000, 0x0000, 0x0000, 0x0000, 0x0000, 0x0000, 0x0000, 0x0000,
  0x0000, 0x0000, 0x0000, 0x0000, 0x0000, 0x0000, 0x0000, 0x0000, 0x0000, 0x0000, 0x0000, 0x0000,
  0x0000, 0x0000, 0x0000, 0x0000, 0x0000, 0x0000, 0x0000, 0x0000, 0x0000, 0x0000, 0x0000, 0x0000,
  0x0000, 0x0000, 0x0000, 0x0000, 0x0000, 0x0000, 0x0000, 0x0000, 0x0000, 0x0000, 0x0000, 0x0000,
  0x0000, 0x0000, 0x0000, 0x0000, 0x0000, 0x0000, 0x0000, 0x0000, 0x0000, 0x0000, 0x0000, 0x0000,
  0x0000, 0x0000, 0x0000, 0x0000, 0x0000, 0x0000, 0x0000, 0x0000, 0x0000, 0x0000, 0x0000, 0x0000,
  0x1080, 0xFECA, 0xF6A9, 0xF6A8, 0xFEC6, 0xFEE3, 0xFEE3, 0xFEE3, 0xFEE3, 0xFEE3, 0xFEE3, 0xFEE3,
  0xFEE3, 0xFE82, 0xF5E0, 0xF5C0, 0xFDC0, 0x4942, 0x4942, 0x4943, 0x3902, 0x3902, 0x3102, 0x30E2,
  0x3922, 0x0020, 0x0000, 0x0000, 0x0000, 0x0000, 0x0000, 0x0000, 0x0000, 0x0000, 0x0000, 0x0000,
  0x0000, 0x0000, 0x0000, 0x0000, 0x0000, 0x0000, 0x0000, 0x0000, 0x0000, 0x0000, 0x0000, 0x0000,
  0x0000, 0x0000, 0x0000, 0x0000, 0x0000, 0x0000, 0x0000, 0x0000, 0x0000, 0x0000, 0x0000, 0x0000,
  0x0000, 0x0000, 0x0000, 0x0000, 0x0000, 0x0000, 0x0000, 0x0000, 0x0000, 0x0000, 0x0000, 0x0000,
  0x0000, 0x0000, 0x0000, 0x0000, 0x0000, 0x0000, 0x0000, 0x0000, 0x0000, 0x0000, 0x0000, 0x0000,
  0x0000, 0x0000, 0x0000, 0x0000, 0x0000, 0x0000, 0x0000, 0x0000, 0x0000, 0x0000, 0x0000, 0x0000,
  0x0000, 0x0000, 0x0000, 0x0000, 0x0000, 0x0000, 0x0000, 0x0000, 0x0000, 0x0000, 0x0000, 0x0000,
  0x0000, 0x0000, 0x0000, 0x0000, 0x0000, 0x0000, 0x0000, 0x0000, 0x0000, 0x0000, 0x0000, 0x0000,
  0x0000, 0x0000, 0x0000, 0x0000, 0x0000, 0x0000, 0x0000, 0x0000, 0x0000, 0x0000, 0x0000, 0x0000,
  0x0000, 0x0000, 0x0000, 0x0000, 0x0000, 0x0000, 0x0000, 0x0000, 0x0000, 0x0000, 0x0000, 0x0000,
  0x0000, 0x0000, 0x0000, 0x0000, 0x0000, 0x0000, 0x0000, 0x0000, 0x0000, 0x0000, 0x0000, 0x0000,
  0x0000, 0x0000, 0x0000, 0x0000, 0x0000, 0x0000, 0x0000, 0x0000, 0x0000, 0x0000, 0x0000, 0x0000,
  0x0000, 0x0000, 0x0000, 0x0000, 0x0000, 0x0000, 0x0000, 0x0000, 0x0000, 0x0000, 0x0000, 0x0000,
  0x0000, 0x0000, 0x0000, 0x0000, 0x0000, 0x0000, 0x0000, 0x0000, 0x0000, 0x0000, 0x0000, 0x0000,
  0x0000, 0x0000, 0x0000, 0x0000, 0x0000, 0x0000, 0x0000, 0x0000, 0x0000, 0x0000, 0x0000, 0x0000,
  0x0000, 0x0000, 0x0000, 0x0000, 0x0000, 0x0000, 0x0000, 0x0000, 0x0000, 0x0000, 0x0000, 0x0000,
  0x0000, 0x0000, 0x0000, 0x0000, 0x0000, 0x0000, 0x0000, 0x0000, 0x0000, 0x0000, 0x0000, 0x0000,
  0x0000, 0x0000, 0x0000, 0x0000, 0x0000, 0x0000, 0x0000, 0x0000, 0x0000, 0x0000, 0x0000, 0x0000,
  0x0840, 0xFECA, 0xFECA, 0xFEA9, 0xFEC3, 0xFEE3, 0xFEE3, 0xFEE3, 0xFEE3, 0xFEE3, 0xFEE3, 0xFEE3,
  0xFEE3, 0xFE82, 0xF5C0, 0xF5A0, 0xFDE0, 0x4942, 0x4943, 0x4943, 0x3902, 0x3902, 0x30E2, 0x30E2,
  0x3902, 0x0000, 0x0000, 0x0000, 0x0000, 0x0000, 0x0000, 0x0000, 0x0000, 0x0000, 0x0000, 0x0000,
  0x0000, 0x0000, 0x0000, 0x0000, 0x0000, 0x0000, 0x0000, 0x0000, 0x0000, 0x0000, 0x0000, 0x0000,
  0x0000, 0x0000, 0x0000, 0x0000, 0x0000, 0x0000, 0x0000, 0x0000, 0x0000, 0x0000, 0x0000, 0x0000,
  0x0000, 0x0000, 0x0000, 0x0000, 0x0000, 0x0000, 0x0000, 0x0000, 0x0000, 0x0000, 0x0000, 0x0000,
  0x0000, 0x0000, 0x0000, 0x0000, 0x0000, 0x0000, 0x0000, 0x0000, 0x0000, 0x0000, 0x0000, 0x0000,
  0x0000, 0x0000, 0x0000, 0x0000, 0x0000, 0x0000, 0x0000, 0x0000, 0x0000, 0x0000, 0x0000, 0x0000,
  0x0000, 0x0000, 0x0000, 0x0000, 0x0000, 0x0000, 0x0000, 0x0000, 0x0000, 0x0000, 0x0000, 0x0000,
  0x0000, 0x0000, 0x0000, 0x0000, 0x0000, 0x0000, 0x0000, 0x0000, 0x0000, 0x0000, 0x0000, 0x0000,
  0x0000, 0x0000, 0x0000, 0x0000, 0x0000, 0x0000, 0x0000, 0x0000, 0x0000, 0x0000, 0x0000, 0x0000,
  0x0000, 0x0000, 0x0000, 0x0000, 0x0000, 0x0000, 0x0000, 0x0000, 0x0000, 0x0000, 0x0000, 0x0000,
  0x0000, 0x0000, 0x0000, 0x0000, 0x0000, 0x0000, 0x0000, 0x0000, 0x0000, 0x0000, 0x0000, 0x0000,
  0x0000, 0x0000, 0x0000, 0x0000, 0x0000, 0x0000, 0x0000, 0x0000, 0x0000, 0x0000, 0x0000, 0x0000,
  0x0000, 0x0000, 0x0000, 0x0000, 0x0000, 0x0000, 0x0000, 0x0000, 0x0000, 0x0000, 0x0000, 0x0000,
  0x0000, 0x0000, 0x0000, 0x0000, 0x0000, 0x0000, 0x0000, 0x0000, 0x0000, 0x0000, 0x0000, 0x0000,
  0x0000, 0x0000, 0x0000, 0x0000, 0x0000, 0x0000, 0x0000, 0x0000, 0x0000, 0x0000, 0x0000, 0x0000,
  0x0000, 0x0000, 0x0000, 0x0000, 0x0000, 0x0000, 0x0000, 0x0000, 0x0000, 0x0000, 0x0000, 0x0000,
  0x0000, 0x0000, 0x0000, 0x0000, 0x0000, 0x0000, 0x0000, 0x0000, 0x0000, 0x0000, 0x0000, 0x0000,
  0x0000, 0x0000, 0x0000, 0x0000, 0x0000, 0x0000, 0x0000, 0x0000, 0x0000, 0x0000, 0x0020, 0x0000,
  0x0820, 0xFEAA, 0xFECB, 0xFEAA, 0xFEC2, 0xFEE2, 0xFEE3, 0xFEE3, 0xFEE3, 0xFEE3, 0xFEE3, 0xFF03,
  0xFF03, 0xFE82, 0xF5C0, 0xF5C0, 0xFE00, 0x4962, 0x4963, 0x4943, 0x3902, 0x3902, 0x30E2, 0x30E2,
  0x4122, 0x0000, 0x0000, 0x0000, 0x0000, 0x0000, 0x0000, 0x0000, 0x0000, 0x0000, 0x0000, 0x0000,
  0x0000, 0x0000, 0x0000, 0x0000, 0x0000, 0x0000, 0x0000, 0x0000, 0x0000, 0x0000, 0x0000, 0x0000,
  0x0000, 0x0000, 0x0000, 0x0000, 0x0000, 0x0000, 0x0000, 0x0000, 0x0000, 0x0000, 0x0000, 0x0000,
  0x0000, 0x0000, 0x0000, 0x0000, 0x0000, 0x0000, 0x0000, 0x0000, 0x0000, 0x0000, 0x0000, 0x0000,
  0x0000, 0x0000, 0x0000, 0x0000, 0x0000, 0x0000, 0x0000, 0x0000, 0x0000, 0x0000, 0x0000, 0x0000,
  0x0000, 0x0000, 0x0000, 0x0000, 0x0000, 0x0000, 0x0000, 0x0000, 0x0000, 0x0000, 0x0000, 0x0000,
  0x0000, 0x0000, 0x0000, 0x0000, 0x0000, 0x0000, 0x0000, 0x0000, 0x0000, 0x0000, 0x0000, 0x0000,
  0x0000, 0x0000, 0x0000, 0x0000, 0x0000, 0x0000, 0x0000, 0x0000, 0x0000, 0x0000, 0x0000, 0x0000,
  0x0000, 0x0000, 0x0000, 0x0000, 0x0000, 0x0000, 0x0000, 0x0000, 0x0000, 0x0000, 0x0000, 0x0000,
  0x0000, 0x0000, 0x0000, 0x0000, 0x0000, 0x0000, 0x0000, 0x0000, 0x0000, 0x0000, 0x0000, 0x0000,
  0x0000, 0x0000, 0x0000, 0x0000, 0x0000, 0x0000, 0x0000, 0x0000, 0x0000, 0x0000, 0x0000, 0x0000,
  0x0000, 0x0000, 0x0000, 0x0000, 0x0000, 0x0000, 0x0000, 0x0000, 0x0000, 0x0000, 0x0000, 0x0000,
  0x0000, 0x0000, 0x0000, 0x0000, 0x0000, 0x0000, 0x0000, 0x0000, 0x0000, 0x0000, 0x0000, 0x0000,
  0x0000, 0x0000, 0x0000, 0x0000, 0x0000, 0x0000, 0x0000, 0x0000, 0x0000, 0x0000, 0x0000, 0x0000,
  0x0000, 0x0000, 0x0000, 0x0000, 0x0000, 0x0000, 0x0000, 0x0000, 0x0000, 0x0000, 0x0000, 0x0000,
  0x0000, 0x0000, 0x0000, 0x0000, 0x0000, 0x0000, 0x0000, 0x0000, 0x0000, 0x0000, 0x0000, 0x0000,
  0x0000, 0x0000, 0x0000, 0x0000, 0x0000, 0x0000, 0x0000, 0x0000, 0x0000, 0x0000, 0x0000, 0x0000,
  0x0000, 0x0000, 0x0000, 0x0000, 0x0000, 0x0000, 0x0000, 0x0000, 0x0000, 0x5AA2, 0xFF2B, 0xFF0B,
  0xFEEC, 0xF5E0, 0xF601, 0xFDE1, 0xFEE2, 0xFEE2, 0xFEE3, 0xFEE3, 0xFEE3, 0xFEE3, 0xFEE3, 0xFF03,
  0xFEE3, 0xFE61, 0xF5C0, 0xF5C0, 0xFE21, 0x4122, 0x4122, 0x38E2, 0xDC80, 0xE4A0, 0xC420, 0x0000,
  0x0000, 0x0000, 0x0000, 0x0000, 0x0000, 0x0000, 0x0000, 0x0000, 0x0000, 0x0000, 0x0000, 0x0000,
  0x0000, 0x0000, 0x0000, 0x0000, 0x0000, 0x0000, 0x0000, 0x0000, 0x0000, 0x0000, 0x0000, 0x0000,
  0x0000, 0x0000, 0x0000, 0x0000, 0x0000, 0x0000, 0x0000, 0x0000, 0x0000, 0x0000, 0x0000, 0x0000,
  0x0000, 0x0000, 0x0000, 0x0000, 0x0000, 0x0000, 0x0000, 0x0000, 0x0000, 0x0000, 0x0000, 0x0000,
  0x0000, 0x0000, 0x0000, 0x0000, 0x0000, 0x0000, 0x0000, 0x0000, 0x0000, 0x0000, 0x0000, 0x0000,
  0x0000, 0x0000, 0x0000, 0x0000, 0x0000, 0x0000, 0x0000, 0x0000, 0x0000, 0x0000, 0x0000, 0x0000,
  0x0000, 0x0000, 0x0000, 0x0000, 0x0000, 0x0000, 0x0000, 0x0000, 0x0000, 0x0000, 0x0000, 0x0000,
  0x0000, 0x0000, 0x0000, 0x0000, 0x0000, 0x0000, 0x0000, 0x0000, 0x0000, 0x0000, 0x0000, 0x0000,
  0x0000, 0x0000, 0x0000, 0x0000, 0x0000, 0x0000, 0x0000, 0x0000, 0x0000, 0x0000, 0x0000, 0x0000,
  0x0000, 0x0000, 0x0000, 0x0000, 0x0000, 0x0000, 0x0000, 0x0000, 0x0000, 0x0000, 0x0000, 0x0000,
  0x0000, 0x0000, 0x0000, 0x0000, 0x0000, 0x0000, 0x0000, 0x0000, 0x0000, 0x0000, 0x0000, 0x0000,
  0x0000, 0x0000, 0x0000, 0x0000, 0x0000, 0x0000, 0x0000, 0x0000, 0x0000, 0x0000, 0x0000, 0x0000,
  0x0000, 0x0000, 0x0000, 0x0000, 0x0000, 0x0000, 0x0000, 0x0000, 0x0000, 0x0000, 0x0000, 0x0000,
  0x0000, 0x0000, 0x0000, 0x0000, 0x0000, 0x0000, 0x0000, 0x0000, 0x0000, 0x0000, 0x0000, 0x0000,
  0x0000, 0x0000, 0x0000, 0x0000, 0x0000, 0x0000, 0x0000, 0x0000, 0x0000, 0x0000, 0x0000, 0x0000,
  0x0000, 0x0000, 0x0000, 0x0000, 0x0000, 0x0000, 0x0000, 0x0000, 0x0000, 0x0000, 0x0000, 0x0000,
  0x0000, 0x0000, 0x0000, 0x0000, 0x0000, 0x0000, 0x0000, 0x0000, 0x0000, 0x0000, 0x0000, 0x0000,
  0x0000, 0x0000, 0x0000, 0x0000, 0x0000, 0x0000, 0x0000, 0x0000, 0x0000, 0x5242, 0xF6AA, 0xF6AA,
  0xFEAA, 0xF5C1, 0xF5E1, 0xFDE1, 0xFEE3, 0xFEE2, 0xFEE3, 0xFEE3, 0xFF03, 0xFF03, 0xFEE3, 0xFF03,
  0xFF03, 0xFE61, 0xF5C0, 0xF5C0, 0xFE00, 0x4122, 0x4122, 0x38E2, 0xD440, 0xDC60, 0xCC00, 0x0000,
  0x0000, 0x0000, 0x0000, 0x0000, 0x0000, 0x0000, 0x0000, 0x0000, 0x0000, 0x0000, 0x0000, 0x0000,
  0x0000, 0x0000, 0x0000, 0x0000, 0x0000, 0x0000, 0x0000, 0x0000, 0x0000, 0x0000, 0x0000, 0x0000,
  0x0000, 0x0000, 0x0000, 0x0000, 0x0000, 0x0000, 0x0000, 0x0000, 0x0000, 0x0000, 0x0000, 0x0000,
  0x0000, 0x0000, 0x0000, 0x0000, 0x0000, 0x0000, 0x0000, 0x0000, 0x0000, 0x0000, 0x0000, 0x0000,
  0x0000, 0x0000, 0x0000, 0x0000, 0x0000, 0x0000, 0x0000, 0x0000, 0x0000, 0x0000, 0x0000, 0x0000,
  0x0000, 0x0000, 0x0000, 0x0000, 0x0000, 0x0000, 0x0000, 0x0000, 0x0000, 0x0000, 0x0000, 0x0000,
  0x0000, 0x0000, 0x0000, 0x0000, 0x0000, 0x0000, 0x0000, 0x0000, 0x0000, 0x0000, 0x0000, 0x0000,
  0x0000, 0x0000, 0x0000, 0x0000, 0x0000, 0x0000, 0x0000, 0x0000, 0x0000, 0x0000, 0x0000, 0x0000,
  0x0000, 0x0000, 0x0000, 0x0000, 0x0000, 0x0000, 0x0000, 0x0000, 0x0000, 0x0000, 0x0000, 0x0000,
  0x0000, 0x0000, 0x0000, 0x0000, 0x0000, 0x0000, 0x0000, 0x0000, 0x0000, 0x0000, 0x0000, 0x0000,
  0x0000, 0x0000, 0x0000, 0x0000, 0x0000, 0x0000, 0x0000, 0x0000, 0x0000, 0x0000, 0x0000, 0x0000,
  0x0000, 0x0000, 0x0000, 0x0000, 0x0000, 0x0000, 0x0000, 0x0000, 0x0000, 0x0000, 0x0000, 0x0000,
  0x0000, 0x0000, 0x0000, 0x0000, 0x0000, 0x0000, 0x0000, 0x0000, 0x0000, 0x0000, 0x0000, 0x0000,
  0x0000, 0x0000, 0x0000, 0x0000, 0x0000, 0x0000, 0x0000, 0x0000, 0x0000, 0x0000, 0x0000, 0x0000,
  0x0000, 0x0000, 0x0000, 0x0000, 0x0000, 0x0000, 0x0000, 0x0000, 0x0000, 0x0000, 0x0000, 0x0000,
  0x0000, 0x0000, 0x0000, 0x0000, 0x0000, 0x0000, 0x0000, 0x0000, 0x0000, 0x0000, 0x0000, 0x0000,
  0x0000, 0x0000, 0x0000, 0x0000, 0x0000, 0x0000, 0x0000, 0x0000, 0x0000, 0x0000, 0x0000, 0x0000,
  0x0000, 0x0000, 0x0000, 0x0000, 0x0000, 0x0000, 0x0000, 0x0000, 0x0000, 0x4A02, 0xF689, 0xFEAA,
  0xFEAB, 0xF5C1, 0xF5E1, 0xFDE1, 0xFF03, 0xFEE3, 0xFEE3, 0xFF03, 0xFF03, 0xFF03, 0xFF03, 0xFEE3,
  0xFEE3, 0xF661, 0xF5A1, 0xF5C1, 0xFDE0, 0x3922, 0x4122, 0x30E1, 0xD460, 0xDC80, 0xC3E0, 0x0000,
  0x0000, 0x0000, 0x0000, 0x0000, 0x0000, 0x0000, 0x0000, 0x0000, 0x0000, 0x0000, 0x0000, 0x0000,
  0x0000, 0x0000, 0x0000, 0x0000, 0x0000, 0x0000, 0x0000, 0x0000, 0x0000, 0x0000, 0x0000, 0x0000,
  0x0000, 0x0000, 0x0000, 0x0000, 0x0000, 0x0000, 0x0000, 0x0000, 0x0000, 0x0000, 0x0000, 0x0000,
  0x0000, 0x0000, 0x0000, 0x0000, 0x0000, 0x0000, 0x0000, 0x0000, 0x0000, 0x0000, 0x0000, 0x0000,
  0x0000, 0x0000, 0x0000, 0x0000, 0x0000, 0x0000, 0x0000, 0x0000, 0x0000, 0x0000, 0x0000, 0x0000,
  0x0000, 0x0000, 0x0000, 0x0000, 0x0000, 0x0000, 0x0000, 0x0000, 0x0000, 0x0000, 0x0000, 0x0000,
  0x0000, 0x0000, 0x0000, 0x0000, 0x0000, 0x0000, 0x0000, 0x0000, 0x0000, 0x0000, 0x0000, 0x0000,
  0x0000, 0x0000, 0x0000, 0x0000, 0x0000, 0x0000, 0x0000, 0x0000, 0x0000, 0x0000, 0x0000, 0x0000,
  0x0000, 0x0000, 0x0000, 0x0000, 0x0000, 0x0000, 0x0000, 0x0000, 0x0000, 0x0000, 0x0000, 0x0000,
  0x0000, 0x0000, 0x0000, 0x0000, 0x0000, 0x0000, 0x0000, 0x0000, 0x0000, 0x0000, 0x0000, 0x0000,
  0x0000, 0x0000, 0x0000, 0x0000, 0x0000, 0x0000, 0x0000, 0x0000, 0x0000, 0x0000, 0x0000, 0x0000,
  0x0000, 0x0000, 0x0000, 0x0000, 0x0000, 0x0000, 0x0000, 0x0000, 0x0000, 0x0000, 0x0000, 0x0000,
  0x0000, 0x0000, 0x0000, 0x0000, 0x0000, 0x0000, 0x0000, 0x0000, 0x0000, 0x0000, 0x0000, 0x0000,
  0x0000, 0x0000, 0x0000, 0x0000, 0x0000, 0x0000, 0x0000, 0x0000, 0x0000, 0x0000, 0x0000, 0x0000,
  0x0000, 0x0000, 0x0000, 0x0000, 0x0000, 0x0000, 0x0000, 0x0000, 0x0000, 0x0000, 0x0000, 0x0000,
  0x0000, 0x0000, 0x0000, 0x0000, 0x0000, 0x0000, 0x0000, 0x0000, 0x0000, 0x0000, 0x0000, 0x0000,
  0x0000, 0x0000, 0x0000, 0x0000, 0x0000, 0x0000, 0x0000, 0x0000, 0x0000, 0x0000, 0x0000, 0x0000,
  0x0000, 0x0000, 0x0000, 0x0000, 0x0000, 0x0000, 0x0000, 0x0000, 0x20E0, 0xEDA2, 0xF622, 0xF624,
  0xF623, 0xFEA2, 0xFEA2, 0xFEA2, 0xFEE2, 0xFEE3, 0xFEE3, 0xFEE3, 0xFF03, 0xFF03, 0xFE62, 0xFE62,
  0xFE42, 0xF5C1, 0xF5C1, 0xF5C1, 0xDCE0, 0xCC00, 0xD420, 0xCC00, 0xDC60, 0xDC80, 0xB3A0, 0x0000,
  0x0000, 0x0000, 0x0000, 0x0000, 0x0000, 0x0000, 0x0000, 0x0000, 0x0000, 0x0000, 0x0000, 0x0000,
  0x0000, 0x0000, 0x0000, 0x0000, 0x0000, 0x0000, 0x0000, 0x0000, 0x0000, 0x0000, 0x0000, 0x0000,
  0x0000, 0x0000, 0x0000, 0x0000, 0x0000, 0x0000, 0x0000, 0x0000, 0x0000, 0x0000, 0x0000, 0x0000,
  0x0000, 0x0000, 0x0000, 0x0000, 0x0000, 0x0000, 0x0000, 0x0000, 0x0000, 0x0000, 0x0000, 0x0000,
  0x0000, 0x0000, 0x0000, 0x0000, 0x0000, 0x0000, 0x0000, 0x0000, 0x0000, 0x0000, 0x0000, 0x0000,
  0x0000, 0x0000, 0x0000, 0x0000, 0x0000, 0x0000, 0x0000, 0x0000, 0x0000, 0x0000, 0x0000, 0x0000,
  0x0000, 0x0000, 0x0000, 0x0000, 0x0000, 0x0000, 0x0000, 0x0000, 0x0000, 0x0000, 0x0000, 0x0000,
  0x0000, 0x0000, 0x0000, 0x0000, 0x0000, 0x0000, 0x0000, 0x0000, 0x0000, 0x0000, 0x0000, 0x0000,
  0x0000, 0x0000, 0x0000, 0x0000, 0x0000, 0x0000, 0x0000, 0x0000, 0x0000, 0x0000, 0x0000, 0x0000,
  0x0000, 0x0000, 0x0000, 0x0000, 0x0000, 0x0000, 0x0000, 0x0000, 0x0000, 0x0000, 0x0000, 0x0000,
  0x0000, 0x0000, 0x0000, 0x0000, 0x0000, 0x0000, 0x0000, 0x0000, 0x0000, 0x0000, 0x0000, 0x0000,
  0x0000, 0x0000, 0x0000, 0x0000, 0x0000, 0x0000, 0x0000, 0x0000, 0x0000, 0x0000, 0x0000, 0x0000,
  0x0000, 0x0000, 0x0000, 0x0000, 0x0000, 0x0000, 0x0000, 0x0000, 0x0000, 0x0000, 0x0000, 0x0000,
  0x0000, 0x0000, 0x0000, 0x0000, 0x0000, 0x0000, 0x0000, 0x0000, 0x0000, 0x0000, 0x0000, 0x0000,
  0x0000, 0x0000, 0x0000, 0x0000, 0x0000, 0x0000, 0x0000, 0x0000, 0x0000, 0x0000, 0x0000, 0x0000,
  0x0000, 0x0000, 0x0000, 0x0000, 0x0000, 0x0000, 0x0000, 0x0000, 0x0000, 0x0000, 0x0000, 0x0000,
  0x0000, 0x0000, 0x0000, 0x0000, 0x0000, 0x0000, 0x0000, 0x0000, 0x0000, 0x0000, 0x0000, 0x0000,
  0x0000, 0x0000, 0x0000, 0x0000, 0x0000, 0x0000, 0x0000, 0x0000, 0x18C0, 0xF624, 0xF5E1, 0xF5E1,
  0xF5E1, 0xFEE3, 0xFEE2, 0xFEE2, 0xFEE3, 0xFEE3, 0xFF03, 0xFF03, 0xFEE3, 0xFF03, 0xFE22, 0xFE22,
  0xFE22, 0xF5C1, 0xF5C1, 0xF5C1, 0xDCC0, 0xD440, 0xD460, 0xDC60, 0xDC60, 0xDC60, 0xAB60, 0x0000,
  0x0000, 0x0000, 0x0000, 0x0000, 0x0000, 0x0000, 0x0000, 0x0000, 0x0000, 0x0000, 0x0000, 0x0000,
  0x0000, 0x0000, 0x0000, 0x0000, 0x0000, 0x0000, 0x0000, 0x0000, 0x0000, 0x0000, 0x0000, 0x0000,
  0x0000, 0x0000, 0x0000, 0x0000, 0x0000, 0x0000, 0x0000, 0x0000, 0x0000, 0x0000, 0x0000, 0x0000,
  0x0000, 0x0000, 0x0000, 0x0000, 0x0000, 0x0000, 0x0000, 0x0000, 0x0000, 0x0000, 0x0000, 0x0000,
  0x0000, 0x0000, 0x0000, 0x0000, 0x0000, 0x0000, 0x0000, 0x0000, 0x0000, 0x0000, 0x0000, 0x0000,
  0x0000, 0x0000, 0x0000, 0x0000, 0x0000, 0x0000, 0x0000, 0x0000, 0x0000, 0x0000, 0x0000, 0x0000,
  0x0000, 0x0000, 0x0000, 0x0000, 0x0000, 0x0000, 0x0000, 0x0000, 0x0000, 0x0000, 0x0000, 0x0000,
  0x0000, 0x0000, 0x0000, 0x0000, 0x0000, 0x0000, 0x0000, 0x0000, 0x0000, 0x0000, 0x0000, 0x0000,
  0x0000, 0x0000, 0x0000, 0x0000, 0x0000, 0x0000, 0x0000, 0x0000, 0x0000, 0x0000, 0x0000, 0x0000,
  0x0000, 0x0000, 0x0000, 0x0000, 0x0000, 0x0000, 0x0000, 0x0000, 0x0000, 0x0000, 0x0000, 0x0000,
  0x0000, 0x0000, 0x0000, 0x0000, 0x0000, 0x0000, 0x0000, 0x0000, 0x0000, 0x0000, 0x0000, 0x0000,
  0x0000, 0x0000, 0x0000, 0x0000, 0x0000, 0x0000, 0x0000, 0x0000, 0x0000, 0x0000, 0x0000, 0x0000,
  0x0000, 0x0000, 0x0000, 0x0000, 0x0000, 0x0000, 0x0000, 0x0000, 0x0000, 0x0000, 0x0000, 0x0000,
  0x0000, 0x0000, 0x0000, 0x0000, 0x0000, 0x0000, 0x0000, 0x0000, 0x0000, 0x0000, 0x0000, 0x0000,
  0x0000, 0x0000, 0x0000, 0x0000, 0x0000, 0x0000, 0x0000, 0x0000, 0x0000, 0x0000, 0x0000, 0x0000,
  0x0000, 0x0000, 0x0000, 0x0000, 0x0000, 0x0000, 0x0000, 0x0000, 0x0000, 0x0000, 0x0000, 0x0000,
  0x0000, 0x0000, 0x0000, 0x0000, 0x0000, 0x0000, 0x0000, 0x0000, 0x0000, 0x0000, 0x0000, 0x0000,
  0x0000, 0x0000, 0x0000, 0x0000, 0x0000, 0x0000, 0x0020, 0x0020, 0x10A0, 0xFE44, 0xF5E1, 0xF5C1,
  0xF5E1, 0xFEE3, 0xFEE2, 0xFEE3, 0xFEE3, 0xFF03, 0xFF03, 0xFF03, 0xFEE3, 0xFF03, 0xFE22, 0xFE22,
  0xFE22, 0xF5E1, 0xF5C1, 0xF5C1, 0xDCC0, 0xDC60, 0xDC60, 0xDC60, 0xDC60, 0xD440, 0x9B00, 0x0000,
  0x0000, 0x0000, 0x0000, 0x0000, 0x0000, 0x0000, 0x0000, 0x0000, 0x0000, 0x0000, 0x0000, 0x0000,
  0x0000, 0x0000, 0x0000, 0x0000, 0x0000, 0x0000, 0x0000, 0x0000, 0x0000, 0x0000, 0x0000, 0x0000,
  0x0000, 0x0000, 0x0000, 0x0000, 0x0000, 0x0000, 0x0000, 0x0000, 0x0000, 0x0000, 0x0000, 0x0000,
  0x0000, 0x0000, 0x0000, 0x0000, 0x0000, 0x0000, 0x0000, 0x0000, 0x0000, 0x0000, 0x0000, 0x0000,
  0x0000, 0x0000, 0x0000, 0x0000, 0x0000, 0x0000, 0x0000, 0x0000, 0x0000, 0x0000, 0x0000, 0x0000,
  0x0000, 0x0000, 0x0000, 0x0000, 0x0000, 0x0000, 0x0000, 0x0000, 0x0000, 0x0000, 0x0000, 0x0000,
  0x0000, 0x0000, 0x0000, 0x0000, 0x0000, 0x0000, 0x0000, 0x0000, 0x0000, 0x0000, 0x0000, 0x0000,
  0x0000, 0x0000, 0x0000, 0x0000, 0x0000, 0x0000, 0x0000, 0x0000, 0x0000, 0x0000, 0x0000, 0x0000,
  0x0000, 0x0000, 0x0000, 0x0000, 0x0000, 0x0000, 0x0000, 0x0000, 0x0000, 0x0000, 0x0000, 0x0000,
  0x0000, 0x0000, 0x0000, 0x0000, 0x0000, 0x0000, 0x0000, 0x0000, 0x0000, 0x0000, 0x0000, 0x0000,
  0x0000, 0x0000, 0x0000, 0x0000, 0x0000, 0x0000, 0x0000, 0x0000, 0x0000, 0x0000, 0x0000, 0x0000,
  0x0000, 0x0000, 0x0000, 0x0000, 0x0000, 0x0000, 0x0000, 0x0000, 0x0000, 0x0000, 0x0000, 0x0000,
  0x0000, 0x0000, 0x0000, 0x0000, 0x0000, 0x0000, 0x0000, 0x0000, 0x0000, 0x0000, 0x0000, 0x0000,
  0x0000, 0x0000, 0x0000, 0x0000, 0x0000, 0x0000, 0x0000, 0x0000, 0x0000, 0x0000, 0x0000, 0x0000,
  0x0000, 0x0000, 0x0000, 0x0000, 0x0000, 0x0000, 0x0000, 0x0000, 0x0000, 0x0000, 0x0000, 0x0000,
  0x0000, 0x0000, 0x0000, 0x0000, 0x0000, 0x0000, 0x0000, 0x0000, 0x0000, 0x0000, 0x0000, 0x0000,
  0x0000, 0x0000, 0x0000, 0x0000, 0x0000, 0x0000, 0x0000, 0x0000, 0x0000, 0x0000, 0x0000, 0x0000,
  0x0000, 0x0000, 0x0000, 0x0020, 0x0020, 0x1040, 0xFE42, 0xFE42, 0xFE84, 0xFDE2, 0xFF03, 0xFEE3,
  0xFEE3, 0xFEE3, 0xFEE3, 0xFEE3, 0xFF03, 0xFEE3, 0xFF03, 0xFF03, 0xFF03, 0xFEE3, 0xFE22, 0xFE42,
  0xFE22, 0xF5E1, 0xF5A1, 0xF5C1, 0xDCC0, 0xFE02, 0xFE01, 0xED21, 0xD440, 0xD440, 0x92C0, 0x0000,
  0x0000, 0x0000, 0x0000, 0x0000, 0x0000, 0x0000, 0x0000, 0x0000, 0x0000, 0x0000, 0x0000, 0x0000,
  0x0000, 0x0000, 0x0000, 0x0000, 0x0000, 0x0000, 0x0000, 0x0000, 0x0000, 0x0000, 0x0000, 0x0000,
  0x0000, 0x0000, 0x0000, 0x0000, 0x0000, 0x0000, 0x0000, 0x0000, 0x0000, 0x0000, 0x0000, 0x0000,
  0x0000, 0x0000, 0x0000, 0x0000, 0x0000, 0x0000, 0x0000, 0x0000, 0x0000, 0x0000, 0x0000, 0x0000,
  0x0000, 0x0000, 0x0000, 0x0000, 0x0000, 0x0000, 0x0000, 0x0000, 0x0000, 0x0000, 0x0000, 0x0000,
  0x0000, 0x0000, 0x0000, 0x0000, 0x0000, 0x0000, 0x0000, 0x0000, 0x0000, 0x0000, 0x0000, 0x0000,
  0x0000, 0x0000, 0x0000, 0x0000, 0x0000, 0x0000, 0x0000, 0x0000, 0x0000, 0x0000, 0x0000, 0x0000,
  0x0000, 0x0000, 0x0000, 0x0000, 0x0000, 0x0000, 0x0000, 0x0000, 0x0000, 0x0000, 0x0000, 0x0000,
  0x0000, 0x0000, 0x0000, 0x0000, 0x0000, 0x0000, 0x0000, 0x0000, 0x0000, 0x0000, 0x0000, 0x0000,
  0x0000, 0x0000, 0x0000, 0x0000, 0x0000, 0x0000, 0x0000, 0x0000, 0x0000, 0x0000, 0x0000, 0x0000,
  0x0000, 0x0000, 0x0000, 0x0000, 0x0000, 0x0000, 0x0000, 0x0000, 0x0000, 0x0000, 0x0000, 0x0000,
  0x0000, 0x0000, 0x0000, 0x0000, 0x0000, 0x0000, 0x0000, 0x0000, 0x0000, 0x0000, 0x0000, 0x0000,
  0x0000, 0x0000, 0x0000, 0x0000, 0x0000, 0x0000, 0x0000, 0x0000, 0x0000, 0x0000, 0x0000, 0x0000,
  0x0000, 0x0000, 0x0000, 0x0000, 0x0000, 0x0000, 0x0000, 0x0000, 0x0000, 0x0000, 0x0000, 0x0000,
  0x0000, 0x0000, 0x0000, 0x0000, 0x0000, 0x0000, 0x0000, 0x0000, 0x0000, 0x0000, 0x0000, 0x0000,
  0x0000, 0x0000, 0x0000, 0x0000, 0x0000, 0x0000, 0x0000, 0x0000, 0x0000, 0x0000, 0x0000, 0x0000,
  0x0000, 0x0000, 0x0000, 0x0000, 0x0000, 0x0000, 0x0000, 0x0000, 0x0000, 0x0000, 0x0000, 0x0000,
  0x0000, 0x0000, 0x20E0, 0x93A4, 0x8B63, 0x7AC2, 0xF623, 0xF623, 0xF623, 0xF5C0, 0xFEE3, 0xFEE3,
  0xFEE3, 0xFEE3, 0xFEE3, 0xFEE3, 0xFEE3, 0xFEE3, 0xFF03, 0xFF03, 0xFEE3, 0xFEE3, 0xFE22, 0xFE22,
  0xFE22, 0xF5E1, 0xF5A1, 0xF5A1, 0xDCC0, 0xFE01, 0xFE01, 0xED40, 0xD440, 0xD440, 0x92C0, 0x0000,
  0x0000, 0x0000, 0x0000, 0x0000, 0x0000, 0x0000, 0x0000, 0x0000, 0x0000, 0x0000, 0x0000, 0x0000,
  0x0000, 0x0000, 0x0000, 0x0000, 0x0000, 0x0000, 0x0000, 0x0000, 0x0000, 0x0000, 0x0000, 0x0000,
  0x0000, 0x0000, 0x0000, 0x0000, 0x0000, 0x0000, 0x0000, 0x0000, 0x0000, 0x0000, 0x0000, 0x0000,
  0x0000, 0x0000, 0x0000, 0x0000, 0x0000, 0x0000, 0x0000, 0x0000, 0x0000, 0x0000, 0x0000, 0x0000,
  0x0000, 0x0000, 0x0000, 0x0000, 0x0000, 0x0000, 0x0000, 0x0000, 0x0000, 0x0000, 0x0000, 0x0000,
  0x0000, 0x0000, 0x0000, 0x0000, 0x0000, 0x0000, 0x0000, 0x0000, 0x0000, 0x0000, 0x0000, 0x0000,
  0x0000, 0x0000, 0x0000, 0x0000, 0x0000, 0x0000, 0x0000, 0x0000, 0x0000, 0x0000, 0x0000, 0x0000,
  0x0000, 0x0000, 0x0000, 0x0000, 0x0000, 0x0000, 0x0000, 0x0000, 0x0000, 0x0000, 0x0000, 0x0000,
  0x0000, 0x0000, 0x0000, 0x0000, 0x0000, 0x0000, 0x0000, 0x0000, 0x0000, 0x0000, 0x0000, 0x0000,
  0x0000, 0x0000, 0x0000, 0x0000, 0x0000, 0x0000, 0x0000, 0x0000, 0x0000, 0x0000, 0x0000, 0x0000,
  0x0000, 0x0000, 0x0000, 0x0000, 0x0000, 0x0000, 0x0000, 0x0000, 0x0000, 0x0000, 0x0000, 0x0000,
  0x0000, 0x0000, 0x0000, 0x0000, 0x0000, 0x0000, 0x0000, 0x0000, 0x0000, 0x0000, 0x0000, 0x0000,
  0x0000, 0x0000, 0x0000, 0x0000, 0x0000, 0x0000, 0x0000, 0x0000, 0x0000, 0x0000, 0x0000, 0x0000,
  0x0000, 0x0000, 0x0000, 0x0000, 0x0000, 0x0000, 0x0000, 0x0000, 0x0000, 0x0000, 0x0000, 0x0000,
  0x0000, 0x0000, 0x0000, 0x0000, 0x0000, 0x0000, 0x0000, 0x0000, 0x0000, 0x0000, 0x0000, 0x0000,
  0x0000, 0x0000, 0x0000, 0x0000, 0x0000, 0x0000, 0x0000, 0x0000, 0x0000, 0x0000, 0x0000, 0x0000,
  0x0000, 0x0000, 0x0000, 0x0000, 0x0000, 0x0000, 0x0000, 0x0000, 0x0000, 0x0000, 0x0000, 0x0000,
  0x0000, 0x0000, 0x6281, 0xF668, 0xF668, 0xF648, 0xFE22, 0xF622, 0xF623, 0xF580, 0xFEE3, 0xFF03,
  0xFEE3, 0xFEE3, 0xFEE3, 0xFF03, 0xFEE3, 0xFEE3, 0xFEE3, 0xFEE3, 0xFEE3, 0xFF03, 0xFDE1, 0xFDE1,
  0xFDE1, 0xF5C1, 0xF5A1, 0xED61, 0xD460, 0xE4E0, 0xE4E0, 0xDC80, 0xDC60, 0xD440, 0x92E0, 0x0000,
  0x0000, 0x0000, 0x0000, 0x0000, 0x0000, 0x0000, 0x0000, 0x0000, 0x0000, 0x0000, 0x0000, 0x0000,
  0x0000, 0x0000, 0x0000, 0x0000, 0x0000, 0x0000, 0x0000, 0x0000, 0x0000, 0x0000, 0x0000, 0x0000,
  0x0000, 0x0000, 0x0000, 0x0000, 0x0000, 0x0000, 0x0000, 0x0000, 0x0000, 0x0000, 0x0000, 0x0000,
  0x0000, 0x0000, 0x0000, 0x0000, 0x0000, 0x0000, 0x0000, 0x0000, 0x0000, 0x0000, 0x0000, 0x0000,
  0x0000, 0x0000, 0x0000, 0x0000, 0x0000, 0x0000, 0x0000, 0x0000, 0x0000, 0x0000, 0x0000, 0x0000,
  0x0000, 0x0000, 0x0000, 0x0000, 0x0000, 0x0000, 0x0000, 0x0000, 0x0000, 0x0000, 0x0000, 0x0000,
  0x0000, 0x0000, 0x0000, 0x0000, 0x0000, 0x0000, 0x0000, 0x0000, 0x0000, 0x0000, 0x0000, 0x0000,
  0x0000, 0x0000, 0x0000, 0x0000, 0x0000, 0x0000, 0x0000, 0x0000, 0x0000, 0x0000, 0x0000, 0x0000,
  0x0000, 0x0000, 0x0000, 0x0000, 0x0000, 0x0000, 0x0000, 0x0000, 0x0000, 0x0000, 0x0000, 0x0000,
  0x0000, 0x0000, 0x0000, 0x0000, 0x0000, 0x0000, 0x0000, 0x0000, 0x0000, 0x0000, 0x0000, 0x0000,
  0x0000, 0x0000, 0x0000, 0x0000, 0x0000, 0x0000, 0x0000, 0x0000, 0x0000, 0x0000, 0x0000, 0x0000,
  0x0000, 0x0000, 0x0000, 0x0000, 0x0000, 0x0000, 0x0000, 0x0000, 0x0000, 0x0000, 0x0000, 0x0000,
  0x0000, 0x0000, 0x0000, 0x0000, 0x0000, 0x0000, 0x0000, 0x0000, 0x0000, 0x0000, 0x0000, 0x0000,
  0x0000, 0x0000, 0x0000, 0x0000, 0x0000, 0x0000, 0x0000, 0x0000, 0x0000, 0x0000, 0x0000, 0x0000,
  0x0000, 0x0000, 0x0000, 0x0000, 0x0000, 0x0000, 0x0000, 0x0000, 0x0000, 0x0000, 0x0000, 0x0000,
  0x0000, 0x0000, 0x0000, 0x0000, 0x0000, 0x0000, 0x0000, 0x0000, 0x0000, 0x0000, 0x0000, 0x0000,
  0x0000, 0x0000, 0x0000, 0x0000, 0x0000, 0x0000, 0x0000, 0x0000, 0x0000, 0x0000, 0x0000, 0x0000,
  0x0000, 0x0000, 0x5A41, 0xFE67, 0xF668, 0xF627, 0xFEC3, 0xFEE3, 0xFEE3, 0xFEE3, 0xFEE3, 0xFF03,
  0xFEE3, 0xFEE3, 0xFEE3, 0xFF03, 0xFF03, 0xFEE3, 0xFEE3, 0xFEE3, 0xFEE3, 0xFF03, 0xF5A0, 0xF580,
  0xED80, 0xDCA0, 0xDC60, 0xD440, 0xD440, 0xD440, 0xD460, 0xDC40, 0xDC60, 0xD440, 0x92A0, 0x0000,
  0x0000, 0x0000, 0x0000, 0x0000, 0x0000, 0x0000, 0x0000, 0x0000, 0x0000, 0x0000, 0x0000, 0x0000,
  0x0000, 0x0000, 0x0000, 0x0000, 0x0000, 0x0000, 0x0000, 0x0000, 0x0000, 0x0000, 0x0000, 0x0000,
  0x0000, 0x0000, 0x0000, 0x0000, 0x0000, 0x0000, 0x0000, 0x0000, 0x0000, 0x0000, 0x0000, 0x0000,
  0x0000, 0x0000, 0x0000, 0x0000, 0x0000, 0x0000, 0x0000, 0x0000, 0x0000, 0x0000, 0x0000, 0x0000,
  0x0000, 0x0000, 0x0000, 0x0000, 0x0000, 0x0000, 0x0000, 0x0000, 0x0000, 0x0000, 0x0000, 0x0000,
  0x0000, 0x0000, 0x0000, 0x0000, 0x0000, 0x0000, 0x0000, 0x0000, 0x0000, 0x0000, 0x0000, 0x0000,
  0x0000, 0x0000, 0x0000, 0x0000, 0x0000, 0x0000, 0x0000, 0x0000, 0x0000, 0x0000, 0x0000, 0x0000,
  0x0000, 0x0000, 0x0000, 0x0000, 0x0000, 0x0000, 0x0000, 0x0000, 0x0000, 0x0000, 0x0000, 0x0000,
  0x0000, 0x0000, 0x0000, 0x0000, 0x0000, 0x0000, 0x0000, 0x0000, 0x0000, 0x0000, 0x0000, 0x0000,
  0x0000, 0x0000, 0x0000, 0x0000, 0x0000, 0x0000, 0x0000, 0x0000, 0x0000, 0x0000, 0x0000, 0x0000,
  0x0000, 0x0000, 0x0000, 0x0000, 0x0000, 0x0000, 0x0000, 0x0000, 0x0000, 0x0000, 0x0000, 0x0000,
  0x0000, 0x0000, 0x0000, 0x0000, 0x0000, 0x0000, 0x0000, 0x0000, 0x0000, 0x0000, 0x0000, 0x0000,
  0x0000, 0x0000, 0x0000, 0x0000, 0x0000, 0x0000, 0x0000, 0x0000, 0x0000, 0x0000, 0x0000, 0x0000,
  0x0000, 0x0000, 0x0000, 0x0000, 0x0000, 0x0000, 0x0000, 0x0000, 0x0000, 0x0000, 0x0000, 0x0000,
  0x0000, 0x0000, 0x0000, 0x0000, 0x0000, 0x0000, 0x0000, 0x0000, 0x0000, 0x0000, 0x0000, 0x0000,
  0x0000, 0x0000, 0x0000, 0x0000, 0x0000, 0x0000, 0x0000, 0x0000, 0x0000, 0x0000, 0x0000, 0x0000,
  0x0000, 0x0000, 0x0000, 0x0000, 0x0000, 0x0000, 0x0000, 0x0000, 0x0000, 0x0000, 0x0000, 0x0000,
  0x0000, 0x0000, 0x0000, 0xFE43, 0xF602, 0xF5C1, 0xFEC2, 0xFEE3, 0xFEE3, 0xFEE3, 0xFEE3, 0xFEE3,
  0xFEE3, 0xFEE3, 0xFEE3, 0xFEE3, 0xFEE3, 0xFF03, 0xFF03, 0xFEE3, 0xFF03, 0xFF03, 0xF5A0, 0xED80,
  0xED80, 0xDCC0, 0xDC60, 0xDC40, 0xD440, 0xD440, 0xD440, 0xD440, 0xD440, 0xD440, 0x92A0, 0x0000,
  0x0000, 0x0000, 0x0000, 0x0000, 0x0000, 0x0000, 0x0000, 0x0000, 0x0000, 0x0000, 0x0000, 0x0000,
  0x0000, 0x0000, 0x0000, 0x0000, 0x0000, 0x0000, 0x0000, 0x0000, 0x0000, 0x0000, 0x0000, 0x0000,
  0x0000, 0x0000, 0x0000, 0x0000, 0x0000, 0x0000, 0x0000, 0x0000, 0x0000, 0x0000, 0x0000, 0x0000,
  0x0000, 0x0000, 0x0000, 0x0000, 0x0000, 0x0000, 0x0000, 0x0000, 0x0000, 0x0000, 0x0000, 0x0000,
  0x0000, 0x0000, 0x0000, 0x0000, 0x0000, 0x0000, 0x0000, 0x0000, 0x0000, 0x0000, 0x0000, 0x0000,
  0x0000, 0x0000, 0x0000, 0x0000, 0x0000, 0x0000, 0x0000, 0x0000, 0x0000, 0x0000, 0x0000, 0x0000,
  0x0000, 0x0000, 0x0000, 0x0000, 0x0000, 0x0000, 0x0000, 0x0000, 0x0000, 0x0000, 0x0000, 0x0000,
  0x0000, 0x0000, 0x0000, 0x0000, 0x0000, 0x0000, 0x0000, 0x0000, 0x0000, 0x0000, 0x0000, 0x0000,
  0x0000, 0x0000, 0x0000, 0x0000, 0x0000, 0x0000, 0x0000, 0x0000, 0x0000, 0x0000, 0x0000, 0x0000,
  0x0000, 0x0000, 0x0000, 0x0000, 0x0000, 0x0000, 0x0000, 0x0000, 0x0000, 0x0000, 0x0000, 0x0000,
  0x0000, 0x0000, 0x0000, 0x0000, 0x0000, 0x0000, 0x0000, 0x0000, 0x0000, 0x0000, 0x0000, 0x0000,
  0x0000, 0x0000, 0x0000, 0x0000, 0x0000, 0x0000, 0x0000, 0x0000, 0x0000, 0x0000, 0x0000, 0x0000,
  0x0000, 0x0000, 0x0000, 0x0000, 0x0000, 0x0000, 0x0000, 0x0000, 0x0000, 0x0000, 0x0000, 0x0000,
  0x0000, 0x0000, 0x0000, 0x0000, 0x0000, 0x0000, 0x0000, 0x0000, 0x0000, 0x0000, 0x0000, 0x0000,
  0x0000, 0x0000, 0x0000, 0x0000, 0x0000, 0x0000, 0x0000, 0x0000, 0x0000, 0x0000, 0x0000, 0x0000,
  0x0000, 0x0000, 0x0000, 0x0000, 0x0000, 0x0000, 0x0000, 0x0000, 0x0000, 0x0000, 0x0000, 0x0000,
  0x0000, 0x0000, 0x0000, 0x0000, 0x0000, 0x0000, 0x0000, 0x0000, 0x0000, 0x0000, 0x0000, 0x0020,
  0xF626, 0xF647, 0xF624, 0xED80, 0xFE01, 0xF5E1, 0xFEC2, 0xFEE3, 0xFF04, 0xFF03, 0xFEE3, 0xFEE2,
  0xFEE3, 0xFF03, 0xFEE3, 0xFEE3, 0xFEE3, 0xFEE3, 0xFF03, 0xFEE3, 0xFEE3, 0xFEE3, 0xF580, 0xF5A0,
  0xF5A0, 0xDCC0, 0xDC40, 0xDC60, 0xD440, 0xD440, 0xD440, 0xD440, 0xD440, 0xDC60, 0x9AA0, 0x0000,
  0x0000, 0x0000, 0x0000, 0x0000, 0x0000, 0x0000, 0x0000, 0x0000, 0x0000, 0x0000, 0x0000, 0x0000,
  0x0000, 0x0000, 0x0000, 0x0000, 0x0000, 0x0000, 0x0000, 0x0000, 0x0000, 0x0000, 0x0000, 0x0000,
  0x0000, 0x0000, 0x0000, 0x0000, 0x0000, 0x0000, 0x0000, 0x0000, 0x0000, 0x0000, 0x0000, 0x0000,
  0x0000, 0x0000, 0x0000, 0x0000, 0x0000, 0x0000, 0x0000, 0x0000, 0x0000, 0x0000, 0x0000, 0x0000,
  0x0000, 0x0000, 0x0000, 0x0000, 0x0000, 0x0000, 0x0000, 0x0000, 0x0000, 0x0000, 0x0000, 0x0000,
  0x0000, 0x0000, 0x0000, 0x0000, 0x0000, 0x0000, 0x0000, 0x0000, 0x0000, 0x0000, 0x0000, 0x0000,
  0x0000, 0x0000, 0x0000, 0x0000, 0x0000, 0x0000, 0x0000, 0x0000, 0x0000, 0x0000, 0x0000, 0x0000,
  0x0000, 0x0000, 0x0000, 0x0000, 0x0000, 0x0000, 0x0000, 0x0000, 0x0000, 0x0000, 0x0000, 0x0000,
  0x0000, 0x0000, 0x0000, 0x0000, 0x0000, 0x0000, 0x0000, 0x0000, 0x0000, 0x0000, 0x0000, 0x0000,
  0x0000, 0x0000, 0x0000, 0x0000, 0x0000, 0x0000, 0x0000, 0x0000, 0x0000, 0x0000, 0x0000, 0x0000,
  0x0000, 0x0000, 0x0000, 0x0000, 0x0000, 0x0000, 0x0000, 0x0000, 0x0000, 0x0000, 0x0000, 0x0000,
  0x0000, 0x0000, 0x0000, 0x0000, 0x0000, 0x0000, 0x0000, 0x0000, 0x0000, 0x0000, 0x0000, 0x0000,
  0x0000, 0x0000, 0x0000, 0x0000, 0x0000, 0x0000, 0x0000, 0x0000, 0x0000, 0x0000, 0x0000, 0x0000,
  0x0000, 0x0000, 0x0000, 0x0000, 0x0000, 0x0000, 0x0000, 0x0000, 0x0000, 0x0000, 0x0000, 0x0000,
  0x0000, 0x0000, 0x0000, 0x0000, 0x0000, 0x0000, 0x0000, 0x0000, 0x0000, 0x0000, 0x0000, 0x0000,
  0x0000, 0x0000, 0x0000, 0x0000, 0x0000, 0x0000, 0x0000, 0x0000, 0x0000, 0x0000, 0x0000, 0x0000,
  0x0000, 0x0000, 0x0000, 0x0000, 0x0000, 0x0000, 0x0000, 0x0000, 0x0000, 0x0000, 0x0000, 0x0840,
  0xF625, 0xF626, 0xF5C0, 0xFEE3, 0xFEE4, 0xFF02, 0xFF4F, 0xFF50, 0xFF71, 0xFF04, 0xFEE3, 0xFEE2,
  0xFEE3, 0xFEE3, 0xFF03, 0xFEE3, 0xFEE3, 0xFEE3, 0xFF03, 0xFEE3, 0xFEE3, 0xFEE3, 0xFE01, 0xFE01,
  0xFE02, 0xF581, 0xD420, 0xD440, 0xD440, 0xD440, 0xD440, 0xD440, 0xDC60, 0xDC60, 0xA320, 0x0000,
  0x0000, 0x0000, 0x0000, 0x0000, 0x0000, 0x0000, 0x0000, 0x0000, 0x0000, 0x0000, 0x0000, 0x0000,
  0x0000, 0x0000, 0x0000, 0x0000, 0x0000, 0x0000, 0x0000, 0x0000, 0x0000, 0x0000, 0x0000, 0x0000,
  0x0000, 0x0000, 0x0000, 0x0000, 0x0000, 0x0000, 0x0000, 0x0000, 0x0000, 0x0000, 0x0000, 0x0000,
  0x0000, 0x0000, 0x0000, 0x0000, 0x0000, 0x0000, 0x0000, 0x0000, 0x0000, 0x0000, 0x0000, 0x0000,
  0x0000, 0x0000, 0x0000, 0x0000, 0x0000, 0x0000, 0x0000, 0x0000, 0x0000, 0x0000, 0x0000, 0x0000,
  0x0000, 0x0000, 0x0000, 0x0000, 0x0000, 0x0000, 0x0000, 0x0000, 0x0000, 0x0000, 0x0000, 0x0000,
  0x0000, 0x0000, 0x0000, 0x0000, 0x0000, 0x0000, 0x0000, 0x0000, 0x0000, 0x0000, 0x0000, 0x0000,
  0x0000, 0x0000, 0x0000, 0x0000, 0x0000, 0x0000, 0x0000, 0x0000, 0x0000, 0x0000, 0x0000, 0x0000,
  0x0000, 0x0000, 0x0000, 0x0000, 0x0000, 0x0000, 0x0000, 0x0000, 0x0000, 0x0000, 0x0000, 0x0000,
  0x0000, 0x0000, 0x0000, 0x0000, 0x0000, 0x0000, 0x0000, 0x0000, 0x0000, 0x0000, 0x0000, 0x0000,
  0x0000, 0x0000, 0x0000, 0x0000, 0x0000, 0x0000, 0x0000, 0x0000, 0x0000, 0x0000, 0x0000, 0x0000,
  0x0000, 0x0000, 0x0000, 0x0000, 0x0000, 0x0000, 0x0000, 0x0000, 0x0000, 0x0000, 0x0000, 0x0000,
  0x0000, 0x0000, 0x0000, 0x0000, 0x0000, 0x0000, 0x0000, 0x0000, 0x0000, 0x0000, 0x0000, 0x0000,
  0x0000, 0x0000, 0x0000, 0x0000, 0x0000, 0x0000, 0x0000, 0x0000, 0x0000, 0x0000, 0x0000, 0x0000,
  0x0000, 0x0000, 0x0000, 0x0000, 0x0000, 0x0000, 0x0000, 0x0000, 0x0000, 0x0000, 0x0000, 0x0000,
  0x0000, 0x0000, 0x0000, 0x0000, 0x0000, 0x0000, 0x0000, 0x0000, 0x0000, 0x0000, 0x0000, 0x0000,
  0x0000, 0x0000, 0x0000, 0x0000, 0x0000, 0x0000, 0x0000, 0x0000, 0x0000, 0x0000, 0x0000, 0x0020,
  0xF625, 0xF626, 0xF5E0, 0xFEE4, 0xFEE3, 0xFEE1, 0xFF6F, 0xFF51, 0xFF71, 0xFF03, 0xFEE3, 0xFEE3,
  0xFEE3, 0xFEE3, 0xFEE3, 0xFEE2, 0xFEE3, 0xFEE3, 0xFEE3, 0xFF03, 0xFEE3, 0xFEE3, 0xFE01, 0xFE01,
  0xFE02, 0xF5A1, 0xD420, 0xD420, 0xD440, 0xD440, 0xD440, 0xDC60, 0xDC80, 0xD460, 0x92C0, 0x0000,
  0x0000, 0x0000, 0x0000, 0x0000, 0x0000, 0x0000, 0x0000, 0x0000, 0x0000, 0x0000, 0x0000, 0x0000,
  0x0000, 0x0000, 0x0000, 0x0000, 0x0000, 0x0000, 0x0000, 0x0000, 0x0000, 0x0000, 0x0000, 0x0000,
  0x0000, 0x0000, 0x0000, 0x0000, 0x0000, 0x0000, 0x0000, 0x0000, 0x0000, 0x0000, 0x0000, 0x0000,
  0x0000, 0x0000, 0x0000, 0x0000, 0x0000, 0x0000, 0x0000, 0x0000, 0x0000, 0x0000, 0x0000, 0x0000,
  0x0000, 0x0000, 0x0000, 0x0000, 0x0000, 0x0000, 0x0000, 0x0000, 0x0000, 0x0000, 0x0000, 0x0000,
  0x0000, 0x0000, 0x0000, 0x0000, 0x0000, 0x0000, 0x0000, 0x0000, 0x0000, 0x0000, 0x0000, 0x0000,
  0x0000, 0x0000, 0x0000, 0x0000, 0x0000, 0x0000, 0x0000, 0x0000, 0x0000, 0x0000, 0x0000, 0x0000,
  0x0000, 0x0000, 0x0000, 0x0000, 0x0000, 0x0000, 0x0000, 0x0000, 0x0000, 0x0000, 0x0000, 0x0000,
  0x0000, 0x0000, 0x0000, 0x0000, 0x0000, 0x0000, 0x0000, 0x0000, 0x0000, 0x0000, 0x0000, 0x0000,
  0x0000, 0x0000, 0x0000, 0x0000, 0x0000, 0x0000, 0x0000, 0x0000, 0x0000, 0x0000, 0x0000, 0x0000,
  0x0000, 0x0000, 0x0000, 0x0000, 0x0000, 0x0000, 0x0000, 0x0000, 0x0000, 0x0000, 0x0000, 0x0000,
  0x0000, 0x0000, 0x0000, 0x0000, 0x0000, 0x0000, 0x0000, 0x0000, 0x0000, 0x0000, 0x0000, 0x0000,
  0x0000, 0x0000, 0x0000, 0x0000, 0x0000, 0x0000, 0x0000, 0x0000, 0x0000, 0x0000, 0x0000, 0x0000,
  0x0000, 0x0000, 0x0000, 0x0000, 0x0000, 0x0000, 0x0000, 0x0000, 0x0000, 0x0000, 0x0000, 0x0000,
  0x0000, 0x0000, 0x0000, 0x0000, 0x0000, 0x0000, 0x0000, 0x0000, 0x0000, 0x0000, 0x0000, 0x0000,
  0x0000, 0x0000, 0x0000, 0x0000, 0x0000, 0x0000, 0x0000, 0x0000, 0x0000, 0x0000, 0x0000, 0x0000,
  0x0000, 0x0000, 0x0000, 0x0000, 0x0000, 0x0000, 0x0000, 0x0000, 0x0820, 0x1040, 0x0820, 0x0860,
  0xF603, 0xED61, 0xF5A0, 0xFEE3, 0xFEE3, 0xFEE1, 0xFF50, 0xFF71, 0xFF51, 0xFEE3, 0xFF04, 0xFF04,
  0xFEE3, 0xFEE3, 0xFEE2, 0xFEE2, 0xFEE3, 0xFEE3, 0xFEE3, 0xFEE3, 0xFEE3, 0xFEE3, 0xFE01, 0xFE01,
  0xFE02, 0xF5C1, 0xD440, 0xD420, 0xD420, 0xD440, 0xDC60, 0xDC80, 0xDC80, 0xD440, 0x8AC0, 0x0020,
  0x1060, 0x0020, 0x0000, 0x0000, 0x0000, 0x0000, 0x0000, 0x0000, 0x0000, 0x0000, 0x0000, 0x0000,
  0x0000, 0x0000, 0x0000, 0x0000, 0x0000, 0x0000, 0x0000, 0x0000, 0x0000, 0x0000, 0x0000, 0x0000,
  0x0000, 0x0000, 0x0000, 0x0000, 0x0000, 0x0000, 0x0000, 0x0000, 0x0000, 0x0000, 0x0000, 0x0000,
  0x0000, 0x0000, 0x0000, 0x0000, 0x0000, 0x0000, 0x0000, 0x0000, 0x0000, 0x0000, 0x0000, 0x0000,
  0x0000, 0x0000, 0x0000, 0x0000, 0x0000, 0x0000, 0x0000, 0x0000, 0x0000, 0x0000, 0x0000, 0x0000,
  0x0000, 0x0000, 0x0000, 0x0000, 0x0000, 0x0000, 0x0000, 0x0000, 0x0000, 0x0000, 0x0000, 0x0000,
  0x0000, 0x0000, 0x0000, 0x0000, 0x0000, 0x0000, 0x0000, 0x0000, 0x0000, 0x0000, 0x0000, 0x0000,
  0x0000, 0x0000, 0x0000, 0x0000, 0x0000, 0x0000, 0x0000, 0x0000, 0x0000, 0x0000, 0x0000, 0x0000,
  0x0000, 0x0000, 0x0000, 0x0000, 0x0000, 0x0000, 0x0000, 0x0000, 0x0000, 0x0000, 0x0000, 0x0000,
  0x0000, 0x0000, 0x0000, 0x0000, 0x0000, 0x0000, 0x0000, 0x0000, 0x0000, 0x0000, 0x0000, 0x0000,
  0x0000, 0x0000, 0x0000, 0x0000, 0x0000, 0x0000, 0x0000, 0x0000, 0x0000, 0x0000, 0x0000, 0x0000,
  0x0000, 0x0000, 0x0000, 0x0000, 0x0000, 0x0000, 0x0000, 0x0000, 0x0000, 0x0000, 0x0000, 0x0000,
  0x0000, 0x0000, 0x0000, 0x0000, 0x0000, 0x0000, 0x0000, 0x0000, 0x0000, 0x0000, 0x0000, 0x0000,
  0x0000, 0x0000, 0x0000, 0x0000, 0x0000, 0x0000, 0x0000, 0x0000, 0x0000, 0x0000, 0x0000, 0x0000,
  0x0000, 0x0000, 0x0000, 0x0000, 0x0000, 0x0000, 0x0000, 0x0000, 0x0000, 0x0000, 0x0000, 0x0000,
  0x0000, 0x0000, 0x0000, 0x0000, 0x0000, 0x0000, 0x0000, 0x0000, 0x0000, 0x0000, 0x0000, 0x0000,
  0x0000, 0x0000, 0x0000, 0x0000, 0x0000, 0x0000, 0x0000, 0x0000, 0xEDE4, 0xF646, 0xF626, 0xF602,
  0xFEC4, 0xFEC2, 0xFEC2, 0xFEE3, 0xFEE3, 0xFEE1, 0xFF50, 0xFF72, 0xFF72, 0xFF51, 0xFF72, 0xFF73,
  0xFF08, 0xFEE2, 0xFEE2, 0xFEE3, 0xFEE2, 0xFEE3, 0xFF03, 0xFEE3, 0xFEE3, 0xFEE3, 0xFEE3, 0xFEE3,
  0xFEC3, 0xFE62, 0xFDE1, 0xF5C1, 0xFDE1, 0xDC60, 0xDC60, 0xD460, 0xFE01, 0xF602, 0xCC20, 0xCC40,
  0xDC80, 0x0000, 0x0000, 0x0000, 0x0000, 0x0000, 0x0000, 0x0000, 0x0000, 0x0000, 0x0000, 0x0000,
  0x0000, 0x0000, 0x0000, 0x0000, 0x0000, 0x0000, 0x0000, 0x0000, 0x0000, 0x0000, 0x0000, 0x0000,
  0x0000, 0x0000, 0x0000, 0x0000, 0x0000, 0x0000, 0x0000, 0x0000, 0x0000, 0x0000, 0x0000, 0x0000,
  0x0000, 0x0000, 0x0000, 0x0000, 0x0000, 0x0000, 0x0000, 0x0000, 0x0000, 0x0000, 0x0000, 0x0000,
  0x0000, 0x0000, 0x0000, 0x0000, 0x0000, 0x0000, 0x0000, 0x0000, 0x0000, 0x0000, 0x0000, 0x0000,
  0x0000, 0x0000, 0x0000, 0x0000, 0x0000, 0x0000, 0x0000, 0x0000, 0x0000, 0x0000, 0x0000, 0x0000,
  0x0000, 0x0000, 0x0000, 0x0000, 0x0000, 0x0000, 0x0000, 0x0000, 0x0000, 0x0000, 0x0000, 0x0000,
  0x0000, 0x0000, 0x0000, 0x0000, 0x0000, 0x0000, 0x0000, 0x0000, 0x0000, 0x0000, 0x0000, 0x0000,
  0x0000, 0x0000, 0x0000, 0x0000, 0x0000, 0x0000, 0x0000, 0x0000, 0x0000, 0x0000, 0x0000, 0x0000,
  0x0000, 0x0000, 0x0000, 0x0000, 0x0000, 0x0000, 0x0000, 0x0000, 0x0000, 0x0000, 0x0000, 0x0000,
  0x0000, 0x0000, 0x0000, 0x0000, 0x0000, 0x0000, 0x0000, 0x0000, 0x0000, 0x0000, 0x0000, 0x0000,
  0x0000, 0x0000, 0x0000, 0x0000, 0x0000, 0x0000, 0x0000, 0x0000, 0x0000, 0x0000, 0x0000, 0x0000,
  0x0000, 0x0000, 0x0000, 0x0000, 0x0000, 0x0000, 0x0000, 0x0000, 0x0000, 0x0000, 0x0000, 0x0000,
  0x0000, 0x0000, 0x0000, 0x0000, 0x0000, 0x0000, 0x0000, 0x0000, 0x0000, 0x0000, 0x0000, 0x0000,
  0x0000, 0x0000, 0x0000, 0x0000, 0x0000, 0x0000, 0x0000, 0x0000, 0x0000, 0x0000, 0x0000, 0x0000,
  0x0000, 0x0000, 0x0000, 0x0000, 0x0000, 0x0000, 0x0000, 0x0000, 0x0000, 0x0000, 0x0000, 0x0000,
  0x0000, 0x0000, 0x0000, 0x0000, 0x0000, 0x0000, 0x0000, 0x0000, 0xEDE4, 0xF646, 0xF626, 0xF601,
  0xFEE4, 0xFEE3, 0xFEE2, 0xFEE1, 0xFEE2, 0xFEE2, 0xFF71, 0xFF51, 0xFF51, 0xFF51, 0xFF72, 0xFF72,
  0xFF09, 0xFEE3, 0xFEE2, 0xFEE3, 0xFEE2, 0xFEE3, 0xFEE3, 0xFEE3, 0xFEE3, 0xFF03, 0xFEE3, 0xFEE3,
  0xFEE3, 0xFE62, 0xFDE1, 0xFDE2, 0xFE22, 0xDC80, 0xDC80, 0xD440, 0xFE01, 0xFE42, 0xD460, 0xD460,
  0xD460, 0x0000, 0x0000, 0x0000, 0x0000, 0x0000, 0x0000, 0x0000, 0x0000, 0x0000, 0x0000, 0x0000,
  0x0000, 0x0000, 0x0000, 0x0000, 0x0000, 0x0000, 0x0000, 0x0000, 0x0000, 0x0000, 0x0000, 0x0000,
  0x0000, 0x0000, 0x0000, 0x0000, 0x0000, 0x0000, 0x0000, 0x0000, 0x0000, 0x0000, 0x0000, 0x0000,
  0x0000, 0x0000, 0x0000, 0x0000, 0x0000, 0x0000, 0x0000, 0x0000, 0x0000, 0x0000, 0x0000, 0x0000,
  0x0000, 0x0000, 0x0000, 0x0000, 0x0000, 0x0000, 0x0000, 0x0000, 0x0000, 0x0000, 0x0000, 0x0000,
  0x0000, 0x0000, 0x0000, 0x0000, 0x0000, 0x0000, 0x0000, 0x0000, 0x0000, 0x0000, 0x0000, 0x0000,
  0x0000, 0x0000, 0x0000, 0x0000, 0x0000, 0x0000, 0x0000, 0x0000, 0x0000, 0x0000, 0x0000, 0x0000,
  0x0000, 0x0000, 0x0000, 0x0000, 0x0000, 0x0000, 0x0000, 0x0000, 0x0000, 0x0000, 0x0000, 0x0000,
  0x0000, 0x0000, 0x0000, 0x0000, 0x0000, 0x0000, 0x0000, 0x0000, 0x0000, 0x0000, 0x0000, 0x0000,
  0x0000, 0x0000, 0x0000, 0x0000, 0x0000, 0x0000, 0x0000, 0x0000, 0x0000, 0x0000, 0x0000, 0x0000,
  0x0000, 0x0000, 0x0000, 0x0000, 0x0000, 0x0000, 0x0000, 0x0000, 0x0000, 0x0000, 0x0000, 0x0000,
  0x0000, 0x0000, 0x0000, 0x0000, 0x0000, 0x0000, 0x0000, 0x0000, 0x0000, 0x0000, 0x0000, 0x0000,
  0x0000, 0x0000, 0x0000, 0x0000, 0x0000, 0x0000, 0x0000, 0x0000, 0x0000, 0x0000, 0x0000, 0x0000,
  0x0000, 0x0000, 0x0000, 0x0000, 0x0000, 0x0000, 0x0000, 0x0000, 0x0000, 0x0000, 0x0000, 0x0000,
  0x0000, 0x0000, 0x0000, 0x0000, 0x0000, 0x0000, 0x0000, 0x0000, 0x0000, 0x0000, 0x0000, 0x0000,
  0x0000, 0x0000, 0x0000, 0x0000, 0x0000, 0x0000, 0x0000, 0x0000, 0x0000, 0x0000, 0x0000, 0x0000,
  0x0000, 0x0000, 0x0000, 0x0000, 0x0000, 0x0000, 0x0000, 0x0000, 0xF624, 0xF624, 0xF603, 0xFDE0,
  0xFEE4, 0xFEE3, 0xFF70, 0xFF50, 0xFF51, 0xFF51, 0xFF27, 0xFF05, 0xFF05, 0xFF72, 0xFF72, 0xFF72,
  0xFF09, 0xFEE3, 0xFEE3, 0xFEE3, 0xFEE3, 0xFEE3, 0xFEE3, 0xFEE3, 0xFEE3, 0xFEE3, 0xFF03, 0xFEE3,
  0xFEE3, 0xFE62, 0xFDE1, 0xFDE1, 0xFE01, 0xDC60, 0xDC60, 0xD440, 0xFE01, 0xFE42, 0xDC80, 0xD460,
  0xD460, 0x0000, 0x0000, 0x0000, 0x0000, 0x0000, 0x0000, 0x0000, 0x0000, 0x0000, 0x0000, 0x0000,
  0x0000, 0x0000, 0x0000, 0x0000, 0x0000, 0x0000, 0x0000, 0x0000, 0x0000, 0x0000, 0x0000, 0x0000,
  0x0000, 0x0000, 0x0000, 0x0000, 0x0000, 0x0000, 0x0000, 0x0000, 0x0000, 0x0000, 0x0000, 0x0000,
  0x0000, 0x0000, 0x0000, 0x0000, 0x0000, 0x0000, 0x0000, 0x0000, 0x0000, 0x0000, 0x0000, 0x0000,
  0x0000, 0x0000, 0x0000, 0x0000, 0x0000, 0x0000, 0x0000, 0x0000, 0x0000, 0x0000, 0x0000, 0x0000,
  0x0000, 0x0000, 0x0000, 0x0000, 0x0000, 0x0000, 0x0000, 0x0000, 0x0000, 0x0000, 0x0000, 0x0000,
  0x0000, 0x0000, 0x0000, 0x0000, 0x0000, 0x0000, 0x0000, 0x0000, 0x0000, 0x0000, 0x0000, 0x0000,
  0x0000, 0x0000, 0x0000, 0x0000, 0x0000, 0x0000, 0x0000, 0x0000, 0x0000, 0x0000, 0x0000, 0x0000,
  0x0000, 0x0000, 0x0000, 0x0000, 0x0000, 0x0000, 0x0000, 0x0000, 0x0000, 0x0000, 0x0000, 0x0000,
  0x0000, 0x0000, 0x0000, 0x0000, 0x0000, 0x0000, 0x0000, 0x0000, 0x0000, 0x0000, 0x0000, 0x0000,
  0x0000, 0x0000, 0x0000, 0x0000, 0x0000, 0x0000, 0x0000, 0x0000, 0x0000, 0x0000, 0x0000, 0x0000,
  0x0000, 0x0000, 0x0000, 0x0000, 0x0000, 0x0000, 0x0000, 0x0000, 0x0000, 0x0000, 0x0000, 0x0000,
  0x0000, 0x0000, 0x0000, 0x0000, 0x0000, 0x0000, 0x0000, 0x0000, 0x0000, 0x0000, 0x0000, 0x0000,
  0x0000, 0x0000, 0x0000, 0x0000, 0x0000, 0x0000, 0x0000, 0x0000, 0x0000, 0x0000, 0x0000, 0x0000,
  0x0000, 0x0000, 0x0000, 0x0000, 0x0000, 0x0000, 0x0000, 0x0000, 0x0000, 0x0000, 0x0000, 0x0000,
  0x0000, 0x0000, 0x0000, 0x0000, 0x0000, 0x0000, 0x0000, 0x0000, 0x0000, 0x0000, 0x0000, 0x0000,
  0x0000, 0x0000, 0x0000, 0x0000, 0x5A61, 0xF626, 0xF647, 0xFE66, 0xFDE1, 0xF5C0, 0xF5A0, 0xFEC3,
  0xFEE3, 0xFEE4, 0xFF91, 0xFF72, 0xFF72, 0xFF72, 0xFF26, 0xFF05, 0xFF26, 0xFF72, 0xFF72, 0xFF71,
  0xFF08, 0xFEE3, 0xFEE3, 0xFEE3, 0xFEE3, 0xFEE3, 0xFEE3, 0xFEE3, 0xFEE3, 0xFEE3, 0xFF03, 0xFF03,
  0xFF03, 0xFE82, 0xFDE1, 0xFDE2, 0xFE01, 0xD460, 0xD440, 0xD440, 0xFE22, 0xFE42, 0xDC60, 0xD460,
  0xD460, 0x0000, 0x0000, 0x0000, 0x0000, 0x0000, 0x0000, 0x0000, 0x0000, 0x0000, 0x0000, 0x0000,
  0x0000, 0x0000, 0x0000, 0x0000, 0x0000, 0x0000, 0x0000, 0x0000, 0x0000, 0x0000, 0x0000, 0x0000,
  0x0000, 0x0000, 0x0000, 0x0000, 0x0000, 0x0000, 0x0000, 0x0000, 0x0000, 0x0000, 0x0000, 0x0000,
  0x0000, 0x0000, 0x0000, 0x0000, 0x0000, 0x0000, 0x0000, 0x0000, 0x0000, 0x0000, 0x0000, 0x0000,
  0x0000, 0x0000, 0x0000, 0x0000, 0x0000, 0x0000, 0x0000, 0x0000, 0x0000, 0x0000, 0x0000, 0x0000,
  0x0000, 0x0000, 0x0000, 0x0000, 0x0000, 0x0000, 0x0000, 0x0000, 0x0000, 0x0000, 0x0000, 0x0000,
  0x0000, 0x0000, 0x0000, 0x0000, 0x0000, 0x0000, 0x0000, 0x0000, 0x0000, 0x0000, 0x0000, 0x0000,
  0x0000, 0x0000, 0x0000, 0x0000, 0x0000, 0x0000, 0x0000, 0x0000, 0x0000, 0x0000, 0x0000, 0x0000,
  0x0000, 0x0000, 0x0000, 0x0000, 0x0000, 0x0000, 0x0000, 0x0000, 0x0000, 0x0000, 0x0000, 0x0000,
  0x0000, 0x0000, 0x0000, 0x0000, 0x0000, 0x0000, 0x0000, 0x0000, 0x0000, 0x0000, 0x0000, 0x0000,
  0x0000, 0x0000, 0x0000, 0x0000, 0x0000, 0x0000, 0x0000, 0x0000, 0x0000, 0x0000, 0x0000, 0x0000,
  0x0000, 0x0000, 0x0000, 0x0000, 0x0000, 0x0000, 0x0000, 0x0000, 0x0000, 0x0000, 0x0000, 0x0000,
  0x0000, 0x0000, 0x0000, 0x0000, 0x0000, 0x0000, 0x0000, 0x0000, 0x0000, 0x0000, 0x0000, 0x0000,
  0x0000, 0x0000, 0x0000, 0x0000, 0x0000, 0x0000, 0x0000, 0x0000, 0x0000, 0x0000, 0x0000, 0x0000,
  0x0000, 0x0000, 0x0000, 0x0000, 0x0000, 0x0000, 0x0000, 0x0000, 0x0000, 0x0000, 0x0000, 0x0000,
  0x0000, 0x0000, 0x0000, 0x0000, 0x0000, 0x0000, 0x0000, 0x0000, 0x0000, 0x0000, 0x0000, 0x0000,
  0x0000, 0x0000, 0x0000, 0x0000, 0x5A20, 0xF606, 0xF605, 0xF626, 0xF5E1, 0xF5C0, 0xEDA0, 0xFEC2,
  0xFEE3, 0xFEE3, 0xFF72, 0xFF72, 0xFF51, 0xFF71, 0xFF06, 0xFF05, 0xFF26, 0xFF73, 0xFF72, 0xFF72,
  0xFF08, 0xFEE3, 0xFEE3, 0xFEE3, 0xFEE3, 0xFEE3, 0xFEE3, 0xFF03, 0xFF03, 0xFF03, 0xFEE3, 0xFEE3,
  0xFEE3, 0xFE82, 0xFE02, 0xFE02, 0xFE22, 0xDC80, 0xD440, 0xD440, 0xFE22, 0xFE42, 0xD440, 0xD460,
  0xDC80, 0x0020, 0x0000, 0x0000, 0x0000, 0x0000, 0x0000, 0x0000, 0x0000, 0x0000, 0x0000, 0x0000,
  0x0000, 0x0000, 0x0000, 0x0000, 0x0000, 0x0000, 0x0000, 0x0000, 0x0000, 0x0000, 0x0000, 0x0000,
  0x0000, 0x0000, 0x0000, 0x0000, 0x0000, 0x0000, 0x0000, 0x0000, 0x0000, 0x0000, 0x0000, 0x0000,
  0x0000, 0x0000, 0x0000, 0x0000, 0x0000, 0x0000, 0x0000, 0x0000, 0x0000, 0x0000, 0x0000, 0x0000,
  0x0000, 0x0000, 0x0000, 0x0000, 0x0000, 0x0000, 0x0000, 0x0000, 0x0000, 0x0000, 0x0000, 0x0000,
  0x0000, 0x0000, 0x0000, 0x0000, 0x0000, 0x0000, 0x0000, 0x0000, 0x0000, 0x0000, 0x0000, 0x0000,
  0x0000, 0x0000, 0x0000, 0x0000, 0x0000, 0x0000, 0x0000, 0x0000, 0x0000, 0x0000, 0x0000, 0x0000,
  0x0000, 0x0000, 0x0000, 0x0000, 0x0000, 0x0000, 0x0000, 0x0000, 0x0000, 0x0000, 0x0000, 0x0000,
  0x0000, 0x0000, 0x0000, 0x0000, 0x0000, 0x0000, 0x0000, 0x0000, 0x0000, 0x0000, 0x0000, 0x0000,
  0x0000, 0x0000, 0x0000, 0x0000, 0x0000, 0x0000, 0x0000, 0x0000, 0x0000, 0x0000, 0x0000, 0x0000,
  0x0000, 0x0000, 0x0000, 0x0000, 0x0000, 0x0000, 0x0000, 0x0000, 0x0000, 0x0000, 0x0000, 0x0000,
  0x0000, 0x0000, 0x0000, 0x0000, 0x0000, 0x0000, 0x0000, 0x0000, 0x0000, 0x0000, 0x0000, 0x0000,
  0x0000, 0x0000, 0x0000, 0x0000, 0x0000, 0x0000, 0x0000, 0x0000, 0x0000, 0x0000, 0x0000, 0x0000,
  0x0000, 0x0000, 0x0000, 0x0000, 0x0000, 0x0000, 0x0000, 0x0000, 0x0000, 0x0000, 0x0000, 0x0000,
  0x0000, 0x0000, 0x0000, 0x0000, 0x0000, 0x0000, 0x0000, 0x0000, 0x0000, 0x0000, 0x0000, 0x0000,
  0x0000, 0x0000, 0x0000, 0x0000, 0x0000, 0x0000, 0x0000, 0x0000, 0x0000, 0x0000, 0x0000, 0x0000,
  0x0000, 0x0000, 0x0020, 0x0020, 0x6200, 0xED60, 0xED60, 0xF5A0, 0xFEC2, 0xFEE2, 0xFEC3, 0xFF2A,
  0xFF93, 0xFF73, 0xFF02, 0xFF04, 0xFEE3, 0xFEE7, 0xFF73, 0xFF71, 0xFF72, 0xFF72, 0xFF72, 0xFF72,
  0xFEE3, 0xFEE3, 0xFEE3, 0xFEE3, 0xFEE3, 0xFEE3, 0xFEE3, 0xFF03, 0xFF03, 0xFEE3, 0xFF03, 0xFEE3,
  0xFEE3, 0xFE82, 0xFE02, 0xFE02, 0xFE22, 0xFE43, 0xFE21, 0xFE22, 0xFE02, 0xFE22, 0xD440, 0xD460,
  0xE4A0, 0x0000, 0x0000, 0x0000, 0x0000, 0x0000, 0x0000, 0x0000, 0x0000, 0x0000, 0x0000, 0x0000,
  0x0000, 0x0000, 0x0000, 0x0000, 0x0000, 0x0000, 0x0000, 0x0000, 0x0000, 0x0000, 0x0000, 0x0000,
  0x0000, 0x0000, 0x0000, 0x0000, 0x0000, 0x0000, 0x0000, 0x0000, 0x0000, 0x0000, 0x0000, 0x0000,
  0x0000, 0x0000, 0x0000, 0x0000, 0x0000, 0x0000, 0x0000, 0x0000, 0x0000, 0x0000, 0x0000, 0x0000,
  0x0000, 0x0000, 0x0000, 0x0000, 0x0000, 0x0000, 0x0000, 0x0000, 0x0000, 0x0000, 0x0000, 0x0000,
  0x0000, 0x0000, 0x0000, 0x0000, 0x0000, 0x0000, 0x0000, 0x0000, 0x0000, 0x0000, 0x0000, 0x0000,
  0x0000, 0x0000, 0x0000, 0x0000, 0x0000, 0x0000, 0x0000, 0x0000, 0x0000, 0x0000, 0x0000, 0x0000,
  0x0000, 0x0000, 0x0000, 0x0000, 0x0000, 0x0000, 0x0000, 0x0000, 0x0000, 0x0000, 0x0000, 0x0000,
  0x0000, 0x0000, 0x0000, 0x0000, 0x0000, 0x0000, 0x0000, 0x0000, 0x0000, 0x0000, 0x0000, 0x0000,
  0x0000, 0x0000, 0x0000, 0x0000, 0x0000, 0x0000, 0x0000, 0x0000, 0x0000, 0x0000, 0x0000, 0x0000,
  0x0000, 0x0000, 0x0000, 0x0000, 0x0000, 0x0000, 0x0000, 0x0000, 0x0000, 0x0000, 0x0000, 0x0000,
  0x0000, 0x0000, 0x0000, 0x0000, 0x0000, 0x0000, 0x0000, 0x0000, 0x0000, 0x0000, 0x0000, 0x0000,
  0x0000, 0x0000, 0x0000, 0x0000, 0x0000, 0x0000, 0x0000, 0x0000, 0x0000, 0x0000, 0x0000, 0x0000,
  0x0000, 0x0000, 0x0000, 0x0000, 0x0000, 0x0000, 0x0000, 0x0000, 0x0000, 0x0000, 0x0000, 0x0000,
  0x0000, 0x0000, 0x0000, 0x0000, 0x0000, 0x0000, 0x0000, 0x0000, 0x0000, 0x0000, 0x0000, 0x0000,
  0x0000, 0x0000, 0x0000, 0x0000, 0x0000, 0x0000, 0x0000, 0x0000, 0x0000, 0x0000, 0x0000, 0x0000,
  0x0000, 0x9BC0, 0xF600, 0xFE02, 0xF602, 0xED80, 0xED60, 0xF580, 0xFEE2, 0xFEE2, 0xFEE3, 0xFF28,
  0xFF72, 0xFF71, 0xFF03, 0xFF05, 0xFEE5, 0xFF07, 0xFF71, 0xFF71, 0xFF71, 0xFF72, 0xFF72, 0xFF72,
  0xFF03, 0xFEE3, 0xFEE3, 0xFEE3, 0xFEE3, 0xFEE3, 0xFEE3, 0xFEE3, 0xFF03, 0xFF03, 0xFEE3, 0xFEE3,
  0xFEE3, 0xFEA2, 0xFE02, 0xFE02, 0xFE02, 0xFE02, 0xFE02, 0xFE02, 0xFE22, 0xFE42, 0xDC60, 0xDC80,
  0xDC80, 0xECC0, 0xECC0, 0xF4E0, 0x0020, 0x0000, 0x0000, 0x0000, 0x0000, 0x0000, 0x0000, 0x0000,
  0x0000, 0x0000, 0x0000, 0x0000, 0x0000, 0x0000, 0x0000, 0x0000, 0x0000, 0x0000, 0x0000, 0x0000,
  0x0000, 0x0000, 0x0000, 0x0000, 0x0000, 0x0000, 0x0000, 0x0000, 0x0000, 0x0000, 0x0000, 0x0000,
  0x0000, 0x0000, 0x0000, 0x0000, 0x0000, 0x0000, 0x0000, 0x0000, 0x0000, 0x0000, 0x0000, 0x0000,
  0x0000, 0x0000, 0x0000, 0x0000, 0x0000, 0x0000, 0x0000, 0x0000, 0x0000, 0x0000, 0x0000, 0x0000,
  0x0000, 0x0000, 0x0000, 0x0000, 0x0000, 0x0000, 0x0000, 0x0000, 0x0000, 0x0000, 0x0000, 0x0000,
  0x0000, 0x0000, 0x0000, 0x0000, 0x0000, 0x0000, 0x0000, 0x0000, 0x0000, 0x0000, 0x0000, 0x0000,
  0x0000, 0x0000, 0x0000, 0x0000, 0x0000, 0x0000, 0x0000, 0x0000, 0x0000, 0x0000, 0x0000, 0x0000,
  0x0000, 0x0000, 0x0000, 0x0000, 0x0000, 0x0000, 0x0000, 0x0000, 0x0000, 0x0000, 0x0000, 0x0000,
  0x0000, 0x0000, 0x0000, 0x0000, 0x0000, 0x0000, 0x0000, 0x0000, 0x0000, 0x0000, 0x0000, 0x0000,
  0x0000, 0x0000, 0x0000, 0x0000, 0x0000, 0x0000, 0x0000, 0x0000, 0x0000, 0x0000, 0x0000, 0x0000,
  0x0000, 0x0000, 0x0000, 0x0000, 0x0000, 0x0000, 0x0000, 0x0000, 0x0000, 0x0000, 0x0000, 0x0000,
  0x0000, 0x0000, 0x0000, 0x0000, 0x0000, 0x0000, 0x0000, 0x0000, 0x0000, 0x0000, 0x0000, 0x0000,
  0x0000, 0x0000, 0x0000, 0x0000, 0x0000, 0x0000, 0x0000, 0x0000, 0x0000, 0x0000, 0x0000, 0x0000,
  0x0000, 0x0000, 0x0000, 0x0000, 0x0000, 0x0000, 0x0000, 0x0000, 0x0000, 0x0000, 0x0000, 0x0000,
  0x0000, 0x0000, 0x0000, 0x0000, 0x0000, 0x0000, 0x0000, 0x0000, 0x0000, 0x0000, 0x0000, 0x0000,
  0x0000, 0xAC41, 0xF5C2, 0xF5C2, 0xF5E2, 0xF580, 0xF581, 0xF5A1, 0xFEC2, 0xFEE3, 0xFEE3, 0xFF27,
  0xFF73, 0xFF51, 0xFF03, 0xFF05, 0xFF05, 0xFF08, 0xFF71, 0xFF72, 0xFF72, 0xFF72, 0xFF71, 0xFF71,
  0xFEE3, 0xFEE3, 0xFEE3, 0xFEE3, 0xFEE3, 0xFEE3, 0xFF03, 0xFF03, 0xFF03, 0xFF03, 0xFEE3, 0xFEE3,
  0xFF03, 0xFEE3, 0xFEE3, 0xFEC2, 0xFEE2, 0xFE02, 0xFE22, 0xFE02, 0xFE22, 0xFE22, 0xFE02, 0xFE22,
  0xFE42, 0xD440, 0xD460, 0xCC00, 0x0000, 0x0000, 0x0000, 0x0000, 0x0000, 0x0000, 0x0000, 0x0000,
  0x0000, 0x0000, 0x0000, 0x0000, 0x0000, 0x0000, 0x0000, 0x0000, 0x0000, 0x0000, 0x0000, 0x0000,
  0x0000, 0x0000, 0x0000, 0x0000, 0x0000, 0x0000, 0x0000, 0x0000, 0x0000, 0x0000, 0x0000, 0x0000,
  0x0000, 0x0000, 0x0000, 0x0000, 0x0000, 0x0000, 0x0000, 0x0000, 0x0000, 0x0000, 0x0000, 0x0000,
  0x0000, 0x0000, 0x0000, 0x0000, 0x0000, 0x0000, 0x0000, 0x0000, 0x0000, 0x0000, 0x0000, 0x0000,
  0x0000, 0x0000, 0x0000, 0x0000, 0x0000, 0x0000, 0x0000, 0x0000, 0x0000, 0x0000, 0x0000, 0x0000,
  0x0000, 0x0000, 0x0000, 0x0000, 0x0000, 0x0000, 0x0000, 0x0000, 0x0000, 0x0000, 0x0000, 0x0000,
  0x0000, 0x0000, 0x0000, 0x0000, 0x0000, 0x0000, 0x0000, 0x0000, 0x0000, 0x0000, 0x0000, 0x0000,
  0x0000, 0x0000, 0x0000, 0x0000, 0x0000, 0x0000, 0x0000, 0x0000, 0x0000, 0x0000, 0x0000, 0x0000,
  0x0000, 0x0000, 0x0000, 0x0000, 0x0000, 0x0000, 0x0000, 0x0000, 0x0000, 0x0000, 0x0000, 0x0000,
  0x0000, 0x0000, 0x0000, 0x0000, 0x0000, 0x0000, 0x0000, 0x0000, 0x0000, 0x0000, 0x0000, 0x0000,
  0x0000, 0x0000, 0x0000, 0x0000, 0x0000, 0x0000, 0x0000, 0x0000, 0x0000, 0x0000, 0x0000, 0x0000,
  0x0000, 0x0000, 0x0000, 0x0000, 0x0000, 0x0000, 0x0000, 0x0000, 0x0000, 0x0000, 0x0000, 0x0000,
  0x0000, 0x0000, 0x0000, 0x0000, 0x0000, 0x0000, 0x0000, 0x0000, 0x0000, 0x0000, 0x0000, 0x0000,
  0x0000, 0x0000, 0x0000, 0x0000, 0x0000, 0x0000, 0x0000, 0x0000, 0x0000, 0x0000, 0x0000, 0x0000,
  0x0000, 0x0000, 0x0000, 0x0000, 0x0000, 0x0000, 0x0000, 0x0000, 0x0000, 0x0000, 0x0000, 0x0000,
  0x0000, 0xAC41, 0xF5E2, 0xF5C2, 0xF5C1, 0xF5A0, 0xEDA1, 0xF5A1, 0xFEE3, 0xFEE3, 0xFEC3, 0xFEE5,
  0xFF6F, 0xFF4E, 0xFF27, 0xFF4B, 0xFF4B, 0xFF4D, 0xFF72, 0xFF72, 0xFF71, 0xFF2B, 0xFF29, 0xFF29,
  0xFEE3, 0xFEE3, 0xFEE3, 0xFEE3, 0xFEE3, 0xFEE3, 0xFEE3, 0xFF03, 0xFEE3, 0xFF03, 0xFF03, 0xFF03,
  0xFF03, 0xFEE3, 0xFEE3, 0xFEE3, 0xFEE3, 0xFE22, 0xFE22, 0xFE02, 0xFE22, 0xFE22, 0xFE22, 0xFE22,
  0xFE42, 0xD460, 0xDC60, 0xC400, 0x0000, 0x0000, 0x0000, 0x0000, 0x0000, 0x0000, 0x0000, 0x0000,
  0x0000, 0x0000, 0x0000, 0x0000, 0x0000, 0x0000, 0x0000, 0x0000, 0x0000, 0x0000, 0x0000, 0x0000,
  0x0000, 0x0000, 0x0000, 0x0000, 0x0000, 0x0000, 0x0000, 0x0000, 0x0000, 0x0000, 0x0000, 0x0000,
  0x0000, 0x0000, 0x0000, 0x0000, 0x0000, 0x0000, 0x0000, 0x0000, 0x0000, 0x0000, 0x0000, 0x0000,
  0x0000, 0x0000, 0x0000, 0x0000, 0x0000, 0x0000, 0x0000, 0x0000, 0x0000, 0x0000, 0x0000, 0x0000,
  0x0000, 0x0000, 0x0000, 0x0000, 0x0000, 0x0000, 0x0000, 0x0000, 0x0000, 0x0000, 0x0000, 0x0000,
  0x0000, 0x0000, 0x0000, 0x0000, 0x0000, 0x0000, 0x0000, 0x0000, 0x0000, 0x0000, 0x0000, 0x0000,
  0x0000, 0x0000, 0x0000, 0x0000, 0x0000, 0x0000, 0x0000, 0x0000, 0x0000, 0x0000, 0x0000, 0x0000,
  0x0000, 0x0000, 0x0000, 0x0000, 0x0000, 0x0000, 0x0000, 0x0000, 0x0000, 0x0000, 0x0000, 0x0000,
  0x0000, 0x0000, 0x0000, 0x0000, 0x0000, 0x0000, 0x0000, 0x0000, 0x0000, 0x0000, 0x0000, 0x0000,
  0x0000, 0x0000, 0x0000, 0x0000, 0x0000, 0x0000, 0x0000, 0x0000, 0x0000, 0x0000, 0x0000, 0x0000,
  0x0000, 0x0000, 0x0000, 0x0000, 0x0000, 0x0000, 0x0000, 0x0000, 0x0000, 0x0000, 0x0000, 0x0000,
  0x0000, 0x0000, 0x0000, 0x0000, 0x0000, 0x0000, 0x0000, 0x0000, 0x0000, 0x0000, 0x0000, 0x0000,
  0x0000, 0x0000, 0x0000, 0x0000, 0x0000, 0x0000, 0x0000, 0x0000, 0x0000, 0x0000, 0x0000, 0x0000,
  0x0000, 0x0000, 0x0000, 0x0000, 0x0000, 0x0000, 0x0000, 0x0000, 0x0000, 0x0000, 0x0000, 0x0000,
  0x0000, 0x0000, 0x0000, 0x0000, 0x0000, 0x0000, 0x0000, 0x0000, 0x0000, 0x0000, 0x0000, 0x0000,
  0x0000, 0xAC00, 0xF5C0, 0xF5C1, 0xF5E1, 0xF621, 0xF621, 0xFEC2, 0xFEE3, 0xFEE3, 0xFEC2, 0xFEC3,
  0xFF06, 0xFEE6, 0xFF70, 0xFF52, 0xFF52, 0xFF72, 0xFF72, 0xFF72, 0xFF72, 0xFEE3, 0xFEE3, 0xFEE2,
  0xFEE3, 0xFEE3, 0xFEE3, 0xFEE3, 0xFF03, 0xFF03, 0xFEE3, 0xFF03, 0xFEE3, 0xFF03, 0xFF03, 0xFF03,
  0xFEE3, 0xFEE3, 0xFEE3, 0xFEE3, 0xFF03, 0xFE22, 0xFE22, 0xFE22, 0xFE02, 0xFE22, 0xFE22, 0xFE22,
  0xFE62, 0xD460, 0xD460, 0xC400, 0x0000, 0x0000, 0x0000, 0x0000, 0x0000, 0x0000, 0x0000, 0x0000,
  0x0000, 0x0000, 0x0000, 0x0000, 0x0000, 0x0000, 0x0000, 0x0000, 0x0000, 0x0000, 0x0000, 0x0000,
  0x0000, 0x0000, 0x0000, 0x0000, 0x0000, 0x0000, 0x0000, 0x0000, 0x0000, 0x0000, 0x0000, 0x0000,
  0x0000, 0x0000, 0x0000, 0x0000, 0x0000, 0x0000, 0x0000, 0x0000, 0x0000, 0x0000, 0x0000, 0x0000,
  0x0000, 0x0000, 0x0000, 0x0000, 0x0000, 0x0000, 0x0000, 0x0000, 0x0000, 0x0000, 0x0000, 0x0000,
  0x0000, 0x0000, 0x0000, 0x0000, 0x0000, 0x0000, 0x0000, 0x0000, 0x0000, 0x0000, 0x0000, 0x0000,
  0x0000, 0x0000, 0x0000, 0x0000, 0x0000, 0x0000, 0x0000, 0x0000, 0x0000, 0x0000, 0x0000, 0x0000,
  0x0000, 0x0000, 0x0000, 0x0000, 0x0000, 0x0000, 0x0000, 0x0000, 0x0000, 0x0000, 0x0000, 0x0000,
  0x0000, 0x0000, 0x0000, 0x0000, 0x0000, 0x0000, 0x0000, 0x0000, 0x0000, 0x0000, 0x0000, 0x0000,
  0x0000, 0x0000, 0x0000, 0x0000, 0x0000, 0x0000, 0x0000, 0x0000, 0x0000, 0x0000, 0x0000, 0x0000,
  0x0000, 0x0000, 0x0000, 0x0000, 0x0000, 0x0000, 0x0000, 0x0000, 0x0000, 0x0000, 0x0000, 0x0000,
  0x0000, 0x0000, 0x0000, 0x0000, 0x0000, 0x0000, 0x0000, 0x0000, 0x0000, 0x0000, 0x0000, 0x0000,
  0x0000, 0x0000, 0x0000, 0x0000, 0x0000, 0x0000, 0x0000, 0x0000, 0x0000, 0x0000, 0x0000, 0x0000,
  0x0000, 0x0000, 0x0000, 0x0000, 0x0000, 0x0000, 0x0000, 0x0000, 0x0000, 0x0000, 0x0000, 0x0000,
  0x0000, 0x0000, 0x0000, 0x0000, 0x0000, 0x0000, 0x0000, 0x0000, 0x0000, 0x0000, 0x0000, 0x0000,
  0x0000, 0x0000, 0x0000, 0x0000, 0x0000, 0x0000, 0x0000, 0x0000, 0x0000, 0x0000, 0xF5C0, 0xED80,
  0xED60, 0xF580, 0xEDA0, 0xF5A0, 0xF601, 0xFEC2, 0xFEC2, 0xFEE3, 0xFEE3, 0xFEE2, 0xFEC2, 0xFEC3,
  0xFEE6, 0xFF06, 0xFF6F, 0xFF71, 0xFF72, 0xFF72, 0xFF72, 0xFF52, 0xFF72, 0xFEE3, 0xFEE3, 0xFEE3,
  0xFEE3, 0xFEE3, 0xFF03, 0xFF03, 0xFEE3, 0xFEE3, 0xFF03, 0xFF03, 0xFF03, 0xFF03, 0xFEE3, 0xFF03,
  0xFEE3, 0xFEE3, 0xFEE3, 0xFEE3, 0xFF03, 0xFE22, 0xFE22, 0xFE22, 0xFE02, 0xFE22, 0xFE22, 0xFE22,
  0xFE63, 0xDC80, 0xD440, 0xCC20, 0x0840, 0x0000, 0x0000, 0x0000, 0x0000, 0x0000, 0x0000, 0x0000,
  0x0000, 0x0000, 0x0000, 0x0000, 0x0000, 0x0000, 0x0000, 0x0000, 0x0000, 0x0000, 0x0000, 0x0000,
  0x0000, 0x0000, 0x0000, 0x0000, 0x0000, 0x0000, 0x0000, 0x0000, 0x0000, 0x0000, 0x0000, 0x0000,
  0x0000, 0x0000, 0x0000, 0x0000, 0x0000, 0x0000, 0x0000, 0x0000, 0x0000, 0x0000, 0x0000, 0x0000,
  0x0000, 0x0000, 0x0000, 0x0000, 0x0000, 0x0000, 0x0000, 0x0000, 0x0000, 0x0000, 0x0000, 0x0000,
  0x0000, 0x0000, 0x0000, 0x0000, 0x0000, 0x0000, 0x0000, 0x0000, 0x0000, 0x0000, 0x0000, 0x0000,
  0x0000, 0x0000, 0x0000, 0x0000, 0x0000, 0x0000, 0x0000, 0x0000, 0x0000, 0x0000, 0x0000, 0x0000,
  0x0000, 0x0000, 0x0000, 0x0000, 0x0000, 0x0000, 0x0000, 0x0000, 0x0000, 0x0000, 0x0000, 0x0000,
  0x0000, 0x0000, 0x0000, 0x0000, 0x0000, 0x0000, 0x0000, 0x0000, 0x0000, 0x0000, 0x0000, 0x0000,
  0x0000, 0x0000, 0x0000, 0x0000, 0x0000, 0x0000, 0x0000, 0x0000, 0x0000, 0x0000, 0x0000, 0x0000,
  0x0000, 0x0000, 0x0000, 0x0000, 0x0000, 0x0000, 0x0000, 0x0000, 0x0000, 0x0000, 0x0000, 0x0000,
  0x0000, 0x0000, 0x0000, 0x0000, 0x0000, 0x0000, 0x0000, 0x0000, 0x0000, 0x0000, 0x0000, 0x0000,
  0x0000, 0x0000, 0x0000, 0x0000, 0x0000, 0x0000, 0x0000, 0x0000, 0x0000, 0x0000, 0x0000, 0x0000,
  0x0000, 0x0000, 0x0000, 0x0000, 0x0000, 0x0000, 0x0000, 0x0000, 0x0000, 0x0000, 0x0000, 0x0000,
  0x0000, 0x0000, 0x0000, 0x0000, 0x0000, 0x0000, 0x0000, 0x0000, 0x0000, 0x0000, 0x0000, 0x0000,
  0x0000, 0x0000, 0x0000, 0x0000, 0x0000, 0x0000, 0x0000, 0x0000, 0x0000, 0x0000, 0xF580, 0xF5A0,
  0xED60, 0xED60, 0xED60, 0xED80, 0xF601, 0xFEE3, 0xFEE3, 0xFEE3, 0xFEE2, 0xFEC2, 0xFEC2, 0xFF05,
  0xFF06, 0xFF06, 0xFF50, 0xFF72, 0xFF72, 0xFF73, 0xFF72, 0xFF71, 0xFF73, 0xFEE3, 0xFEE3, 0xFEE3,
  0xFEE3, 0xFEE3, 0xFF03, 0xFEE3, 0xFF03, 0xFF03, 0xFEE3, 0xFEE3, 0xFF03, 0xFF03, 0xFF03, 0xFF03,
  0xFEE3, 0xFEE3, 0xFEE3, 0xFEE3, 0xFF03, 0xFE22, 0xFE22, 0xFE22, 0xFE22, 0xFE22, 0xFE22, 0xFE22,
  0xFE63, 0xDC60, 0xD440, 0xD460, 0x5980, 0x51C0, 0x5160, 0x0000, 0x0000, 0x0000, 0x0000, 0x0000,
  0x0000, 0x0000, 0x0000, 0x0000, 0x0000, 0x0000, 0x0000, 0x0000, 0x0000, 0x0000, 0x0000, 0x0000,
  0x0000, 0x0000, 0x0000, 0x0000, 0x0000, 0x0000, 0x0000, 0x0000, 0x0000, 0x0000, 0x0000, 0x0000,
  0x0000, 0x0000, 0x0000, 0x0000, 0x0000, 0x0000, 0x0000, 0x0000, 0x0000, 0x0000, 0x0000, 0x0000,
  0x0000, 0x0000, 0x0000, 0x0000, 0x0000, 0x0000, 0x0000, 0x0000, 0x0000, 0x0000, 0x0000, 0x0000,
  0x0000, 0x0000, 0x0000, 0x0000, 0x0000, 0x0000, 0x0000, 0x0000, 0x0000, 0x0000, 0x0000, 0x0000,
  0x0000, 0x0000, 0x0000, 0x0000, 0x0000, 0x0000, 0x0000, 0x0000, 0x0000, 0x0000, 0x0000, 0x0000,
  0x0000, 0x0000, 0x0000, 0x0000, 0x0000, 0x0000, 0x0000, 0x0000, 0x0000, 0x0000, 0x0000, 0x0000,
  0x0000, 0x0000, 0x0000, 0x0000, 0x0000, 0x0000, 0x0000, 0x0000, 0x0000, 0x0000, 0x0000, 0x0000,
  0x0000, 0x0000, 0x0000, 0x0000, 0x0000, 0x0000, 0x0000, 0x0000, 0x0000, 0x0000, 0x0000, 0x0000,
  0x0000, 0x0000, 0x0000, 0x0000, 0x0000, 0x0000, 0x0000, 0x0000, 0x0000, 0x0000, 0x0000, 0x0000,
  0x0000, 0x0000, 0x0000, 0x0000, 0x0000, 0x0000, 0x0000, 0x0000, 0x0000, 0x0000, 0x0000, 0x0000,
  0x0000, 0x0000, 0x0000, 0x0000, 0x0000, 0x0000, 0x0000, 0x0000, 0x0000, 0x0000, 0x0000, 0x0000,
  0x0000, 0x0000, 0x0000, 0x0000, 0x0000, 0x0000, 0x0000, 0x0000, 0x0000, 0x0000, 0x0000, 0x0000,
  0x0000, 0x0000, 0x0000, 0x0000, 0x0000, 0x0000, 0x0000, 0x0000, 0x0000, 0x0000, 0x0000, 0x0000,
  0x0000, 0x0000, 0x0000, 0x0000, 0x0000, 0x0000, 0x0000, 0x0000, 0x0000, 0x0000, 0xED80, 0xED80,
  0xED80, 0xEDA0, 0xFEE2, 0xFEE2, 0xFEE3, 0xFEE3, 0xFEE3, 0xFEE3, 0xFF51, 0xFF71, 0xFF72, 0xFF72,
  0xFF72, 0xFF51, 0xFF52, 0xFF72, 0xFF72, 0xFEE6, 0xFEE3, 0xFEC2, 0xFEE3, 0xFEE3, 0xFEE2, 0xFEE3,
  0xFEE3, 0xFEE3, 0xFEE3, 0xFF03, 0xFF03, 0xFF03, 0xFF03, 0xFF03, 0xFF03, 0xFEE3, 0xFEE3, 0xFEE3,
  0xFF03, 0xFF03, 0xFEE3, 0xFEE3, 0xFF03, 0xFE22, 0xFE22, 0xFE22, 0xFE22, 0xFE22, 0xFE22, 0xFE22,
  0xFE02, 0xFE02, 0xFE22, 0xFE42, 0xCC20, 0xD440, 0xD420, 0x0000, 0x0000, 0x0000, 0x0000, 0x0000,
  0x0000, 0x0000, 0x0000, 0x0000, 0x0000, 0x0000, 0x0000, 0x0000, 0x0000, 0x0000, 0x0000, 0x0000,
  0x0000, 0x0000, 0x0000, 0x0000, 0x0000, 0x0000, 0x0000, 0x0000, 0x0000, 0x0000, 0x0000, 0x0000,
  0x0000, 0x0000, 0x0000, 0x0000, 0x0000, 0x0000, 0x0000, 0x0000, 0x0000, 0x0000, 0x0000, 0x0000,
  0x0000, 0x0000, 0x0000, 0x0000, 0x0000, 0x0000, 0x0000, 0x0000, 0x0000, 0x0000, 0x0000, 0x0000,
  0x0000, 0x0000, 0x0000, 0x0000, 0x0000, 0x0000, 0x0000, 0x0000, 0x0000, 0x0000, 0x0000, 0x0000,
  0x0000, 0x0000, 0x0000, 0x0000, 0x0000, 0x0000, 0x0000, 0x0000, 0x0000, 0x0000, 0x0000, 0x0000,
  0x0000, 0x0000, 0x0000, 0x0000, 0x0000, 0x0000, 0x0000, 0x0000, 0x0000, 0x0000, 0x0000, 0x0000,
  0x0000, 0x0000, 0x0000, 0x0000, 0x0000, 0x0000, 0x0000, 0x0000, 0x0000, 0x0000, 0x0000, 0x0000,
  0x0000, 0x0000, 0x0000, 0x0000, 0x0000, 0x0000, 0x0000, 0x0000, 0x0000, 0x0000, 0x0000, 0x0000,
  0x0000, 0x0000, 0x0000, 0x0000, 0x0000, 0x0000, 0x0000, 0x0000, 0x0000, 0x0000, 0x0000, 0x0000,
  0x0000, 0x0000, 0x0000, 0x0000, 0x0000, 0x0000, 0x0000, 0x0000, 0x0000, 0x0000, 0x0000, 0x0000,
  0x0000, 0x0000, 0x0000, 0x0000, 0x0000, 0x0000, 0x0000, 0x0000, 0x0000, 0x0000, 0x0000, 0x0000,
  0x0000, 0x0000, 0x0000, 0x0000, 0x0000, 0x0000, 0x0000, 0x0000, 0x0000, 0x0000, 0x0000, 0x0000,
  0x0000, 0x0000, 0x0000, 0x0000, 0x0000, 0x0000, 0x0000, 0x0000, 0x0000, 0x0000, 0x0000, 0x0000,
  0x0000, 0x0000, 0x0000, 0x0000, 0x0000, 0x0000, 0x0000, 0x0000, 0x0000, 0x0000, 0xF5A0, 0xED80,
  0xF580, 0xF5C0, 0xFEE2, 0xFEE3, 0xFEE3, 0xFEE3, 0xFEE3, 0xFEE2, 0xFF51, 0xFF72, 0xFF72, 0xFF72,
  0xFF72, 0xFF72, 0xFF72, 0xFF72, 0xFF72, 0xFEE5, 0xFEE3, 0xFEE3, 0xFEE3, 0xFEE3, 0xFEE3, 0xFEE3,
  0xFEE3, 0xFEE3, 0xFF03, 0xFF03, 0xFF03, 0xFF03, 0xFF03, 0xFEE3, 0xFF03, 0xFF03, 0xFF03, 0xFEE3,
  0xFEE3, 0xFF03, 0xFEE3, 0xFEE3, 0xFF03, 0xFE22, 0xFE02, 0xFE02, 0xFE22, 0xFE22, 0xFE22, 0xFE22,
  0xFE02, 0xFE22, 0xFE22, 0xFE42, 0xDC60, 0xD440, 0xCC00, 0x0000, 0x0000, 0x0000, 0x0000, 0x0000,
  0x0000, 0x0000, 0x0000, 0x0000, 0x0000, 0x0000, 0x0000, 0x0000, 0x0000, 0x0000, 0x0000, 0x0000,
  0x0000, 0x0000, 0x0000, 0x0000, 0x0000, 0x0000, 0x0000, 0x0000, 0x0000, 0x0000, 0x0000, 0x0000,
  0x0000, 0x0000, 0x0000, 0x0000, 0x0000, 0x0000, 0x0000, 0x0000, 0x0000, 0x0000, 0x0000, 0x0000,
  0x0000, 0x0000, 0x0000, 0x0000, 0x0000, 0x0000, 0x0000, 0x0000, 0x0000, 0x0000, 0x0000, 0x0000,
  0x0000, 0x0000, 0x0000, 0x0000, 0x0000, 0x0000, 0x0000, 0x0000, 0x0000, 0x0000, 0x0000, 0x0000,
  0x0000, 0x0000, 0x0000, 0x0000, 0x0000, 0x0000, 0x0000, 0x0000, 0x0000, 0x0000, 0x0000, 0x0000,
  0x0000, 0x0000, 0x0000, 0x0000, 0x0000, 0x0000, 0x0000, 0x0000, 0x0000, 0x0000, 0x0000, 0x0000,
  0x0000, 0x0000, 0x0000, 0x0000, 0x0000, 0x0000, 0x0000, 0x0000, 0x0000, 0x0000, 0x0000, 0x0000,
  0x0000, 0x0000, 0x0000, 0x0000, 0x0000, 0x0000, 0x0000, 0x0000, 0x0000, 0x0000, 0x0000, 0x0000,
  0x0000, 0x0000, 0x0000, 0x0000, 0x0000, 0x0000, 0x0000, 0x0000, 0x0000, 0x0000, 0x0000, 0x0000,
  0x0000, 0x0000, 0x0000, 0x0000, 0x0000, 0x0000, 0x0000, 0x0000, 0x0000, 0x0000, 0x0000, 0x0000,
  0x0000, 0x0000, 0x0000, 0x0000, 0x0000, 0x0000, 0x0000, 0x0000, 0x0000, 0x0000, 0x0000, 0x0000,
  0x0000, 0x0000, 0x0000, 0x0000, 0x0000, 0x0000, 0x0000, 0x0000, 0x0000, 0x0000, 0x0000, 0x0000,
  0x0000, 0x0000, 0x0000, 0x0000, 0x0000, 0x0000, 0x0000, 0x0000, 0x0000, 0x0000, 0x0000, 0x0000,
  0x0000, 0x0000, 0x0000, 0x0000, 0x0000, 0x0000, 0x0000, 0x0000, 0x0000, 0x0000, 0xF5C1, 0xED80,
  0xED80, 0xF5C1, 0xFEE3, 0xFEE3, 0xFEE3, 0xFEE3, 0xFEE3, 0xFEE3, 0xFF51, 0xFF72, 0xFF72, 0xFF72,
  0xFF72, 0xFF72, 0xFF72, 0xFF72, 0xFF72, 0xFEE5, 0xFEE3, 0xFEE3, 0xFEE3, 0xFEE3, 0xFEE3, 0xFEE3,
  0xFEE3, 0xFEE3, 0xFEE3, 0xFF03, 0xFF03, 0xFF03, 0xFEE3, 0xFEE3, 0xFEE3, 0xFF03, 0xFF03, 0xFEE3,
  0xFEE3, 0xFEE3, 0xFEE3, 0xFEE3, 0xFF03, 0xFE22, 0xFE22, 0xFE22, 0xFE22, 0xFE22, 0xFE22, 0xFE22,
  0xFE22, 0xFE22, 0xFE22, 0xFE42, 0xDC60, 0xD440, 0xC400, 0x0020, 0x0000, 0x0000, 0x0000, 0x0000,
  0x0000, 0x0000, 0x0000, 0x0000, 0x0000, 0x0000, 0x0000, 0x0000, 0x0000, 0x0000, 0x0000, 0x0000,
  0x0000, 0x0000, 0x0000, 0x0000, 0x0000, 0x0000, 0x0000, 0x0000, 0x0000, 0x0000, 0x0000, 0x0000,
  0x0000, 0x0000, 0x0000, 0x0000, 0x0000, 0x0000, 0x0000, 0x0000, 0x0000, 0x0000, 0x0000, 0x0000,
  0x0000, 0x0000, 0x0000, 0x0000, 0x0000, 0x0000, 0x0000, 0x0000, 0x0000, 0x0000, 0x0000, 0x0000,
  0x0000, 0x0000, 0x0000, 0x0000, 0x0000, 0x0000, 0x0000, 0x0000, 0x0000, 0x0000, 0x0000, 0x0000,
  0x0000, 0x0000, 0x0000, 0x0000, 0x0000, 0x0000, 0x0000, 0x0000, 0x0000, 0x0000, 0x0000, 0x0000,
  0x0000, 0x0000, 0x0000, 0x0000, 0x0000, 0x0000, 0x0000, 0x0000, 0x0000, 0x0000, 0x0000, 0x0000,
  0x0000, 0x0000, 0x0000, 0x0000, 0x0000, 0x0000, 0x0000, 0x0000, 0x0000, 0x0000, 0x0000, 0x0000,
  0x0000, 0x0000, 0x0000, 0x0000, 0x0000, 0x0000, 0x0000, 0x0000, 0x0000, 0x0000, 0x0000, 0x0000,
  0x0000, 0x0000, 0x0000, 0x0000, 0x0000, 0x0000, 0x0000, 0x0000, 0x0000, 0x0000, 0x0000, 0x0000,
  0x0000, 0x0000, 0x0000, 0x0000, 0x0000, 0x0000, 0x0000, 0x0000, 0x0000, 0x0000, 0x0000, 0x0000,
  0x0000, 0x0000, 0x0000, 0x0000, 0x0000, 0x0000, 0x0000, 0x0000, 0x0000, 0x0000, 0x0000, 0x0000,
  0x0000, 0x0000, 0x0000, 0x0000, 0x0000, 0x0000, 0x0000, 0x0000, 0x0000, 0x0000, 0x0000, 0x0000,
  0x0000, 0x0000, 0x0000, 0x0000, 0x0000, 0x0000, 0x0000, 0x0000, 0x0000, 0x0000, 0x0000, 0x0000,
  0x0000, 0x0000, 0x0000, 0x0000, 0x0000, 0x0000, 0x0000, 0x0000, 0x0000, 0x0000, 0xF5A0, 0xED80,
  0xED60, 0xF5C1, 0xFF03, 0xFF03, 0xFEE3, 0xFF04, 0xFF04, 0xFF04, 0xFF72, 0xFF72, 0xFF72, 0xFF72,
  0xFF72, 0xFF72, 0xFF72, 0xFF72, 0xFF72, 0xFF06, 0xFEE3, 0xFEE3, 0xFEE3, 0xFEE3, 0xFEE3, 0xFEE3,
  0xFEE3, 0xFEE3, 0xFEE3, 0xFF03, 0xFF03, 0xFF03, 0xFEE3, 0xFEE3, 0xFF03, 0xFF03, 0xFF03, 0xFEE3,
  0xFEE3, 0xFF03, 0xFEE3, 0xFEE3, 0xFF03, 0xFE22, 0xFE02, 0xFE22, 0xFE22, 0xFE22, 0xFE22, 0xFE22,
  0xFE22, 0xFE22, 0xFE22, 0xFE42, 0xD440, 0xD440, 0xCC20, 0x0020, 0x0000, 0x0000, 0x0000, 0x0000,
  0x0000, 0x0000, 0x0000, 0x0000, 0x0000, 0x0000, 0x0000, 0x0000, 0x0000, 0x0000, 0x0000, 0x0000,
  0x0000, 0x0000, 0x0000, 0x0000, 0x0000, 0x0000, 0x0000, 0x0000, 0x0000, 0x0000, 0x0000, 0x0000,
  0x0000, 0x0000, 0x0000, 0x0000, 0x0000, 0x0000, 0x0000, 0x0000, 0x0000, 0x0000, 0x0000, 0x0000,
  0x0000, 0x0000, 0x0000, 0x0000, 0x0000, 0x0000, 0x0000, 0x0000, 0x0000, 0x0000, 0x0000, 0x0000,
  0x0000, 0x0000, 0x0000, 0x0000, 0x0000, 0x0000, 0x0000, 0x0000, 0x0000, 0x0000, 0x0000, 0x0000,
  0x0000, 0x0000, 0x0000, 0x0000, 0x0000, 0x0000, 0x0000, 0x0000, 0x0000, 0x0000, 0x0000, 0x0000,
  0x0000, 0x0000, 0x0000, 0x0000, 0x0000, 0x0000, 0x0000, 0x0000, 0x0000, 0x0000, 0x0000, 0x0000,
  0x0000, 0x0000, 0x0000, 0x0000, 0x0000, 0x0000, 0x0000, 0x0000, 0x0000, 0x0000, 0x0000, 0x0000,
  0x0000, 0x0000, 0x0000, 0x0000, 0x0000, 0x0000, 0x0000, 0x0000, 0x0000, 0x0000, 0x0000, 0x0000,
  0x0000, 0x0000, 0x0000, 0x0000, 0x0000, 0x0000, 0x0000, 0x0000, 0x0000, 0x0000, 0x0000, 0x0000,
  0x0000, 0x0000, 0x0000, 0x0000, 0x0000, 0x0000, 0x0000, 0x0000, 0x0000, 0x0000, 0x0000, 0x0000,
  0x0000, 0x0000, 0x0000, 0x0000, 0x0000, 0x0000, 0x0000, 0x0000, 0x0000, 0x0000, 0x0000, 0x0000,
  0x0000, 0x0000, 0x0000, 0x0000, 0x0000, 0x0000, 0x0000, 0x0000, 0x0000, 0x0000, 0x0000, 0x0000,
  0x0000, 0x0000, 0x0000, 0x0000, 0x0000, 0x0000, 0x0000, 0x0000, 0x0000, 0x0000, 0x0000, 0x0000,
  0x0000, 0x0000, 0x0000, 0x0000, 0x0000, 0x0000, 0x0000, 0xF5E0, 0xFDE0, 0xFDC0, 0xEDA0, 0xFEE3,
  0xFEE2, 0xFF03, 0xFEE3, 0xFF03, 0xFEE3, 0xFEE4, 0xFF04, 0xFF25, 0xFF73, 0xFF72, 0xFF72, 0xFF72,
  0xFF72, 0xFF72, 0xFF72, 0xFF72, 0xFF72, 0xFF06, 0xFEE3, 0xFEE3, 0xFEE3, 0xFEE3, 0xFEE3, 0xFEE3,
  0xFF03, 0xFF03, 0xFF03, 0xFEE3, 0xFEE3, 0xFEE3, 0xFF03, 0xFF03, 0xFF03, 0xFEE3, 0xFEE3, 0xFF03,
  0xFF03, 0xFF03, 0xFEE3, 0xFEE3, 0xFF03, 0xFE22, 0xFE22, 0xFE22, 0xFE22, 0xFE22, 0xFE22, 0xFE22,
  0xFE22, 0xFE22, 0xFE22, 0xFE42, 0xD420, 0xD420, 0xCC40, 0x0020, 0x0000, 0x0000, 0x0000, 0x0000,
  0x0000, 0x0000, 0x0000, 0x0000, 0x0000, 0x0000, 0x0000, 0x0000, 0x0000, 0x0000, 0x0000, 0x0000,
  0x0000, 0x0000, 0x0000, 0x0000, 0x0000, 0x0000, 0x0000, 0x0000, 0x0000, 0x0000, 0x0000, 0x0000,
  0x0000, 0x0000, 0x0000, 0x0000, 0x0000, 0x0000, 0x0000, 0x0000, 0x0000, 0x0000, 0x0000, 0x0000,
  0x0000, 0x0000, 0x0000, 0x0000, 0x0000, 0x0000, 0x0000, 0x0000, 0x0000, 0x0000, 0x0000, 0x0000,
  0x0000, 0x0000, 0x0000, 0x0000, 0x0000, 0x0000, 0x0000, 0x0000, 0x0000, 0x0000, 0x0000, 0x0000,
  0x0000, 0x0000, 0x0000, 0x0000, 0x0000, 0x0000, 0x0000, 0x0000, 0x0000, 0x0000, 0x0000, 0x0000,
  0x0000, 0x0000, 0x0000, 0x0000, 0x0000, 0x0000, 0x0000, 0x0000, 0x0000, 0x0000, 0x0000, 0x0000,
  0x0000, 0x0000, 0x0000, 0x0000, 0x0000, 0x0000, 0x0000, 0x0000, 0x0000, 0x0000, 0x0000, 0x0000,
  0x0000, 0x0000, 0x0000, 0x0000, 0x0000, 0x0000, 0x0000, 0x0000, 0x0000, 0x0000, 0x0000, 0x0000,
  0x0000, 0x0000, 0x0000, 0x0000, 0x0000, 0x0000, 0x0000, 0x0000, 0x0000, 0x0000, 0x0000, 0x0000,
  0x0000, 0x0000, 0x0000, 0x0000, 0x0000, 0x0000, 0x0000, 0x0000, 0x0000, 0x0000, 0x0000, 0x0000,
  0x0000, 0x0000, 0x0000, 0x0000, 0x0000, 0x0000, 0x0000, 0x0000, 0x0000, 0x0000, 0x0000, 0x0000,
  0x0000, 0x0000, 0x0000, 0x0000, 0x0000, 0x0000, 0x0000, 0x0000, 0x0000, 0x0000, 0x0000, 0x0000,
  0x0000, 0x0000, 0x0000, 0x0000, 0x0000, 0x0000, 0x0000, 0x0000, 0x0000, 0x0000, 0x0000, 0x0000,
  0x0000, 0x0000, 0x0000, 0x0000, 0x0000, 0x0000, 0x0020, 0xE520, 0xED60, 0xF5A0, 0xFE81, 0xFEE2,
  0xFEE2, 0xFEE3, 0xFEE3, 0xFEE3, 0xFF03, 0xFF03, 0xFF04, 0xFF26, 0xFF73, 0xFF72, 0xFF72, 0xFF72,
  0xFF72, 0xFF72, 0xFF72, 0xFF72, 0xFF72, 0xFF06, 0xFEE3, 0xFEE3, 0xFEE3, 0xFEE3, 0xFEE3, 0xFF03,
  0xFF03, 0xFF03, 0xFEE3, 0xFEE3, 0xFF03, 0xFEE3, 0xFF03, 0xFEE3, 0xFEE3, 0xFEE3, 0xFEE3, 0xFEE3,
  0xFEE3, 0xFF03, 0xFEE3, 0xFEE3, 0xFF03, 0xFE22, 0xFE22, 0xFE22, 0xFE22, 0xFE22, 0xFE22, 0xFE22,
  0xFE22, 0xFE22, 0xFE22, 0xFE42, 0xD420, 0xD420, 0xCC20, 0x0020, 0x0000, 0x0000, 0x0000, 0x0000,
  0x0000, 0x0000, 0x0000, 0x0000, 0x0000, 0x0000, 0x0000, 0x0000, 0x0000, 0x0000, 0x0000, 0x0000,
  0x0000, 0x0000, 0x0000, 0x0000, 0x0000, 0x0000, 0x0000, 0x0000, 0x0000, 0x0000, 0x0000, 0x0000,
  0x0000, 0x0000, 0x0000, 0x0000, 0x0000, 0x0000, 0x0000, 0x0000, 0x0000, 0x0000, 0x0000, 0x0000,
  0x0000, 0x0000, 0x0000, 0x0000, 0x0000, 0x0000, 0x0000, 0x0000, 0x0000, 0x0000, 0x0000, 0x0000,
  0x0000, 0x0000, 0x0000, 0x0000, 0x0000, 0x0000, 0x0000, 0x0000, 0x0000, 0x0000, 0x0000, 0x0000,
  0x0000, 0x0000, 0x0000, 0x0000, 0x0000, 0x0000, 0x0000, 0x0000, 0x0000, 0x0000, 0x0000, 0x0000,
  0x0000, 0x0000, 0x0000, 0x0000, 0x0000, 0x0000, 0x0000, 0x0000, 0x0000, 0x0000, 0x0000, 0x0000,
  0x0000, 0x0000, 0x0000, 0x0000, 0x0000, 0x0000, 0x0000, 0x0000, 0x0000, 0x0000, 0x0000, 0x0000,
  0x0000, 0x0000, 0x0000, 0x0000, 0x0000, 0x0000, 0x0000, 0x0000, 0x0000, 0x0000, 0x0000, 0x0000,
  0x0000, 0x0000, 0x0000, 0x0000, 0x0000, 0x0000, 0x0000, 0x0000, 0x0000, 0x0000, 0x0000, 0x0000,
  0x0000, 0x0000, 0x0000, 0x0000, 0x0000, 0x0000, 0x0000, 0x0000, 0x0000, 0x0000, 0x0000, 0x0000,
  0x0000, 0x0000, 0x0000, 0x0000, 0x0000, 0x0000, 0x0000, 0x0000, 0x0000, 0x0000, 0x0000, 0x0000,
  0x0000, 0x0000, 0x0000, 0x0000, 0x0000, 0x0000, 0x0000, 0x0000, 0x0000, 0x0000, 0x0000, 0x0000,
  0x0000, 0x0000, 0x0000, 0x0000, 0x0000, 0x0000, 0x0000, 0x0000, 0x0000, 0x0000, 0x0000, 0x0000,
  0x0000, 0x0000, 0x0000, 0x0000, 0x0000, 0x0000, 0x0020, 0xE540, 0xED80, 0xF5A0, 0xFE82, 0xFEE3,
  0xFEE3, 0xFEE3, 0xFEE3, 0xFEE3, 0xFF47, 0xFF90, 0xFF71, 0xFF91, 0xFF72, 0xFF72, 0xFF72, 0xFF73,
  0xFF72, 0xFF72, 0xFF72, 0xFF72, 0xFF73, 0xFF06, 0xFF03, 0xFEE3, 0xFEE3, 0xFF03, 0xFEE3, 0xFF03,
  0xFEE3, 0xFF03, 0xFEE3, 0xFEE3, 0xFF03, 0xFF03, 0xFF03, 0xFEE3, 0xFEE3, 0xFEE3, 0xFEE3, 0xFF03,
  0xFEE3, 0xFF03, 0xFF03, 0xFEE3, 0xFF03, 0xFE22, 0xFE22, 0xFE02, 0xFE22, 0xFE22, 0xFE22, 0xFE22,
  0xFE22, 0xFE22, 0xFE22, 0xFE42, 0xD440, 0xD440, 0xCC20, 0x0020, 0x0000, 0x0000, 0x0000, 0x0000,
  0x0000, 0x0000, 0x0000, 0x0000, 0x0000, 0x0000, 0x0000, 0x0000, 0x0000, 0x0000, 0x0000, 0x0000,
  0x0000, 0x0000, 0x0000, 0x0000, 0x0000, 0x0000, 0x0000, 0x0000, 0x0000, 0x0000, 0x0000, 0x0000,
  0x0000, 0x0000, 0x0000, 0x0000, 0x0000, 0x0000, 0x0000, 0x0000, 0x0000, 0x0000, 0x0000, 0x0000,
  0x0000, 0x0000, 0x0000, 0x0000, 0x0000, 0x0000, 0x0000, 0x0000, 0x0000, 0x0000, 0x0000, 0x0000,
  0x0000, 0x0000, 0x0000, 0x0000, 0x0000, 0x0000, 0x0000, 0x0000, 0x0000, 0x0000, 0x0000, 0x0000,
  0x0000, 0x0000, 0x0000, 0x0000, 0x0000, 0x0000, 0x0000, 0x0000, 0x0000, 0x0000, 0x0000, 0x0000,
  0x0000, 0x0000, 0x0000, 0x0000, 0x0000, 0x0000, 0x0000, 0x0000, 0x0000, 0x0000, 0x0000, 0x0000,
  0x0000, 0x0000, 0x0000, 0x0000, 0x0000, 0x0000, 0x0000, 0x0000, 0x0000, 0x0000, 0x0000, 0x0000,
  0x0000, 0x0000, 0x0000, 0x0000, 0x0000, 0x0000, 0x0000, 0x0000, 0x0000, 0x0000, 0x0000, 0x0000,
  0x0000, 0x0000, 0x0000, 0x0000, 0x0000, 0x0000, 0x0000, 0x0000, 0x0000, 0x0000, 0x0000, 0x0000,
  0x0000, 0x0000, 0x0000, 0x0000, 0x0000, 0x0000, 0x0000, 0x0000, 0x0000, 0x0000, 0x0000, 0x0000,
  0x0000, 0x0000, 0x0000, 0x0000, 0x0000, 0x0000, 0x0000, 0x0000, 0x0000, 0x0000, 0x0000, 0x0000,
  0x0000, 0x0000, 0x0000, 0x0000, 0x0000, 0x0000, 0x0000, 0x0000, 0x0000, 0x0000, 0x0000, 0x0000,
  0x0000, 0x0000, 0x0000, 0x0000, 0x0000, 0x0000, 0x0000, 0x0000, 0x0000, 0x0000, 0x0000, 0x0000,
  0x0000, 0x0000, 0x0000, 0x0000, 0x0000, 0x0000, 0x0020, 0xF580, 0xED80, 0xED80, 0xFE82, 0xFF03,
  0xFF03, 0xFF03, 0xFEE3, 0xFEE3, 0xFF27, 0xFF72, 0xFF73, 0xFF72, 0xFF72, 0xFF72, 0xFF73, 0xFF72,
  0xFF72, 0xFF72, 0xFF72, 0xFF72, 0xFF73, 0xFF06, 0xFEE3, 0xFEE3, 0xFEE3, 0xFEE3, 0xFF03, 0xFEE3,
  0xFEE3, 0xFEE3, 0xFEE3, 0xFEE3, 0xFEE3, 0xFF03, 0xFEE3, 0xFF03, 0xFEE3, 0xFEE3, 0xFF03, 0xFEE3,
  0xFF03, 0xFF03, 0xFF03, 0xFF03, 0xFF03, 0xFE22, 0xFE02, 0xFE02, 0xFE02, 0xFE02, 0xFE22, 0xFE22,
  0xFE22, 0xFE22, 0xFE22, 0xFE42, 0xDC40, 0xD440, 0xCC20, 0x0020, 0x0000, 0x0000, 0x0000, 0x0000,
  0x0000, 0x0000, 0x0000, 0x0000, 0x0000, 0x0000, 0x0000, 0x0000, 0x0000, 0x0000, 0x0000, 0x0000,
  0x0000, 0x0000, 0x0000, 0x0000, 0x0000, 0x0000, 0x0000, 0x0000, 0x0000, 0x0000, 0x0000, 0x0000,
  0x0000, 0x0000, 0x0000, 0x0000, 0x0000, 0x0000, 0x0000, 0x0000, 0x0000, 0x0000, 0x0000, 0x0000,
  0x0000, 0x0000, 0x0000, 0x0000, 0x0000, 0x0000, 0x0000, 0x0000, 0x0000, 0x0000, 0x0000, 0x0000,
  0x0000, 0x0000, 0x0000, 0x0000, 0x0000, 0x0000, 0x0000, 0x0000, 0x0000, 0x0000, 0x0000, 0x0000,
  0x0000, 0x0000, 0x0000, 0x0000, 0x0000, 0x0000, 0x0000, 0x0000, 0x0000, 0x0000, 0x0000, 0x0000,
  0x0000, 0x0000, 0x0000, 0x0000, 0x0000, 0x0000, 0x0000, 0x0000, 0x0000, 0x0000, 0x0000, 0x0000,
  0x0000, 0x0000, 0x0000, 0x0000, 0x0000, 0x0000, 0x0000, 0x0000, 0x0000, 0x0000, 0x0000, 0x0000,
  0x0000, 0x0000, 0x0000, 0x0000, 0x0000, 0x0000, 0x0000, 0x0000, 0x0000, 0x0000, 0x0000, 0x0000,
  0x0000, 0x0000, 0x0000, 0x0000, 0x0000, 0x0000, 0x0000, 0x0000, 0x0000, 0x0000, 0x0000, 0x0000,
  0x0000, 0x0000, 0x0000, 0x0000, 0x0000, 0x0000, 0x0000, 0x0000, 0x0000, 0x0000, 0x0000, 0x0000,
  0x0000, 0x0000, 0x0000, 0x0000, 0x0000, 0x0000, 0x0000, 0x0000, 0x0000, 0x0000, 0x0000, 0x0000,
  0x0000, 0x0000, 0x0000, 0x0000, 0x0000, 0x0000, 0x0000, 0x0000, 0x0000, 0x0000, 0x0000, 0x0000,
  0x0000, 0x0000, 0x0000, 0x0000, 0x0000, 0x0000, 0x0000, 0x0000, 0x0000, 0x0000, 0x0000, 0x0000,
  0x0000, 0x0000, 0x0000, 0x0000, 0x0000, 0x0000, 0x0820, 0xF5C0, 0xF5A0, 0xED60, 0xFE61, 0xFF03,
  0xFF03, 0xFF03, 0xFF04, 0xFF03, 0xFF27, 0xFF72, 0xFF73, 0xFF72, 0xFF72, 0xFF72, 0xFF73, 0xFF73,
  0xFF72, 0xFF73, 0xFF73, 0xFF73, 0xFF72, 0xFF06, 0xFEE3, 0xFEE3, 0xFEE3, 0xFF03, 0xFEE3, 0xFF03,
  0xFEE3, 0xFEE3, 0xFF03, 0xFEE3, 0xFF03, 0xFEE3, 0xFEE3, 0xFEE3, 0xFEE3, 0xFF03, 0xFEE3, 0xFF03,
  0xFF03, 0xFF03, 0xFEE3, 0xFF03, 0xFF03, 0xFE22, 0xFE02, 0xFE02, 0xFE02, 0xFE22, 0xFE22, 0xFE22,
  0xFE22, 0xFE22, 0xFE02, 0xFE42, 0xDC40, 0xD440, 0xCC20, 0x0020, 0x0000, 0x0000, 0x0000, 0x0000,
  0x0000, 0x0000, 0x0000, 0x0000, 0x0000, 0x0000, 0x0000, 0x0000, 0x0000, 0x0000, 0x0000, 0x0000,
  0x0000, 0x0000, 0x0000, 0x0000, 0x0000, 0x0000, 0x0000, 0x0000, 0x0000, 0x0000, 0x0000, 0x0000,
  0x0000, 0x0000, 0x0000, 0x0000, 0x0000, 0x0000, 0x0000, 0x0000, 0x0000, 0x0000, 0x0000, 0x0000,
  0x0000, 0x0000, 0x0000, 0x0000, 0x0000, 0x0000, 0x0000, 0x0000, 0x0000, 0x0000, 0x0000, 0x0000,
  0x0000, 0x0000, 0x0000, 0x0000, 0x0000, 0x0000, 0x0000, 0x0000, 0x0000, 0x0000, 0x0000, 0x0000,
  0x0000, 0x0000, 0x0000, 0x0000, 0x0000, 0x0000, 0x0000, 0x0000, 0x0000, 0x0000, 0x0000, 0x0000,
  0x0000, 0x0000, 0x0000, 0x0000, 0x0000, 0x0000, 0x0000, 0x0000, 0x0000, 0x0000, 0x0000, 0x0000,
  0x0000, 0x0000, 0x0000, 0x0000, 0x0000, 0x0000, 0x0000, 0x0000, 0x0000, 0x0000, 0x0000, 0x0000,
  0x0000, 0x0000, 0x0000, 0x0000, 0x0000, 0x0000, 0x0000, 0x0000, 0x0000, 0x0000, 0x0000, 0x0000,
  0x0000, 0x0000, 0x0000, 0x0000, 0x0000, 0x0000, 0x0000, 0x0000, 0x0000, 0x0000, 0x0000, 0x0000,
  0x0000, 0x0000, 0x0000, 0x0000, 0x0000, 0x0000, 0x0000, 0x0000, 0x0000, 0x0000, 0x0000, 0x0000,
  0x0000, 0x0000, 0x0000, 0x0000, 0x0000, 0x0000, 0x0000, 0x0000, 0x0000, 0x0000, 0x0000, 0x0000,
  0x0000, 0x0000, 0x0000, 0x0000, 0x0000, 0x0000, 0x0000, 0x0000, 0x0000, 0x0000, 0x0000, 0x0000,
  0x0000, 0x0000, 0x0000, 0x0000, 0x0000, 0x0000, 0x0000, 0x0000, 0x0000, 0x0000, 0x0000, 0x0000,
  0x0000, 0x0000, 0x0000, 0x0000, 0x0000, 0x0020, 0x0840, 0xF5C0, 0xED80, 0xED80, 0xFE82, 0xFF03,
  0xFEE3, 0xFEE2, 0xFF04, 0xFF04, 0xFF27, 0xFF72, 0xFF72, 0xFF72, 0xFF72, 0xFF73, 0xFF72, 0xFF72,
  0xFF72, 0xFF73, 0xFF94, 0xFF93, 0xFF72, 0xFF05, 0xFEE3, 0xFEE3, 0xFEE3, 0xFEE3, 0xFEE3, 0xFEE3,
  0xFF03, 0xFEE3, 0xFF03, 0xFF03, 0xFEE3, 0xFEE3, 0xFEE3, 0xFEE3, 0xFF03, 0xFEE3, 0xFF03, 0xFEE3,
  0xFEE3, 0xFF03, 0xFEE3, 0xFEE3, 0xFF03, 0xFE22, 0xFE02, 0xFE02, 0xFE02, 0xFE22, 0xFE22, 0xFE22,
  0xFE22, 0xFE22, 0xFE22, 0xFE42, 0xD440, 0xD440, 0xCC20, 0x0020, 0x0000, 0x0000, 0x0000, 0x0000,
  0x0000, 0x0000, 0x0000, 0x0000, 0x0000, 0x0000, 0x0000, 0x0000, 0x0000, 0x0000, 0x0000, 0x0000,
  0x0000, 0x0000, 0x0000, 0x0000, 0x0000, 0x0000, 0x0000, 0x0000, 0x0000, 0x0000, 0x0000, 0x0000,
  0x0000, 0x0000, 0x0000, 0x0000, 0x0000, 0x0000, 0x0000, 0x0000, 0x0000, 0x0000, 0x0000, 0x0000,
  0x0000, 0x0000, 0x0000, 0x0000, 0x0000, 0x0000, 0x0000, 0x0000, 0x0000, 0x0000, 0x0000, 0x0000,
  0x0000, 0x0000, 0x0000, 0x0000, 0x0000, 0x0000, 0x0000, 0x0000, 0x0000, 0x0000, 0x0000, 0x0000,
  0x0000, 0x0000, 0x0000, 0x0000, 0x0000, 0x0000, 0x0000, 0x0000, 0x0000, 0x0000, 0x0000, 0x0000,
  0x0000, 0x0000, 0x0000, 0x0000, 0x0000, 0x0000, 0x0000, 0x0000, 0x0000, 0x0000, 0x0000, 0x0000,
  0x0000, 0x0000, 0x0000, 0x0000, 0x0000, 0x0000, 0x0000, 0x0000, 0x0000, 0x0000, 0x0000, 0x0000,
  0x0000, 0x0000, 0x0000, 0x0000, 0x0000, 0x0000, 0x0000, 0x0000, 0x0000, 0x0000, 0x0000, 0x0000,
  0x0000, 0x0000, 0x0000, 0x0000, 0x0000, 0x0000, 0x0000, 0x0000, 0x0000, 0x0000, 0x0000, 0x0000,
  0x0000, 0x0000, 0x0000, 0x0000, 0x0000, 0x0000, 0x0000, 0x0000, 0x0000, 0x0000, 0x0000, 0x0000,
  0x0000, 0x0000, 0x0000, 0x0000, 0x0000, 0x0000, 0x0000, 0x0000, 0x0000, 0x0000, 0x0000, 0x0000,
  0x0000, 0x0000, 0x0000, 0x0000, 0x0000, 0x0000, 0x0000, 0x0000, 0x0000, 0x0000, 0x0000, 0x0000,
  0x0000, 0x0000, 0x0000, 0x0000, 0x0000, 0x0000, 0x0000, 0x0000, 0x0000, 0x0000, 0x0000, 0x0000,
  0x0000, 0x0000, 0x0000, 0x0000, 0xED80, 0xFDA0, 0xF580, 0xFEC2, 0xFEE2, 0xFF04, 0xFF04, 0xFEE3,
  0xFEE3, 0xFF2A, 0xFF72, 0xFF73, 0xFF72, 0xFF72, 0xFF72, 0xFF72, 0xFF73, 0xFF72, 0xFF72, 0xFF72,
  0xFF72, 0xFF72, 0xFEE3, 0xFEE4, 0xFEE3, 0xFEE3, 0xFEE3, 0xFEE3, 0xFF03, 0xFEE3, 0xFEE3, 0xFEE3,
  0xFF03, 0xFF03, 0xFF03, 0xFEE3, 0xFEE3, 0xFEE3, 0xFF03, 0xFEE3, 0xFF03, 0xFF03, 0xFF03, 0xFF03,
  0xFEE3, 0xFF03, 0xFF03, 0xFEE3, 0xFF03, 0xFE22, 0xFE02, 0xFE02, 0xFE22, 0xFE22, 0xFE22, 0xFE22,
  0xFE22, 0xFE22, 0xFE22, 0xFE42, 0xDC40, 0xD440, 0xCC20, 0x0020, 0x0000, 0x0000, 0x0000, 0x0000,
  0x0000, 0x0000, 0x0000, 0x0000, 0x0000, 0x0000, 0x0000, 0x0000, 0x0000, 0x0000, 0x0000, 0x0000,
  0x0000, 0x0000, 0x0000, 0x0000, 0x0000, 0x0000, 0x0000, 0x0000, 0x0000, 0x0000, 0x0000, 0x0000,
  0x0000, 0x0000, 0x0000, 0x0000, 0x0000, 0x0000, 0x0000, 0x0000, 0x0000, 0x0000, 0x0000, 0x0000,
  0x0000, 0x0000, 0x0000, 0x0000, 0x0000, 0x0000, 0x0000, 0x0000, 0x0000, 0x0000, 0x0000, 0x0000,
  0x0000, 0x0000, 0x0000, 0x0000, 0x0000, 0x0000, 0x0000, 0x0000, 0x0000, 0x0000, 0x0000, 0x0000,
  0x0000, 0x0000, 0x0000, 0x0000, 0x0000, 0x0000, 0x0000, 0x0000, 0x0000, 0x0000, 0x0000, 0x0000,
  0x0000, 0x0000, 0x0000, 0x0000, 0x0000, 0x0000, 0x0000, 0x0000, 0x0000, 0x0000, 0x0000, 0x0000,
  0x0000, 0x0000, 0x0000, 0x0000, 0x0000, 0x0000, 0x0000, 0x0000, 0x0000, 0x0000, 0x0000, 0x0000,
  0x0000, 0x0000, 0x0000, 0x0000, 0x0000, 0x0000, 0x0000, 0x0000, 0x0000, 0x0000, 0x0000, 0x0000,
  0x0000, 0x0000, 0x0000, 0x0000, 0x0000, 0x0000, 0x0000, 0x0000, 0x0000, 0x0000, 0x0000, 0x0000,
  0x0000, 0x0000, 0x0000, 0x0000, 0x0000, 0x0000, 0x0000, 0x0000, 0x0000, 0x0000, 0x0000, 0x0000,
  0x0000, 0x0000, 0x0000, 0x0000, 0x0000, 0x0000, 0x0000, 0x0000, 0x0000, 0x0000, 0x0000, 0x0000,
  0x0000, 0x0000, 0x0000, 0x0000, 0x0000, 0x0000, 0x0000, 0x0000, 0x0000, 0x0000, 0x0000, 0x0000,
  0x0000, 0x0000, 0x0000, 0x0000, 0x0000, 0x0000, 0x0000, 0x0000, 0x0000, 0x0000, 0x0000, 0x0000,
  0x0000, 0x0000, 0x0000, 0x0000, 0xED80, 0xF5A0, 0xED60, 0xFEE2, 0xFEE3, 0xFEE3, 0xFEE3, 0xFEE3,
  0xFEE3, 0xFF2A, 0xFF72, 0xFF72, 0xFF73, 0xFF72, 0xFF72, 0xFF73, 0xFF72, 0xFF73, 0xFF72, 0xFF72,
  0xFF72, 0xFF72, 0xFEE2, 0xFEE3, 0xFEE3, 0xFEE3, 0xFEE3, 0xFEE3, 0xFEE3, 0xFEE3, 0xFEE3, 0xFF03,
  0xFEE3, 0xFEE3, 0xFEE3, 0xFF03, 0xFEE3, 0xFEE3, 0xFEE3, 0xFF03, 0xFF03, 0xFF03, 0xFF03, 0xFEE3,
  0xFF03, 0xFF03, 0xFF03, 0xFEE3, 0xFF03, 0xFE22, 0xFE22, 0xFE22, 0xFE22, 0xFE02, 0xFE22, 0xFE22,
  0xFE22, 0xFE22, 0xFE22, 0xFE42, 0xDC40, 0xD420, 0xCC20, 0x0020, 0x0000, 0x0000, 0x0000, 0x0000,
  0x0000, 0x0000, 0x0000, 0x0000, 0x0000, 0x0000, 0x0000, 0x0000, 0x0000, 0x0000, 0x0000, 0x0000,
  0x0000, 0x0000, 0x0000, 0x0000, 0x0000, 0x0000, 0x0000, 0x0000, 0x0000, 0x0000, 0x0000, 0x0000,
  0x0000, 0x0000, 0x0000, 0x0000, 0x0000, 0x0000, 0x0000, 0x0000, 0x0000, 0x0000, 0x0000, 0x0000,
  0x0000, 0x0000, 0x0000, 0x0000, 0x0000, 0x0000, 0x0000, 0x0000, 0x0000, 0x0000, 0x0000, 0x0000,
  0x0000, 0x0000, 0x0000, 0x0000, 0x0000, 0x0000, 0x0000, 0x0000, 0x0000, 0x0000, 0x0000, 0x0000,
  0x0000, 0x0000, 0x0000, 0x0000, 0x0000, 0x0000, 0x0000, 0x0000, 0x0000, 0x0000, 0x0000, 0x0000,
  0x0000, 0x0000, 0x0000, 0x0000, 0x0000, 0x0000, 0x0000, 0x0000, 0x0000, 0x0000, 0x0000, 0x0000,
  0x0000, 0x0000, 0x0000, 0x0000, 0x0000, 0x0000, 0x0000, 0x0000, 0x0000, 0x0000, 0x0000, 0x0000,
  0x0000, 0x0000, 0x0000, 0x0000, 0x0000, 0x0000, 0x0000, 0x0000, 0x0000, 0x0000, 0x0000, 0x0000,
  0x0000, 0x0000, 0x0000, 0x0000, 0x0000, 0x0000, 0x0000, 0x0000, 0x0000, 0x0000, 0x0000, 0x0000,
  0x0000, 0x0000, 0x0000, 0x0000, 0x0000, 0x0000, 0x0000, 0x0000, 0x0000, 0x0000, 0x0000, 0x0000,
  0x0000, 0x0000, 0x0000, 0x0000, 0x0000, 0x0000, 0x0000, 0x0000, 0x0000, 0x0000, 0x0000, 0x0000,
  0x0000, 0x0000, 0x0000, 0x0000, 0x0000, 0x0000, 0x0000, 0x0000, 0x0000, 0x0000, 0x0000, 0x0000,
  0x0000, 0x0000, 0x0000, 0x0000, 0x0000, 0x0000, 0x0000, 0x0000, 0x0000, 0x0000, 0x0000, 0x0000,
  0x0000, 0x0000, 0x0000, 0x0820, 0xF5A0, 0xED80, 0xED80, 0xFEE2, 0xFEE3, 0xFEE3, 0xFEE3, 0xFEE3,
  0xFEE3, 0xFF2A, 0xFF72, 0xFF72, 0xFF73, 0xFF72, 0xFF72, 0xFF72, 0xFF72, 0xFF72, 0xFF72, 0xFF72,
  0xFF73, 0xFF72, 0xFEE2, 0xFEE3, 0xFEE3, 0xFEE3, 0xFEE3, 0xFEE3, 0xFEE3, 0xFEE3, 0xFEE3, 0xFF03,
  0xFF03, 0xFF03, 0xFEE3, 0xFEE3, 0xFEE3, 0xFF03, 0xFF03, 0xFF03, 0xFEE3, 0xFF03, 0xFF03, 0xFF03,
  0xFF03, 0xFEE3, 0xFF03, 0xFEE3, 0xFF03, 0xFE22, 0xFE22, 0xFE22, 0xFE22, 0xFE22, 0xFE22, 0xFE22,
  0xFE22, 0xFE22, 0xFE22, 0xFE42, 0xDC40, 0xD440, 0xCC20, 0x0020, 0x0000, 0x0000, 0x0000, 0x0000,
  0x0000, 0x0000, 0x0000, 0x0000, 0x0000, 0x0000, 0x0000, 0x0000, 0x0000, 0x0000, 0x0000, 0x0000,
  0x0000, 0x0000, 0x0000, 0x0000, 0x0000, 0x0000, 0x0000, 0x0000, 0x0000, 0x0000, 0x0000, 0x0000,
  0x0000, 0x0000, 0x0000, 0x0000, 0x0000, 0x0000, 0x0000, 0x0000, 0x0000, 0x0000, 0x0000, 0x0000,
  0x0000, 0x0000, 0x0000, 0x0000, 0x0000, 0x0000, 0x0000, 0x0000, 0x0000, 0x0000, 0x0000, 0x0000,
  0x0000, 0x0000, 0x0000, 0x0000, 0x0000, 0x0000, 0x0000, 0x0000, 0x0000, 0x0000, 0x0000, 0x0000,
  0x0000, 0x0000, 0x0000, 0x0000, 0x0000, 0x0000, 0x0000, 0x0000, 0x0000, 0x0000, 0x0000, 0x0000,
  0x0000, 0x0000, 0x0000, 0x0000, 0x0000, 0x0000, 0x0000, 0x0000, 0x0000, 0x0000, 0x0000, 0x0000,
  0x0000, 0x0000, 0x0000, 0x0000, 0x0000, 0x0000, 0x0000, 0x0000, 0x0000, 0x0000, 0x0000, 0x0000,
  0x0000, 0x0000, 0x0000, 0x0000, 0x0000, 0x0000, 0x0000, 0x0000, 0x0000, 0x0000, 0x0000, 0x0000,
  0x0000, 0x0000, 0x0000, 0x0000, 0x0000, 0x0000, 0x0000, 0x0000, 0x0000, 0x0000, 0x0000, 0x0000,
  0x0000, 0x0000, 0x0000, 0x0000, 0x0000, 0x0000, 0x0000, 0x0000, 0x0000, 0x0000, 0x0000, 0x0000,
  0x0000, 0x0000, 0x0000, 0x0000, 0x0000, 0x0000, 0x0000, 0x0000, 0x0000, 0x0000, 0x0000, 0x0000,
  0x0000, 0x0000, 0x0000, 0x0000, 0x0000, 0x0000, 0x0000, 0x0000, 0x0000, 0x0000, 0x0000, 0x0000,
  0x0000, 0x0000, 0x0000, 0x0000, 0x0000, 0x0000, 0x0000, 0x0000, 0x0000, 0x0000, 0x0000, 0x0000,
  0x0000, 0x0000, 0x0000, 0x0820, 0xEDA0, 0xED80, 0xF5A0, 0xFF03, 0xFF03, 0xFEE3, 0xFEE3, 0xFEE3,
  0xFEE3, 0xFF4B, 0xFF72, 0xFF72, 0xFF72, 0xFF73, 0xFF73, 0xFF72, 0xFF72, 0xFF72, 0xFF73, 0xFF73,
  0xFF73, 0xFF72, 0xFEE2, 0xFEE3, 0xFEE3, 0xFEE3, 0xFEE3, 0xFEE3, 0xFEE3, 0xFEE3, 0xFEE3, 0xFEE3,
  0xFF03, 0xFEE3, 0xFEE3, 0xFF03, 0xFF03, 0xFF03, 0xFF03, 0xFF03, 0xFF03, 0xFF03, 0xFF03, 0xFF03,
  0xFF03, 0xFF03, 0xFF03, 0xFEE3, 0xFF03, 0xFE22, 0xFE02, 0xFE22, 0xFE22, 0xFE22, 0xFE22, 0xFE22,
  0xFE22, 0xFE22, 0xFE22, 0xFE42, 0xDC40, 0xD440, 0xCC20, 0x0020, 0x0000, 0x0000, 0x0000, 0x0000,
  0x0000, 0x0000, 0x0000, 0x0000, 0x0000, 0x0000, 0x0000, 0x0000, 0x0000, 0x0000, 0x0000, 0x0000,
  0x0000, 0x0000, 0x0000, 0x0000, 0x0000, 0x0000, 0x0000, 0x0000, 0x0000, 0x0000, 0x0000, 0x0000,
  0x0000, 0x0000, 0x0000, 0x0000, 0x0000, 0x0000, 0x0000, 0x0000, 0x0000, 0x0000, 0x0000, 0x0000,
  0x0000, 0x0000, 0x0000, 0x0000, 0x0000, 0x0000, 0x0000, 0x0000, 0x0000, 0x0000, 0x0000, 0x0000,
  0x0000, 0x0000, 0x0000, 0x0000, 0x0000, 0x0000, 0x0000, 0x0000, 0x0000, 0x0000, 0x0000, 0x0000,
  0x0000, 0x0000, 0x0000, 0x0000, 0x0000, 0x0000, 0x0000, 0x0000, 0x0000, 0x0000, 0x0000, 0x0000,
  0x0000, 0x0000, 0x0000, 0x0000, 0x0000, 0x0000, 0x0000, 0x0000, 0x0000, 0x0000, 0x0000, 0x0000,
  0x0000, 0x0000, 0x0000, 0x0000, 0x0000, 0x0000, 0x0000, 0x0000, 0x0000, 0x0000, 0x0000, 0x0000,
  0x0000, 0x0000, 0x0000, 0x0000, 0x0000, 0x0000, 0x0000, 0x0000, 0x0000, 0x0000, 0x0000, 0x0000,
  0x0000, 0x0000, 0x0000, 0x0000, 0x0000, 0x0000, 0x0000, 0x0000, 0x0000, 0x0000, 0x0000, 0x0000,
  0x0000, 0x0000, 0x0000, 0x0000, 0x0000, 0x0000, 0x0000, 0x0000, 0x0000, 0x0000, 0x0000, 0x0000,
  0x0000, 0x0000, 0x0000, 0x0000, 0x0000, 0x0000, 0x0000, 0x0000, 0x0000, 0x0000, 0x0000, 0x0000,
  0x0000, 0x0000, 0x0000, 0x0000, 0x0000, 0x0000, 0x0000, 0x0000, 0x0000, 0x0000, 0x0000, 0x0000,
  0x0000, 0x0000, 0x0000, 0x0000, 0x0000, 0x0000, 0x0000, 0x0000, 0x0000, 0x0000, 0x0000, 0x0000,
  0x0000, 0x0000, 0x0000, 0x0000, 0xED61, 0xED60, 0xF5A0, 0xFF04, 0xFEE3, 0xFEE3, 0xFEE3, 0xFF03,
  0xFEE3, 0xFF4B, 0xFF72, 0xFF72, 0xFF72, 0xFF72, 0xFF73, 0xFF72, 0xFF72, 0xFF72, 0xFF73, 0xFF73,
  0xFF72, 0xFF72, 0xFEE2, 0xFEE3, 0xFEE3, 0xFEE3, 0xFEE3, 0xFEE3, 0xFEE3, 0xFEE3, 0xFF03, 0xFF03,
  0xFEE3, 0xFEE3, 0xFEE3, 0xFF03, 0xFF03, 0xFF03, 0xFEE3, 0xFF03, 0xFF03, 0xFF03, 0xFF03, 0xFF03,
  0xFF03, 0xFF03, 0xFEE3, 0xFEE3, 0xFF03, 0xFE22, 0xFE02, 0xFE02, 0xFE22, 0xFE22, 0xFE22, 0xFE22,
  0xFE22, 0xFE22, 0xFE02, 0xFE42, 0xDC40, 0xD440, 0xCC20, 0x0020, 0x0000, 0x0000, 0x0000, 0x0000,
  0x0000, 0x0000, 0x0000, 0x0000, 0x0000, 0x0000, 0x0000, 0x0000, 0x0000, 0x0000, 0x0000, 0x0000,
  0x0000, 0x0000, 0x0000, 0x0000, 0x0000, 0x0000, 0x0000, 0x0000, 0x0000, 0x0000, 0x0000, 0x0000,
  0x0000, 0x0000, 0x0000, 0x0000, 0x0000, 0x0000, 0x0000, 0x0000, 0x0000, 0x0000, 0x0000, 0x0000,
  0x0000, 0x0000, 0x0000, 0x0000, 0x0000, 0x0000, 0x0000, 0x0000, 0x0000, 0x0000, 0x0000, 0x0000,
  0x0000, 0x0000, 0x0000, 0x0000, 0x0000, 0x0000, 0x0000, 0x0000, 0x0000, 0x0000, 0x0000, 0x0000,
  0x0000, 0x0000, 0x0000, 0x0000, 0x0000, 0x0000, 0x0000, 0x0000, 0x0000, 0x0000, 0x0000, 0x0000,
  0x0000, 0x0000, 0x0000, 0x0000, 0x0000, 0x0000, 0x0000, 0x0000, 0x0000, 0x0000, 0x0000, 0x0000,
  0x0000, 0x0000, 0x0000, 0x0000, 0x0000, 0x0000, 0x0000, 0x0000, 0x0000, 0x0000, 0x0000, 0x0000,
  0x0000, 0x0000, 0x0000, 0x0000, 0x0000, 0x0000, 0x0000, 0x0000, 0x0000, 0x0000, 0x0000, 0x0000,
  0x0000, 0x0000, 0x0000, 0x0000, 0x0000, 0x0000, 0x0000, 0x0000, 0x0000, 0x0000, 0x0000, 0x0000,
  0x0000, 0x0000, 0x0000, 0x0000, 0x0000, 0x0000, 0x0000, 0x0000, 0x0000, 0x0000, 0x0000, 0x0000,
  0x0000, 0x0000, 0x0000, 0x0000, 0x0000, 0x0000, 0x0000, 0x0000, 0x0000, 0x0000, 0x0000, 0x0000,
  0x0000, 0x0000, 0x0000, 0x0000, 0x0000, 0x0000, 0x0000, 0x0000, 0x0000, 0x0000, 0x0000, 0x0000,
  0x0000, 0x0000, 0x0000, 0x0000, 0x0000, 0x0000, 0x0000, 0x0000, 0x0000, 0x0000, 0x0000, 0x0000,
  0x0000, 0x0000, 0x0000, 0x0000, 0xED60, 0xED80, 0xF5A0, 0xFEE3, 0xFEE3, 0xFEE3, 0xFF04, 0xFF04,
  0xFEE3, 0xFF2C, 0xFF73, 0xFF72, 0xFF72, 0xFF72, 0xFF72, 0xFF72, 0xFF72, 0xFF72, 0xFF72, 0xFF72,
  0xFF72, 0xFF71, 0xFEE2, 0xFEE3, 0xFEE3, 0xFEE3, 0xFEE3, 0xFEE3, 0xFEE3, 0xFEE3, 0xFF03, 0xFEE3,
  0xFEE3, 0xFEE3, 0xFEE3, 0xFEE3, 0xFF03, 0xFF03, 0xFF03, 0xFF03, 0xFF03, 0xFF03, 0xFF03, 0xFF03,
  0xFF03, 0xFF03, 0xFF03, 0xFF03, 0xFF03, 0xFE22, 0xFE02, 0xFE22, 0xFE02, 0xFE22, 0xFE22, 0xFE22,
  0xFE22, 0xFE22, 0xFE02, 0xFE42, 0xDC60, 0xD440, 0xCC20, 0x0020, 0x0000, 0x0000, 0x0000, 0x0000,
  0x0000, 0x0000, 0x0000, 0x0000, 0x0000, 0x0000, 0x0000, 0x0000, 0x0000, 0x0000, 0x0000, 0x0000,
  0x0000, 0x0000, 0x0000, 0x0000, 0x0000, 0x0000, 0x0000, 0x0000, 0x0000, 0x0000, 0x0000, 0x0000,
  0x0000, 0x0000, 0x0000, 0x0000, 0x0000, 0x0000, 0x0000, 0x0000, 0x0000, 0x0000, 0x0000, 0x0000,
  0x0000, 0x0000, 0x0000, 0x0000, 0x0000, 0x0000, 0x0000, 0x0000, 0x0000, 0x0000, 0x0000, 0x0000,
  0x0000, 0x0000, 0x0000, 0x0000, 0x0000, 0x0000, 0x0000, 0x0000, 0x0000, 0x0000, 0x0000, 0x0000,
  0x0000, 0x0000, 0x0000, 0x0000, 0x0000, 0x0000, 0x0000, 0x0000, 0x0000, 0x0000, 0x0000, 0x0000,
  0x0000, 0x0000, 0x0000, 0x0000, 0x0000, 0x0000, 0x0000, 0x0000, 0x0000, 0x0000, 0x0000, 0x0000,
  0x0000, 0x0000, 0x0000, 0x0000, 0x0000, 0x0000, 0x0000, 0x0000, 0x0000, 0x0000, 0x0000, 0x0000,
  0x0000, 0x0000, 0x0000, 0x0000, 0x0000, 0x0000, 0x0000, 0x0000, 0x0000, 0x0000, 0x0000, 0x0000,
  0x0000, 0x0000, 0x0000, 0x0000, 0x0000, 0x0000, 0x0000, 0x0000, 0x0000, 0x0000, 0x0000, 0x0000,
  0x0000, 0x0000, 0x0000, 0x0000, 0x0000, 0x0000, 0x0000, 0x0000, 0x0000, 0x0000, 0x0000, 0x0000,
  0x0000, 0x0000, 0x0000, 0x0000, 0x0000, 0x0000, 0x0000, 0x0000, 0x0000, 0x0000, 0x0000, 0x0000,
  0x0000, 0x0000, 0x0000, 0x0000, 0x0000, 0x0000, 0x0000, 0x0000, 0x0000, 0x0000, 0x0000, 0x0000,
  0x0000, 0x0000, 0x0000, 0x0000, 0x0000, 0x0000, 0x0000, 0x0000, 0x0000, 0x0000, 0x0000, 0x0000,
  0x0000, 0x0000, 0x0000, 0x0000, 0xF5A0, 0xF5A0, 0xED80, 0xFEE2, 0xFEE3, 0xFEE3, 0xFF73, 0xFF73,
  0xFF71, 0xFF71, 0xFF72, 0xFF73, 0xFF72, 0xFF73, 0xFF72, 0xFF72, 0xFF73, 0xFF73, 0xFF52, 0xFEE2,
  0xFEE4, 0xFEE2, 0xFEE3, 0xFEE3, 0xFEE3, 0xFEE3, 0xFEE3, 0xFEE3, 0xFEE3, 0xFEE3, 0xFF03, 0xFEE3,
  0xFF03, 0xFF03, 0xFF03, 0xFEE3, 0xFF03, 0xFEE3, 0xFF03, 0xFF03, 0xFEE3, 0xFF03, 0xFF03, 0xFF03,
  0xFF03, 0xFF03, 0xFF03, 0xFF03, 0xFF03, 0xFE22, 0xFE02, 0xFE02, 0xFE02, 0xFE22, 0xFE22, 0xFE22,
  0xFE22, 0xFE22, 0xFE02, 0xFE42, 0xDC40, 0xD440, 0xCC40, 0x0020, 0x0000, 0x0000, 0x0000, 0x0000,
  0x0000, 0x0000, 0x0000, 0x0000, 0x0000, 0x0000, 0x0000, 0x0000, 0x0000, 0x0000, 0x0000, 0x0000,
  0x0000, 0x0000, 0x0000, 0x0000, 0x0000, 0x0000, 0x0000, 0x0000, 0x0000, 0x0000, 0x0000, 0x0000,
  0x0000, 0x0000, 0x0000, 0x0000, 0x0000, 0x0000, 0x0000, 0x0000, 0x0000, 0x0000, 0x0000, 0x0000,
  0x0000, 0x0000, 0x0000, 0x0000, 0x0000, 0x0000, 0x0000, 0x0000, 0x0000, 0x0000, 0x0000, 0x0000,
  0x0000, 0x0000, 0x0000, 0x0000, 0x0000, 0x0000, 0x0000, 0x0000, 0x0000, 0x0000, 0x0000, 0x0000,
  0x0000, 0x0000, 0x0000, 0x0000, 0x0000, 0x0000, 0x0000, 0x0000, 0x0000, 0x0000, 0x0000, 0x0000,
  0x0000, 0x0000, 0x0000, 0x0000, 0x0000, 0x0000, 0x0000, 0x0000, 0x0000, 0x0000, 0x0000, 0x0000,
  0x0000, 0x0000, 0x0000, 0x0000, 0x0000, 0x0000, 0x0000, 0x0000, 0x0000, 0x0000, 0x0000, 0x0000,
  0x0000, 0x0000, 0x0000, 0x0000, 0x0000, 0x0000, 0x0000, 0x0000, 0x0000, 0x0000, 0x0000, 0x0000,
  0x0000, 0x0000, 0x0000, 0x0000, 0x0000, 0x0000, 0x0000, 0x0000, 0x0000, 0x0000, 0x0000, 0x0000,
  0x0000, 0x0000, 0x0000, 0x0000, 0x0000, 0x0000, 0x0000, 0x0000, 0x0000, 0x0000, 0x0000, 0x0000,
  0x0000, 0x0000, 0x0000, 0x0000, 0x0000, 0x0000, 0x0000, 0x0000, 0x0000, 0x0000, 0x0000, 0x0000,
  0x0000, 0x0000, 0x0000, 0x0000, 0x0000, 0x0000, 0x0000, 0x0000, 0x0000, 0x0000, 0x0000, 0x0000,
  0x0000, 0x0000, 0x0000, 0x0000, 0x0000, 0x0000, 0x0000, 0x0000, 0x0000, 0x0000, 0x0000, 0x0000,
  0x0000, 0x0000, 0x0000, 0x0840, 0xF5C1, 0xF5C0, 0xED80, 0xFEE2, 0xFF03, 0xFF03, 0xFF72, 0xFF72,
  0xFF72, 0xFF72, 0xFF72, 0xFF72, 0xFF73, 0xFF73, 0xFF72, 0xFF72, 0xFF73, 0xFF73, 0xFF53, 0xFEE3,
  0xFEE3, 0xFEE3, 0xFEE3, 0xFEE3, 0xFEE3, 0xFEE3, 0xFEE3, 0xFEE3, 0xFEE3, 0xFEE3, 0xFF03, 0xFF03,
  0xFF03, 0xFF03, 0xFEE3, 0xFF03, 0xFF03, 0xFF03, 0xFF03, 0xFF03, 0xFF03, 0xFF03, 0xFF03, 0xFF03,
  0xFF03, 0xFF03, 0xFF03, 0xFF03, 0xFF03, 0xFE22, 0xFE02, 0xFE02, 0xFE22, 0xFE22, 0xFE22, 0xFE22,
  0xFE22, 0xFE22, 0xFE22, 0xFE42, 0xD440, 0xD440, 0xCC20, 0x0020, 0x0000, 0x0000, 0x0000, 0x0000,
  0x0000, 0x0000, 0x0000, 0x0000, 0x0000, 0x0000, 0x0000, 0x0000, 0x0000, 0x0000, 0x0000, 0x0000,
  0x0000, 0x0000, 0x0000, 0x0000, 0x0000, 0x0000, 0x0000, 0x0000, 0x0000, 0x0000, 0x0000, 0x0000,
  0x0000, 0x0000, 0x0000, 0x0000, 0x0000, 0x0000, 0x0000, 0x0000, 0x0000, 0x0000, 0x0000, 0x0000,
  0x0000, 0x0000, 0x0000, 0x0000, 0x0000, 0x0000, 0x0000, 0x0000, 0x0000, 0x0000, 0x0000, 0x0000,
  0x0000, 0x0000, 0x0000, 0x0000, 0x0000, 0x0000, 0x0000, 0x0000, 0x0000, 0x0000, 0x0000, 0x0000,
  0x0000, 0x0000, 0x0000, 0x0000, 0x0000, 0x0000, 0x0000, 0x0000, 0x0000, 0x0000, 0x0000, 0x0000,
  0x0000, 0x0000, 0x0000, 0x0000, 0x0000, 0x0000, 0x0000, 0x0000, 0x0000, 0x0000, 0x0000, 0x0000,
  0x0000, 0x0000, 0x0000, 0x0000, 0x0000, 0x0000, 0x0000, 0x0000, 0x0000, 0x0000, 0x0000, 0x0000,
  0x0000, 0x0000, 0x0000, 0x0000, 0x0000, 0x0000, 0x0000, 0x0000, 0x0000, 0x0000, 0x0000, 0x0000,
  0x0000, 0x0000, 0x0000, 0x0000, 0x0000, 0x0000, 0x0000, 0x0000, 0x0000, 0x0000, 0x0000, 0x0000,
  0x0000, 0x0000, 0x0000, 0x0000, 0x0000, 0x0000, 0x0000, 0x0000, 0x0000, 0x0000, 0x0000, 0x0000,
  0x0000, 0x0000, 0x0000, 0x0000, 0x0000, 0x0000, 0x0000, 0x0000, 0x0000, 0x0000, 0x0000, 0x0000,
  0x0000, 0x0000, 0x0000, 0x0000, 0x0000, 0x0000, 0x0000, 0x0000, 0x0000, 0x0000, 0x0000, 0x0000,
  0x0000, 0x0000, 0x0000, 0x0000, 0x0000, 0x0000, 0x0000, 0x0000, 0x0000, 0x0000, 0x0000, 0x0000,
  0xF6A0, 0xED80, 0xF5C0, 0xF5A0, 0xF642, 0xF642, 0xF622, 0xFEE2, 0xFF03, 0xFF03, 0xFF72, 0xFF72,
  0xFF72, 0xFF72, 0xFF72, 0xFF73, 0xFF73, 0xFF72, 0xFF73, 0xFF73, 0xFF72, 0xFF29, 0xFF07, 0xFEE3,
  0xFEE3, 0xFEE3, 0xFEE3, 0xFEE3, 0xFEE3, 0xFEE3, 0xFEE3, 0xFEE3, 0xFEE3, 0xFF03, 0xFF03, 0xFF03,
  0xFF03, 0xFEE3, 0xFEE3, 0xFF03, 0xFEE3, 0xFEE3, 0xFF03, 0xFEE3, 0xFF03, 0xFF03, 0xFEE3, 0xFEE3,
  0xFF03, 0xFEE3, 0xFF03, 0xFEE3, 0xFF02, 0xFE22, 0xFE02, 0xFE02, 0xFE22, 0xFE22, 0xFE22, 0xFE22,
  0xFE22, 0xFE22, 0xFE22, 0xFE42, 0xD440, 0xD440, 0xCC20, 0x0020, 0x0000, 0x0000, 0x0000, 0x0000,
  0x0000, 0x0000, 0x0000, 0x0000, 0x0000, 0x0000, 0x0000, 0x0000, 0x0000, 0x0000, 0x0000, 0x0000,
  0x0000, 0x0000, 0x0000, 0x0000, 0x0000, 0x0000, 0x0000, 0x0000, 0x0000, 0x0000, 0x0000, 0x0000,
  0x0000, 0x0000, 0x0000, 0x0000, 0x0000, 0x0000, 0x0000, 0x0000, 0x0000, 0x0000, 0x0000, 0x0000,
  0x0000, 0x0000, 0x0000, 0x0000, 0x0000, 0x0000, 0x0000, 0x0000, 0x0000, 0x0000, 0x0000, 0x0000,
  0x0000, 0x0000, 0x0000, 0x0000, 0x0000, 0x0000, 0x0000, 0x0000, 0x0000, 0x0000, 0x0000, 0x0000,
  0x0000, 0x0000, 0x0000, 0x0000, 0x0000, 0x0000, 0x0000, 0x0000, 0x0000, 0x0000, 0x0000, 0x0000,
  0x0000, 0x0000, 0x0000, 0x0000, 0x0000, 0x0000, 0x0000, 0x0000, 0x0000, 0x0000, 0x0000, 0x0000,
  0x0000, 0x0000, 0x0000, 0x0000, 0x0000, 0x0000, 0x0000, 0x0000, 0x0000, 0x0000, 0x0000, 0x0000,
  0x0000, 0x0000, 0x0000, 0x0000, 0x0000, 0x0000, 0x0000, 0x0000, 0x0000, 0x0000, 0x0000, 0x0000,
  0x0000, 0x0000, 0x0000, 0x0000, 0x0000, 0x0000, 0x0000, 0x0000, 0x0000, 0x0000, 0x0000, 0x0000,
  0x0000, 0x0000, 0x0000, 0x0000, 0x0000, 0x0000, 0x0000, 0x0000, 0x0000, 0x0000, 0x0000, 0x0000,
  0x0000, 0x0000, 0x0000, 0x0000, 0x0000, 0x0000, 0x0000, 0x0000, 0x0000, 0x0000, 0x0000, 0x0000,
  0x0000, 0x0000, 0x0000, 0x0000, 0x0000, 0x0000, 0x0000, 0x0000, 0x0000, 0x0000, 0x0000, 0x0000,
  0x0000, 0x0000, 0x0000, 0x0000, 0x0000, 0x0000, 0x0000, 0x0000, 0x0000, 0x0000, 0x0000, 0x0000,
  0xFE60, 0xED80, 0xED80, 0xF580, 0xFEE2, 0xFEE2, 0xFEE2, 0xFEE3, 0xFF03, 0xFF03, 0xFF72, 0xFF72,
  0xFF72, 0xFF72, 0xFF72, 0xFF73, 0xFF72, 0xFF72, 0xFF73, 0xFF73, 0xFF72, 0xFEE4, 0xFEE3, 0xFEE3,
  0xFEE3, 0xFEE3, 0xFEE3, 0xFEE3, 0xFEE3, 0xFEE3, 0xFEE3, 0xFEE3, 0xFEE3, 0xFEE3, 0xFF03, 0xFF03,
  0xFEE3, 0xFF03, 0xFF03, 0xFEE3, 0xFEE3, 0xFF03, 0xFEE3, 0xFF03, 0xFF03, 0xFF03, 0xFF03, 0xFEE3,
  0xFF03, 0xFEE3, 0xFF03, 0xFEE3, 0xFF02, 0xFE22, 0xFE02, 0xFE22, 0xFE02, 0xFE22, 0xFE22, 0xFE22,
  0xFE22, 0xFE22, 0xFE22, 0xFE42, 0xDC40, 0xD440, 0xCC20, 0x0020, 0x0000, 0x0000, 0x0000, 0x0000,
  0x0000, 0x0000, 0x0000, 0x0000, 0x0000, 0x0000, 0x0000, 0x0000, 0x0000, 0x0000, 0x0000, 0x0000,
  0x0000, 0x0000, 0x0000, 0x0000, 0x0000, 0x0000, 0x0000, 0x0000, 0x0000, 0x0000, 0x0000, 0x0000,
  0x0000, 0x0000, 0x0000, 0x0000, 0x0000, 0x0000, 0x0000, 0x0000, 0x0000, 0x0000, 0x0000, 0x0000,
  0x0000, 0x0000, 0x0000, 0x0000, 0x0000, 0x0000, 0x0000, 0x0000, 0x0000, 0x0000, 0x0000, 0x0000,
  0x0000, 0x0000, 0x0000, 0x0000, 0x0000, 0x0000, 0x0000, 0x0000, 0x0000, 0x0000, 0x0000, 0x0000,
  0x0000, 0x0000, 0x0000, 0x0000, 0x0000, 0x0000, 0x0000, 0x0000, 0x0000, 0x0000, 0x0000, 0x0000,
  0x0000, 0x0000, 0x0000, 0x0000, 0x0000, 0x0000, 0x0000, 0x0000, 0x0000, 0x0000, 0x0000, 0x0000,
  0x0000, 0x0000, 0x0000, 0x0000, 0x0000, 0x0000, 0x0000, 0x0000, 0x0000, 0x0000, 0x0000, 0x0000,
  0x0000, 0x0000, 0x0000, 0x0000, 0x0000, 0x0000, 0x0000, 0x0000, 0x0000, 0x0000, 0x0000, 0x0000,
  0x0000, 0x0000, 0x0000, 0x0000, 0x0000, 0x0000, 0x0000, 0x0000, 0x0000, 0x0000, 0x0000, 0x0000,
  0x0000, 0x0000, 0x0000, 0x0000, 0x0000, 0x0000, 0x0000, 0x0000, 0x0000, 0x0000, 0x0000, 0x0000,
  0x0000, 0x0000, 0x0000, 0x0000, 0x0000, 0x0000, 0x0000, 0x0000, 0x0000, 0x0000, 0x0000, 0x0000,
  0x0000, 0x0000, 0x0000, 0x0000, 0x0000, 0x0000, 0x0000, 0x0000, 0x0000, 0x0000, 0x0000, 0x0000,
  0x0000, 0x0000, 0x0000, 0x0000, 0x0000, 0x0000, 0x0000, 0x0000, 0x0000, 0x0000, 0x0000, 0x0000,
  0xFE80, 0xED80, 0xED60, 0xED60, 0xFEE2, 0xFEE3, 0xFEE3, 0xFF03, 0xFEE3, 0xFEE3, 0xFF72, 0xFF72,
  0xFF72, 0xFF72, 0xFF72, 0xFF73, 0xFF72, 0xFF72, 0xFF73, 0xFF73, 0xFF72, 0xFEE3, 0xFEE3, 0xFEE3,
  0xFEE3, 0xFEE3, 0xFEE3, 0xFEE3, 0xFEE3, 0xFEE3, 0xFEE3, 0xFF03, 0xFF03, 0xFF03, 0xFF03, 0xFEE3,
  0xFEE3, 0xFEE3, 0xFF03, 0xFF03, 0xFEE3, 0xFF03, 0xFF03, 0xFF03, 0xFF03, 0xFF03, 0xFF03, 0xFF03,
  0xFF03, 0xFF03, 0xFEE3, 0xFEE3, 0xFF02, 0xFE22, 0xFE22, 0xFE22, 0xFE22, 0xFE02, 0xFE22, 0xFE22,
  0xFE22, 0xFE22, 0xFE22, 0xFE42, 0xDC40, 0xD440, 0xCC20, 0x0020, 0x0000, 0x0000, 0x0000, 0x0000,
  0x0000, 0x0000, 0x0000, 0x0000, 0x0000, 0x0000, 0x0000, 0x0000, 0x0000, 0x0000, 0x0000, 0x0000,
  0x0000, 0x0000, 0x0000, 0x0000, 0x0000, 0x0000, 0x0000, 0x0000, 0x0000, 0x0000, 0x0000, 0x0000,
  0x0000, 0x0000, 0x0000, 0x0000, 0x0000, 0x0000, 0x0000, 0x0000, 0x0000, 0x0000, 0x0000, 0x0000,
  0x0000, 0x0000, 0x0000, 0x0000, 0x0000, 0x0000, 0x0000, 0x0000, 0x0000, 0x0000, 0x0000, 0x0000,
  0x0000, 0x0000, 0x0000, 0x0000, 0x0000, 0x0000, 0x0000, 0x0000, 0x0000, 0x0000, 0x0000, 0x0000,
  0x0000, 0x0000, 0x0000, 0x0000, 0x0000, 0x0000, 0x0000, 0x0000, 0x0000, 0x0000, 0x0000, 0x0000,
  0x0000, 0x0000, 0x0000, 0x0000, 0x0000, 0x0000, 0x0000, 0x0000, 0x0000, 0x0000, 0x0000, 0x0000,
  0x0000, 0x0000, 0x0000, 0x0000, 0x0000, 0x0000, 0x0000, 0x0000, 0x0000, 0x0000, 0x0000, 0x0000,
  0x0000, 0x0000, 0x0000, 0x0000, 0x0000, 0x0000, 0x0000, 0x0000, 0x0000, 0x0000, 0x0000, 0x0000,
  0x0000, 0x0000, 0x0000, 0x0000, 0x0000, 0x0000, 0x0000, 0x0000, 0x0000, 0x0000, 0x0000, 0x0000,
  0x0000, 0x0000, 0x0000, 0x0000, 0x0000, 0x0000, 0x0000, 0x0000, 0x0000, 0x0000, 0x0000, 0x0000,
  0x0000, 0x0000, 0x0000, 0x0000, 0x0000, 0x0000, 0x0000, 0x0000, 0x0000, 0x0000, 0x0000, 0x0000,
  0x0000, 0x0000, 0x0000, 0x0000, 0x0000, 0x0000, 0x0000, 0x0000, 0x0000, 0x0000, 0x0000, 0x0000,
  0x0000, 0x0000, 0x0000, 0x0000, 0x0000, 0x0000, 0x0000, 0x0000, 0x0000, 0x0000, 0x0000, 0x0000,
  0xFEA0, 0xF5A0, 0xED60, 0xED60, 0xFEE3, 0xFEE3, 0xFF03, 0xFF03, 0xFEE3, 0xFEE3, 0xFF72, 0xFF72,
  0xFF73, 0xFF73, 0xFF73, 0xFF73, 0xFF72, 0xFF72, 0xFF73, 0xFF72, 0xFF71, 0xFEE4, 0xFF03, 0xFEE3,
  0xFEE3, 0xFEE3, 0xFEE3, 0xFEE3, 0xFEE3, 0xFEE3, 0xFEE3, 0xFEE3, 0xFEE3, 0xFEE3, 0xFEE3, 0xFF03,
  0xFEE3, 0xFF03, 0xFF03, 0xFF03, 0xFEE3, 0xFF03, 0xFEE3, 0xFF03, 0xFF03, 0xFEE3, 0xFF03, 0xFF03,
  0xFF03, 0xFF03, 0xFF03, 0xFEE3, 0xFF02, 0xFE22, 0xFE02, 0xFE02, 0xFE02, 0xFE02, 0xFE22, 0xFE22,
  0xFE22, 0xFE22, 0xFE22, 0xFE42, 0xDC40, 0xD420, 0xCC20, 0x0020, 0x0000, 0x0000, 0x0000, 0x0000,
  0x0000, 0x0000, 0x0000, 0x0000, 0x0000, 0x0000, 0x0000, 0x0000, 0x0000, 0x0000, 0x0000, 0x0000,
  0x0000, 0x0000, 0x0000, 0x0000, 0x0000, 0x0000, 0x0000, 0x0000, 0x0000, 0x0000, 0x0000, 0x0000,
  0x0000, 0x0000, 0x0000, 0x0000, 0x0000, 0x0000, 0x0000, 0x0000, 0x0000, 0x0000, 0x0000, 0x0000,
  0x0000, 0x0000, 0x0000, 0x0000, 0x0000, 0x0000, 0x0000, 0x0000, 0x0000, 0x0000, 0x0000, 0x0000,
  0x0000, 0x0000, 0x0000, 0x0000, 0x0000, 0x0000, 0x0000, 0x0000, 0x0000, 0x0000, 0x0000, 0x0000,
  0x0000, 0x0000, 0x0000, 0x0000, 0x0000, 0x0000, 0x0000, 0x0000, 0x0000, 0x0000, 0x0000, 0x0000,
  0x0000, 0x0000, 0x0000, 0x0000, 0x0000, 0x0000, 0x0000, 0x0000, 0x0000, 0x0000, 0x0000, 0x0000,
  0x0000, 0x0000, 0x0000, 0x0000, 0x0000, 0x0000, 0x0000, 0x0000, 0x0000, 0x0000, 0x0000, 0x0000,
  0x0000, 0x0000, 0x0000, 0x0000, 0x0000, 0x0000, 0x0000, 0x0000, 0x0000, 0x0000, 0x0000, 0x0000,
  0x0000, 0x0000, 0x0000, 0x0000, 0x0000, 0x0000, 0x0000, 0x0000, 0x0000, 0x0000, 0x0000, 0x0000,
  0x0000, 0x0000, 0x0000, 0x0000, 0x0000, 0x0000, 0x0000, 0x0000, 0x0000, 0x0000, 0x0000, 0x0000,
  0x0000, 0x0000, 0x0000, 0x0000, 0x0000, 0x0000, 0x0000, 0x0000, 0x0000, 0x0000, 0x0000, 0x0000,
  0x0000, 0x0000, 0x0000, 0x0000, 0x0000, 0x0000, 0x0000, 0x0000, 0x0000, 0x0000, 0x0000, 0x0000,
  0x0000, 0x0000, 0x0000, 0x0000, 0x0000, 0x0000, 0x0000, 0x0000, 0x0000, 0x0000, 0x0000, 0x0000,
  0xFE80, 0xF580, 0xED80, 0xED60, 0xFEE3, 0xFEE3, 0xFF03, 0xFEE3, 0xFEE3, 0xFEE3, 0xFF72, 0xFF72,
  0xFF73, 0xFF73, 0xFF73, 0xFF73, 0xFF73, 0xFF72, 0xFF72, 0xFF72, 0xFF71, 0xFEE4, 0xFF03, 0xFF03,
  0xFEE3, 0xFF03, 0xFEE3, 0xFEE3, 0xFEE3, 0xFEE3, 0xFEE3, 0xFEE3, 0xFF03, 0xFEE3, 0xFF03, 0xFEE3,
  0xFF03, 0xFEE3, 0xFEE3, 0xFF03, 0xFF03, 0xFEE3, 0xFEE3, 0xFEE3, 0xFF03, 0xFF03, 0xFF03, 0xFEE3,
  0xFF03, 0xFF03, 0xFF03, 0xFF03, 0xFF03, 0xFE02, 0xFE02, 0xFE02, 0xFE02, 0xFE22, 0xFE22, 0xFE22,
  0xFE22, 0xFE22, 0xFE22, 0xFE62, 0xDC40, 0xD420, 0xCC20, 0x0020, 0x0000, 0x0000, 0x0000, 0x0000,
  0x0000, 0x0000, 0x0000, 0x0000, 0x0000, 0x0000, 0x0000, 0x0000, 0x0000, 0x0000, 0x0000, 0x0000,
  0x0000, 0x0000, 0x0000, 0x0000, 0x0000, 0x0000, 0x0000, 0x0000, 0x0000, 0x0000, 0x0000, 0x0000,
  0x0000, 0x0000, 0x0000, 0x0000, 0x0000, 0x0000, 0x0000, 0x0000, 0x0000, 0x0000, 0x0000, 0x0000,
  0x0000, 0x0000, 0x0000, 0x0000, 0x0000, 0x0000, 0x0000, 0x0000, 0x0000, 0x0000, 0x0000, 0x0000,
  0x0000, 0x0000, 0x0000, 0x0000, 0x0000, 0x0000, 0x0000, 0x0000, 0x0000, 0x0000, 0x0000, 0x0000,
  0x0000, 0x0000, 0x0000, 0x0000, 0x0000, 0x0000, 0x0000, 0x0000, 0x0000, 0x0000, 0x0000, 0x0000,
  0x0000, 0x0000, 0x0000, 0x0000, 0x0000, 0x0000, 0x0000, 0x0000, 0x0000, 0x0000, 0x0000, 0x0000,
  0x0000, 0x0000, 0x0000, 0x0000, 0x0000, 0x0000, 0x0000, 0x0000, 0x0000, 0x0000, 0x0000, 0x0000,
  0x0000, 0x0000, 0x0000, 0x0000, 0x0000, 0x0000, 0x0000, 0x0000, 0x0000, 0x0000, 0x0000, 0x0000,
  0x0000, 0x0000, 0x0000, 0x0000, 0x0000, 0x0000, 0x0000, 0x0000, 0x0000, 0x0000, 0x0000, 0x0000,
  0x0000, 0x0000, 0x0000, 0x0000, 0x0000, 0x0000, 0x0000, 0x0000, 0x0000, 0x0000, 0x0000, 0x0000,
  0x0000, 0x0000, 0x0000, 0x0000, 0x0000, 0x0000, 0x0000, 0x0000, 0x0000, 0x0000, 0x0000, 0x0000,
  0x0000, 0x0000, 0x0000, 0x0000, 0x0000, 0x0000, 0x0000, 0x0000, 0x0000, 0x0000, 0x0000, 0x0000,
  0x0000, 0x0000, 0x0000, 0x0000, 0x0000, 0x0000, 0x0000, 0x0000, 0x0000, 0x0000, 0x0000, 0x0000,
  0xFE80, 0xED80, 0xED80, 0xED80, 0xFEE3, 0xFEE3, 0xFEE3, 0xFEE3, 0xFEE3, 0xFEE3, 0xFF72, 0xFF72,
  0xFF73, 0xFF73, 0xFF73, 0xFF73, 0xFF72, 0xFF72, 0xFF72, 0xFF72, 0xFF72, 0xFF05, 0xFF03, 0xFEE3,
  0xFEE3, 0xFEE3, 0xFEE3, 0xFEE3, 0xFEE3, 0xFEE3, 0xFEE3, 0xFEE3, 0xFEE3, 0xFEE3, 0xFEE3, 0xFEE3,
  0xFF03, 0xFF03, 0xFF03, 0xFF03, 0xFF03, 0xFF03, 0xFF03, 0xFF03, 0xFF03, 0xFF03, 0xFF03, 0xFF03,
  0xFF03, 0xFF03, 0xFF03, 0xFEE3, 0xFF03, 0xFE22, 0xFE02, 0xFE02, 0xFE22, 0xFE22, 0xFE22, 0xFE22,
  0xFE22, 0xFE22, 0xFE22, 0xFE62, 0xDC40, 0xD440, 0xCC20, 0x0020, 0x0000, 0x0000, 0x0000, 0x0000,
  0x0000, 0x0000, 0x0000, 0x0000, 0x0000, 0x0000, 0x0000, 0x0000, 0x0000, 0x0000, 0x0000, 0x0000,
  0x0000, 0x0000, 0x0000, 0x0000, 0x0000, 0x0000, 0x0000, 0x0000, 0x0000, 0x0000, 0x0000, 0x0000,
  0x0000, 0x0000, 0x0000, 0x0000, 0x0000, 0x0000, 0x0000, 0x0000, 0x0000, 0x0000, 0x0000, 0x0000,
  0x0000, 0x0000, 0x0000, 0x0000, 0x0000, 0x0000, 0x0000, 0x0000, 0x0000, 0x0000, 0x0000, 0x0000,
  0x0000, 0x0000, 0x0000, 0x0000, 0x0000, 0x0000, 0x0000, 0x0000, 0x0000, 0x0000, 0x0000, 0x0000,
  0x0000, 0x0000, 0x0000, 0x0000, 0x0000, 0x0000, 0x0000, 0x0000, 0x0000, 0x0000, 0x0000, 0x0000,
  0x0000, 0x0000, 0x0000, 0x0000, 0x0000, 0x0000, 0x0000, 0x0000, 0x0000, 0x0000, 0x0000, 0x0000,
  0x0000, 0x0000, 0x0000, 0x0000, 0x0000, 0x0000, 0x0000, 0x0000, 0x0000, 0x0000, 0x0000, 0x0000,
  0x0000, 0x0000, 0x0000, 0x0000, 0x0000, 0x0000, 0x0000, 0x0000, 0x0000, 0x0000, 0x0000, 0x0000,
  0x0000, 0x0000, 0x0000, 0x0000, 0x0000, 0x0000, 0x0000, 0x0000, 0x0000, 0x0000, 0x0000, 0x0000,
  0x0000, 0x0000, 0x0000, 0x0000, 0x0000, 0x0000, 0x0000, 0x0000, 0x0000, 0x0000, 0x0000, 0x0000,
  0x0000, 0x0000, 0x0000, 0x0000, 0x0000, 0x0000, 0x0000, 0x0000, 0x0000, 0x0000, 0x0000, 0x0000,
  0x0000, 0x0000, 0x0000, 0x0000, 0x0000, 0x0000, 0x0000, 0x0000, 0x0000, 0x0000, 0x0000, 0x0000,
  0x0000, 0x0000, 0x0000, 0x0000, 0x0000, 0x0000, 0x0000, 0x0000, 0x0000, 0x0000, 0x0000, 0x0000,
  0xFE80, 0xED80, 0xED80, 0xF580, 0xFEE3, 0xFEE3, 0xFEE3, 0xFF52, 0xFF71, 0xFF52, 0xFF72, 0xFF72,
  0xFF73, 0xFF73, 0xFF72, 0xFF72, 0xFF72, 0xFF72, 0xFF73, 0xFF73, 0xFF73, 0xFF73, 0xFF73, 0xFEE3,
  0xFEE3, 0xFEE3, 0xFEE3, 0xFEE3, 0xFEE3, 0xFEE3, 0xFEE3, 0xFEE3, 0xFEE3, 0xFEE3, 0xFEE3, 0xFEE3,
  0xFF03, 0xFEE3, 0xFEE3, 0xFF03, 0xFEE3, 0xFEE3, 0xFEE3, 0xFF03, 0xFF03, 0xFF03, 0xFF03, 0xFF03,
  0xFF03, 0xFF03, 0xFF03, 0xFEE3, 0xFF03, 0xFE22, 0xFE02, 0xFE02, 0xFE02, 0xFE22, 0xFE22, 0xFE22,
  0xFE22, 0xFE22, 0xFE22, 0xFE42, 0xDC40, 0xD440, 0xCC20, 0x0020, 0x0000, 0x0000, 0x0000, 0x0000,
  0x0000, 0x0000, 0x0000, 0x0000, 0x0000, 0x0000, 0x0000, 0x0000, 0x0000, 0x0000, 0x0000, 0x0000,
  0x0000, 0x0000, 0x0000, 0x0000, 0x0000, 0x0000, 0x0000, 0x0000, 0x0000, 0x0000, 0x0000, 0x0000,
  0x0000, 0x0000, 0x0000, 0x0000, 0x0000, 0x0000, 0x0000, 0x0000, 0x0000, 0x0000, 0x0000, 0x0000,
  0x0000, 0x0000, 0x0000, 0x0000, 0x0000, 0x0000, 0x0000, 0x0000, 0x0000, 0x0000, 0x0000, 0x0000,
  0x0000, 0x0000, 0x0000, 0x0000, 0x0000, 0x0000, 0x0000, 0x0000, 0x0000, 0x0000, 0x0000, 0x0000,
  0x0000, 0x0000, 0x0000, 0x0000, 0x0000, 0x0000, 0x0000, 0x0000, 0x0000, 0x0000, 0x0000, 0x0000,
  0x0000, 0x0000, 0x0000, 0x0000, 0x0000, 0x0000, 0x0000, 0x0000, 0x0000, 0x0000, 0x0000, 0x0000,
  0x0000, 0x0000, 0x0000, 0x0000, 0x0000, 0x0000, 0x0000, 0x0000, 0x0000, 0x0000, 0x0000, 0x0000,
  0x0000, 0x0000, 0x0000, 0x0000, 0x0000, 0x0000, 0x0000, 0x0000, 0x0000, 0x0000, 0x0000, 0x0000,
  0x0000, 0x0000, 0x0000, 0x0000, 0x0000, 0x0000, 0x0000, 0x0000, 0x0000, 0x0000, 0x0000, 0x0000,
  0x0000, 0x0000, 0x0000, 0x0000, 0x0000, 0x0000, 0x0000, 0x0000, 0x0000, 0x0000, 0x0000, 0x0000,
  0x0000, 0x0000, 0x0000, 0x0000, 0x0000, 0x0000, 0x0000, 0x0000, 0x0000, 0x0000, 0x0000, 0x0000,
  0x0000, 0x0000, 0x0000, 0x0000, 0x0000, 0x0000, 0x0000, 0x0000, 0x0000, 0x0000, 0x0000, 0x0000,
  0x0000, 0x0000, 0x0000, 0x0000, 0x0000, 0x0000, 0x0000, 0x0000, 0x0000, 0x0000, 0x0000, 0x0000,
  0xFE40, 0xED60, 0xED80, 0xF580, 0xFEE3, 0xFEE3, 0xFEE3, 0xFF71, 0xFF72, 0xFF72, 0xFF72, 0xFF72,
  0xFF72, 0xFF72, 0xFF72, 0xFF72, 0xFF72, 0xFF73, 0xFF73, 0xFF73, 0xFF73, 0xFF73, 0xFF73, 0xFEE3,
  0xFEE3, 0xFEE3, 0xFEE3, 0xFEE3, 0xFEE3, 0xFEE3, 0xFF03, 0xFEE3, 0xFEE3, 0xFEE3, 0xFEE3, 0xFEE3,
  0xFEE3, 0xFF03, 0xFF03, 0xFEE3, 0xFEE3, 0xFEE3, 0xFEE3, 0xFEE3, 0xFF03, 0xFF03, 0xFF03, 0xFF03,
  0xFF03, 0xFF03, 0xFF03, 0xFEE3, 0xFF03, 0xFE22, 0xFE02, 0xFE22, 0xFE22, 0xFE22, 0xFE22, 0xFE22,
  0xFE22, 0xFE22, 0xFE22, 0xFE62, 0xDC40, 0xD440, 0xCC20, 0x0020, 0x0000, 0x0000, 0x0000, 0x0000,
  0x0000, 0x0000, 0x0000, 0x0000, 0x0000, 0x0000, 0x0000, 0x0000, 0x0000, 0x0000, 0x0000, 0x0000,
  0x0000, 0x0000, 0x0000, 0x0000, 0x0000, 0x0000, 0x0000, 0x0000, 0x0000, 0x0000, 0x0000, 0x0000,
  0x0000, 0x0000, 0x0000, 0x0000, 0x0000, 0x0000, 0x0000, 0x0000, 0x0000, 0x0000, 0x0000, 0x0000,
  0x0000, 0x0000, 0x0000, 0x0000, 0x0000, 0x0000, 0x0000, 0x0000, 0x0000, 0x0000, 0x0000, 0x0000,
  0x0000, 0x0000, 0x0000, 0x0000, 0x0000, 0x0000, 0x0000, 0x0000, 0x0000, 0x0000, 0x0000, 0x0000,
  0x0000, 0x0000, 0x0000, 0x0000, 0x0000, 0x0000, 0x0000, 0x0000, 0x0000, 0x0000, 0x0000, 0x0000,
  0x0000, 0x0000, 0x0000, 0x0000, 0x0000, 0x0000, 0x0000, 0x0000, 0x0000, 0x0000, 0x0000, 0x0000,
  0x0000, 0x0000, 0x0000, 0x0000, 0x0000, 0x0000, 0x0000, 0x0000, 0x0000, 0x0000, 0x0000, 0x0000,
  0x0000, 0x0000, 0x0000, 0x0000, 0x0000, 0x0000, 0x0000, 0x0000, 0x0000, 0x0000, 0x0000, 0x0000,
  0x0000, 0x0000, 0x0000, 0x0000, 0x0000, 0x0000, 0x0000, 0x0000, 0x0000, 0x0000, 0x0000, 0x0000,
  0x0000, 0x0000, 0x0000, 0x0000, 0x0000, 0x0000, 0x0000, 0x0000, 0x0000, 0x0000, 0x0000, 0x0000,
  0x0000, 0x0000, 0x0000, 0x0000, 0x0000, 0x0000, 0x0000, 0x0000, 0x0000, 0x0000, 0x0000, 0x0000,
  0x0000, 0x0000, 0x0000, 0x0000, 0x0000, 0x0000, 0x0000, 0x0000, 0x0000, 0x0000, 0x0000, 0x0000,
  0x0000, 0x0000, 0x0000, 0x0000, 0x0000, 0x0000, 0x0000, 0x0000, 0x0000, 0x0000, 0x0820, 0x0860,
  0xFE20, 0xF580, 0xEDA0, 0xF580, 0xFEE3, 0xFEE3, 0xFEC3, 0xFF72, 0xFF72, 0xFF73, 0xFF73, 0xFF73,
  0xFF72, 0xFF72, 0xFF72, 0xFF72, 0xFF73, 0xFF73, 0xFF73, 0xFF72, 0xFF71, 0xFF51, 0xFF73, 0xFEE3,
  0xFEE3, 0xFEE3, 0xFEE3, 0xFEE3, 0xFEE3, 0xFF03, 0xFEE3, 0xFEE3, 0xFEE3, 0xFEE3, 0xFEE3, 0xFEE3,
  0xFF03, 0xFF03, 0xFF03, 0xFEE3, 0xFEE3, 0xFEE3, 0xFF03, 0xFF03, 0xFEE3, 0xFF03, 0xFF03, 0xFF03,
  0xFF03, 0xFF03, 0xFF03, 0xFEE3, 0xFF03, 0xFE22, 0xFE02, 0xFE02, 0xFE02, 0xFE22, 0xFE22, 0xFE22,
  0xFE22, 0xFE22, 0xFE22, 0xFE62, 0xDC40, 0xD440, 0xCC20, 0x0020, 0x0000, 0x0000, 0x0000, 0x0000,
  0x0000, 0x0000, 0x0000, 0x0000, 0x0000, 0x0000, 0x0000, 0x0000, 0x0000, 0x0000, 0x0000, 0x0000,
  0x0000, 0x0000, 0x0000, 0x0000, 0x0000, 0x0000, 0x0000, 0x0000, 0x0000, 0x0000, 0x0000, 0x0000,
  0x0000, 0x0000, 0x0000, 0x0000, 0x0000, 0x0000, 0x0000, 0x0000, 0x0000, 0x0000, 0x0000, 0x0000,
  0x0000, 0x0000, 0x0000, 0x0000, 0x0000, 0x0000, 0x0000, 0x0000, 0x0000, 0x0000, 0x0000, 0x0000,
  0x0000, 0x0000, 0x0000, 0x0000, 0x0000, 0x0000, 0x0000, 0x0000, 0x0000, 0x0000, 0x0000, 0x0000,
  0x0000, 0x0000, 0x0000, 0x0000, 0x0000, 0x0000, 0x0000, 0x0000, 0x0000, 0x0000, 0x0000, 0x0000,
  0x0000, 0x0000, 0x0000, 0x0000, 0x0000, 0x0000, 0x0000, 0x0000, 0x0000, 0x0000, 0x0000, 0x0000,
  0x0000, 0x0000, 0x0000, 0x0000, 0x0000, 0x0000, 0x0000, 0x0000, 0x0000, 0x0000, 0x0000, 0x0000,
  0x0000, 0x0000, 0x0000, 0x0000, 0x0000, 0x0000, 0x0000, 0x0000, 0x0000, 0x0000, 0x0000, 0x0000,
  0x0000, 0x0000, 0x0000, 0x0000, 0x0000, 0x0000, 0x0000, 0x0000, 0x0000, 0x0000, 0x0000, 0x0000,
  0x0000, 0x0000, 0x0000, 0x0000, 0x0000, 0x0000, 0x0000, 0x0000, 0x0000, 0x0000, 0x0000, 0x0000,
  0x0000, 0x0000, 0x0000, 0x0000, 0x0000, 0x0000, 0x0000, 0x0000, 0x0000, 0x0000, 0x0000, 0x0000,
  0x0000, 0x0000, 0x0000, 0x0000, 0x0000, 0x0000, 0x0000, 0x0000, 0x0000, 0x0000, 0x0000, 0x0000,
  0x0000, 0x0000, 0x0000, 0x0000, 0x0000, 0x0000, 0x0000, 0x0000, 0x0000, 0xE520, 0xE520, 0xED60,
  0xFEE3, 0xFF03, 0xFEE3, 0xFEE3, 0xFEE3, 0xFEE3, 0xFEE3, 0xFF72, 0xFF72, 0xFF73, 0xFF73, 0xFF73,
  0xFF72, 0xFF72, 0xFF72, 0xFF73, 0xFF73, 0xFF73, 0xFF72, 0xFF29, 0xFEE3, 0xFEE2, 0xFEE3, 0xFEE3,
  0xFEE3, 0xFEE3, 0xFEE3, 0xFEE3, 0xFEE3, 0xFEE3, 0xFEE3, 0xFEE3, 0xFF03, 0xFEE3, 0xFEE3, 0xFEE3,
  0xFF03, 0xFEE3, 0xFEE3, 0xFF03, 0xFEE3, 0xFF03, 0xFF03, 0xFF03, 0xFF03, 0xFEE3, 0xFF03, 0xFF03,
  0xFF03, 0xFF03, 0xFF03, 0xFF03, 0xFF03, 0xFE22, 0xFE22, 0xFE22, 0xFE22, 0xFE22, 0xFE22, 0xFE22,
  0xFE22, 0xFE22, 0xFE22, 0xFE62, 0xDC40, 0xD440, 0xCC20, 0x0020, 0x0000, 0x0000, 0x0000, 0x0000,
  0x0000, 0x0000, 0x0000, 0x0000, 0x0000, 0x0000, 0x0000, 0x0000, 0x0000, 0x0000, 0x0000, 0x0000,
  0x0000, 0x0000, 0x0000, 0x0000, 0x0000, 0x0000, 0x0000, 0x0000, 0x0000, 0x0000, 0x0000, 0x0000,
  0x0000, 0x0000, 0x0000, 0x0000, 0x0000, 0x0000, 0x0000, 0x0000, 0x0000, 0x0000, 0x0000, 0x0000,
  0x0000, 0x0000, 0x0000, 0x0000, 0x0000, 0x0000, 0x0000, 0x0000, 0x0000, 0x0000, 0x0000, 0x0000,
  0x0000, 0x0000, 0x0000, 0x0000, 0x0000, 0x0000, 0x0000, 0x0000, 0x0000, 0x0000, 0x0000, 0x0000,
  0x0000, 0x0000, 0x0000, 0x0000, 0x0000, 0x0000, 0x0000, 0x0000, 0x0000, 0x0000, 0x0000, 0x0000,
  0x0000, 0x0000, 0x0000, 0x0000, 0x0000, 0x0000, 0x0000, 0x0000, 0x0000, 0x0000, 0x0000, 0x0000,
  0x0000, 0x0000, 0x0000, 0x0000, 0x0000, 0x0000, 0x0000, 0x0000, 0x0000, 0x0000, 0x0000, 0x0000,
  0x0000, 0x0000, 0x0000, 0x0000, 0x0000, 0x0000, 0x0000, 0x0000, 0x0000, 0x0000, 0x0000, 0x0000,
  0x0000, 0x0000, 0x0000, 0x0000, 0x0000, 0x0000, 0x0000, 0x0000, 0x0000, 0x0000, 0x0000, 0x0000,
  0x0000, 0x0000, 0x0000, 0x0000, 0x0000, 0x0000, 0x0000, 0x0000, 0x0000, 0x0000, 0x0000, 0x0000,
  0x0000, 0x0000, 0x0000, 0x0000, 0x0000, 0x0000, 0x0000, 0x0000, 0x0000, 0x0000, 0x0000, 0x0000,
  0x0000, 0x0000, 0x0000, 0x0000, 0x0000, 0x0000, 0x0000, 0x0000, 0x0000, 0x0000, 0x0000, 0x0000,
  0x0000, 0x0000, 0x0000, 0x0000, 0x0000, 0x0000, 0x0000, 0x0000, 0x0000, 0xED60, 0xED40, 0xED60,
  0xFEC3, 0xFEE3, 0xFEE3, 0xFEE3, 0xFEE3, 0xFEE3, 0xFEC3, 0xFF72, 0xFF72, 0xFF73, 0xFF73, 0xFF72,
  0xFF72, 0xFF73, 0xFF72, 0xFF73, 0xFF73, 0xFF73, 0xFF72, 0xFF08, 0xFEE3, 0xFEE3, 0xFEE3, 0xFEE3,
  0xFEE3, 0xFEE3, 0xFEE3, 0xFF03, 0xFEE3, 0xFF03, 0xFEE3, 0xFEE3, 0xFEE3, 0xFEE3, 0xFEE3, 0xFF03,
  0xFF03, 0xFF03, 0xFEE3, 0xFF03, 0xFEE3, 0xFEE3, 0xFEE3, 0xFEE3, 0xFEE3, 0xFF03, 0xFF03, 0xFEE3,
  0xFF03, 0xFF03, 0xFEE3, 0xFF03, 0xFF03, 0xFE22, 0xFE02, 0xFE02, 0xFE22, 0xFE22, 0xFE22, 0xFE22,
  0xFE22, 0xFE22, 0xFE22, 0xFE62, 0xDC40, 0xD440, 0xCC20, 0x0020, 0x0000, 0x0000, 0x0000, 0x0000,
  0x0000, 0x0000, 0x0000, 0x0000, 0x0000, 0x0000, 0x0000, 0x0000, 0x0000, 0x0000, 0x0000, 0x0000,
  0x0000, 0x0000, 0x0000, 0x0000, 0x0000, 0x0000, 0x0000, 0x0000, 0x0000, 0x0000, 0x0000, 0x0000,
  0x0000, 0x0000, 0x0000, 0x0000, 0x0000, 0x0000, 0x0000, 0x0000, 0x0000, 0x0000, 0x0000, 0x0000,
  0x0000, 0x0000, 0x0000, 0x0000, 0x0000, 0x0000, 0x0000, 0x0000, 0x0000, 0x0000, 0x0000, 0x0000,
  0x0000, 0x0000, 0x0000, 0x0000, 0x0000, 0x0000, 0x0000, 0x0000, 0x0000, 0x0000, 0x0000, 0x0000,
  0x0000, 0x0000, 0x0000, 0x0000, 0x0000, 0x0000, 0x0000, 0x0000, 0x0000, 0x0000, 0x0000, 0x0000,
  0x0000, 0x0000, 0x0000, 0x0000, 0x0000, 0x0000, 0x0000, 0x0000, 0x0000, 0x0000, 0x0000, 0x0000,
  0x0000, 0x0000, 0x0000, 0x0000, 0x0000, 0x0000, 0x0000, 0x0000, 0x0000, 0x0000, 0x0000, 0x0000,
  0x0000, 0x0000, 0x0000, 0x0000, 0x0000, 0x0000, 0x0000, 0x0000, 0x0000, 0x0000, 0x0000, 0x0000,
  0x0000, 0x0000, 0x0000, 0x0000, 0x0000, 0x0000, 0x0000, 0x0000, 0x0000, 0x0000, 0x0000, 0x0000,
  0x0000, 0x0000, 0x0000, 0x0000, 0x0000, 0x0000, 0x0000, 0x0000, 0x0000, 0x0000, 0x0000, 0x0000,
  0x0000, 0x0000, 0x0000, 0x0000, 0x0000, 0x0000, 0x0000, 0x0000, 0x0000, 0x0000, 0x0000, 0x0000,
  0x0000, 0x0000, 0x0000, 0x0000, 0x0000, 0x0000, 0x0000, 0x0000, 0x0000, 0x0000, 0x0000, 0x0000,
  0x0000, 0x0000, 0x0000, 0x0000, 0x0000, 0x0000, 0x0000, 0x0000, 0x0000, 0xED80, 0xED80, 0xED60,
  0xFEC2, 0xFEE3, 0xFEE3, 0xFEE3, 0xFEE3, 0xFEE3, 0xFEE3, 0xFF73, 0xFF72, 0xFF72, 0xFF72, 0xFF73,
  0xFF72, 0xFF73, 0xFF73, 0xFF73, 0xFF73, 0xFF73, 0xFF72, 0xFF09, 0xFEE3, 0xFEE3, 0xFEE3, 0xFEE3,
  0xFEE3, 0xFEE3, 0xFEE3, 0xFEE3, 0xFEE3, 0xFEE3, 0xFF03, 0xFEE3, 0xFEE3, 0xFF03, 0xFEE3, 0xFF03,
  0xFEE3, 0xFF03, 0xFEE3, 0xFEE3, 0xFEE3, 0xFF03, 0xFF03, 0xFEE3, 0xFEE3, 0xFEE3, 0xFF03, 0xFEE3,
  0xFF03, 0xFF03, 0xFF03, 0xFF03, 0xFF03, 0xFE22, 0xFE02, 0xFE02, 0xFE22, 0xFE22, 0xFE22, 0xFE22,
  0xFE22, 0xFE22, 0xFE22, 0xFE62, 0xDC40, 0xD440, 0xCC20, 0x0020, 0x0000, 0x0000, 0x0000, 0x0000,
  0x0000, 0x0000, 0x0000, 0x0000, 0x0000, 0x0000, 0x0000, 0x0000, 0x0000, 0x0000, 0x0000, 0x0000,
  0x0000, 0x0000, 0x0000, 0x0000, 0x0000, 0x0000, 0x0000, 0x0000, 0x0000, 0x0000, 0x0000, 0x0000,
  0x0000, 0x0000, 0x0000, 0x0000, 0x0000, 0x0000, 0x0000, 0x0000, 0x0000, 0x0000, 0x0000, 0x0000,
  0x0000, 0x0000, 0x0000, 0x0000, 0x0000, 0x0000, 0x0000, 0x0000, 0x0000, 0x0000, 0x0000, 0x0000,
  0x0000, 0x0000, 0x0000, 0x0000, 0x0000, 0x0000, 0x0000, 0x0000, 0x0000, 0x0000, 0x0000, 0x0000,
  0x0000, 0x0000, 0x0000, 0x0000, 0x0000, 0x0000, 0x0000, 0x0000, 0x0000, 0x0000, 0x0000, 0x0000,
  0x0000, 0x0000, 0x0000, 0x0000, 0x0000, 0x0000, 0x0000, 0x0000, 0x0000, 0x0000, 0x0000, 0x0000,
  0x0000, 0x0000, 0x0000, 0x0000, 0x0000, 0x0000, 0x0000, 0x0000, 0x0000, 0x0000, 0x0000, 0x0000,
  0x0000, 0x0000, 0x0000, 0x0000, 0x0000, 0x0000, 0x0000, 0x0000, 0x0000, 0x0000, 0x0000, 0x0000,
  0x0000, 0x0000, 0x0000, 0x0000, 0x0000, 0x0000, 0x0000, 0x0000, 0x0000, 0x0000, 0x0000, 0x0000,
  0x0000, 0x0000, 0x0000, 0x0000, 0x0000, 0x0000, 0x0000, 0x0000, 0x0000, 0x0000, 0x0000, 0x0000,
  0x0000, 0x0000, 0x0000, 0x0000, 0x0000, 0x0000, 0x0000, 0x0000, 0x0000, 0x0000, 0x0000, 0x0000,
  0x0000, 0x0000, 0x0000, 0x0000, 0x0000, 0x0000, 0x0000, 0x0000, 0x0000, 0x0000, 0x0000, 0x0000,
  0x0000, 0x0000, 0x0000, 0x0000, 0x0000, 0x0000, 0x0000, 0x0000, 0x0000, 0xF580, 0xED80, 0xED60,
  0xFEC2, 0xFEE3, 0xFEE2, 0xFEE3, 0xFF04, 0xFEE4, 0xFEE4, 0xFF72, 0xFF72, 0xFF72, 0xFF72, 0xFF73,
  0xFF73, 0xFF73, 0xFF73, 0xFF73, 0xFF73, 0xFF72, 0xFF72, 0xFF28, 0xFEE3, 0xFEE3, 0xFEE3, 0xFEE3,
  0xFEE3, 0xFEE3, 0xFEE3, 0xFEE3, 0xFEE3, 0xFEE3, 0xFEE3, 0xFF03, 0xFF03, 0xFF03, 0xFF03, 0xFF03,
  0xFEE3, 0xFF03, 0xFF03, 0xFF03, 0xFF03, 0xFF03, 0xFF03, 0xFEE3, 0xFF03, 0xFF03, 0xFEE3, 0xFF03,
  0xFF03, 0xFF03, 0xFEE3, 0xFF03, 0xFF03, 0xFE22, 0xFE22, 0xFE22, 0xFE22, 0xFE22, 0xFE22, 0xFE22,
  0xFE22, 0xFE22, 0xFE22, 0xFE62, 0xDC60, 0xD440, 0xCC40, 0x0020, 0x0000, 0x0000, 0x0000, 0x0000,
  0x0000, 0x0000, 0x0000, 0x0000, 0x0000, 0x0000, 0x0000, 0x0000, 0x0000, 0x0000, 0x0000, 0x0000,
  0x0000, 0x0000, 0x0000, 0x0000, 0x0000, 0x0000, 0x0000, 0x0000, 0x0000, 0x0000, 0x0000, 0x0000,
  0x0000, 0x0000, 0x0000, 0x0000, 0x0000, 0x0000, 0x0000, 0x0000, 0x0000, 0x0000, 0x0000, 0x0000,
  0x0000, 0x0000, 0x0000, 0x0000, 0x0000, 0x0000, 0x0000, 0x0000, 0x0000, 0x0000, 0x0000, 0x0000,
  0x0000, 0x0000, 0x0000, 0x0000, 0x0000, 0x0000, 0x0000, 0x0000, 0x0000, 0x0000, 0x0000, 0x0000,
  0x0000, 0x0000, 0x0000, 0x0000, 0x0000, 0x0000, 0x0000, 0x0000, 0x0000, 0x0000, 0x0000, 0x0000,
  0x0000, 0x0000, 0x0000, 0x0000, 0x0000, 0x0000, 0x0000, 0x0000, 0x0000, 0x0000, 0x0000, 0x0000,
  0x0000, 0x0000, 0x0000, 0x0000, 0x0000, 0x0000, 0x0000, 0x0000, 0x0000, 0x0000, 0x0000, 0x0000,
  0x0000, 0x0000, 0x0000, 0x0000, 0x0000, 0x0000, 0x0000, 0x0000, 0x0000, 0x0000, 0x0000, 0x0000,
  0x0000, 0x0000, 0x0000, 0x0000, 0x0000, 0x0000, 0x0000, 0x0000, 0x0000, 0x0000, 0x0000, 0x0000,
  0x0000, 0x0000, 0x0000, 0x0000, 0x0000, 0x0000, 0x0000, 0x0000, 0x0000, 0x0000, 0x0000, 0x0000,
  0x0000, 0x0000, 0x0000, 0x0000, 0x0000, 0x0000, 0x0000, 0x0000, 0x0000, 0x0000, 0x0000, 0x0000,
  0x0000, 0x0000, 0x0000, 0x0000, 0x0000, 0x0000, 0x0000, 0x0000, 0x0000, 0x0000, 0x0000, 0x0000,
  0x0000, 0x0000, 0x0000, 0x0000, 0x0000, 0x0000, 0x0000, 0x0000, 0x0000, 0xF580, 0xED80, 0xED80,
  0xFEC2, 0xFEE3, 0xFEE3, 0xFEE3, 0xFF03, 0xFEE3, 0xFEE4, 0xFF72, 0xFF72, 0xFF72, 0xFF72, 0xFF73,
  0xFF73, 0xFF73, 0xFF73, 0xFF73, 0xFF73, 0xFF72, 0xFF72, 0xFF29, 0xFEE3, 0xFEE3, 0xFEE3, 0xFEE3,
  0xFEE3, 0xFEE3, 0xFEE3, 0xFEE3, 0xFEE3, 0xFF03, 0xFF03, 0xFEE3, 0xFEE3, 0xFEE3, 0xFF03, 0xFF03,
  0xFEE3, 0xFF03, 0xFEE3, 0xFF03, 0xFF03, 0xFF03, 0xFF03, 0xFF03, 0xFF03, 0xFF03, 0xFF03, 0xFEE3,
  0xFF03, 0xFF03, 0xFEE3, 0xFEE3, 0xFF03, 0xFE22, 0xFE02, 0xFE02, 0xFE22, 0xFE22, 0xFE22, 0xFE22,
  0xFE22, 0xFE22, 0xFE22, 0xFE62, 0xDC40, 0xD440, 0xCC20, 0x0020, 0x0000, 0x0000, 0x0000, 0x0000,
  0x0000, 0x0000, 0x0000, 0x0000, 0x0000, 0x0000, 0x0000, 0x0000, 0x0000, 0x0000, 0x0000, 0x0000,
  0x0000, 0x0000, 0x0000, 0x0000, 0x0000, 0x0000, 0x0000, 0x0000, 0x0000, 0x0000, 0x0000, 0x0000,
  0x0000, 0x0000, 0x0000, 0x0000, 0x0000, 0x0000, 0x0000, 0x0000, 0x0000, 0x0000, 0x0000, 0x0000,
  0x0000, 0x0000, 0x0000, 0x0000, 0x0000, 0x0000, 0x0000, 0x0000, 0x0000, 0x0000, 0x0000, 0x0000,
  0x0000, 0x0000, 0x0000, 0x0000, 0x0000, 0x0000, 0x0000, 0x0000, 0x0000, 0x0000, 0x0000, 0x0000,
  0x0000, 0x0000, 0x0000, 0x0000, 0x0000, 0x0000, 0x0000, 0x0000, 0x0000, 0x0000, 0x0000, 0x0000,
  0x0000, 0x0000, 0x0000, 0x0000, 0x0000, 0x0000, 0x0000, 0x0000, 0x0000, 0x0000, 0x0000, 0x0000,
  0x0000, 0x0000, 0x0000, 0x0000, 0x0000, 0x0000, 0x0000, 0x0000, 0x0000, 0x0000, 0x0000, 0x0000,
  0x0000, 0x0000, 0x0000, 0x0000, 0x0000, 0x0000, 0x0000, 0x0000, 0x0000, 0x0000, 0x0000, 0x0000,
  0x0000, 0x0000, 0x0000, 0x0000, 0x0000, 0x0000, 0x0000, 0x0000, 0x0000, 0x0000, 0x0000, 0x0000,
  0x0000, 0x0000, 0x0000, 0x0000, 0x0000, 0x0000, 0x0000, 0x0000, 0x0000, 0x0000, 0x0000, 0x0000,
  0x0000, 0x0000, 0x0000, 0x0000, 0x0000, 0x0000, 0x0000, 0x0000, 0x0000, 0x0000, 0x0000, 0x0000,
  0x0000, 0x0000, 0x0000, 0x0000, 0x0000, 0x0000, 0x0000, 0x0000, 0x0000, 0x0000, 0x0000, 0x0000,
  0x0000, 0x0000, 0x0000, 0x0000, 0x0000, 0x0000, 0x0000, 0x0000, 0x0000, 0xF580, 0xED80, 0xED80,
  0xFEC2, 0xFEE2, 0xFEE3, 0xFEE3, 0xFEE3, 0xFEE3, 0xFEC3, 0xFF72, 0xFF72, 0xFF72, 0xFF72, 0xFF72,
  0xFF73, 0xFF73, 0xFF73, 0xFF72, 0xFF72, 0xFF73, 0xFF73, 0xFF29, 0xFEE3, 0xFEE3, 0xFEE3, 0xFEE3,
  0xFEE3, 0xFEE3, 0xFEE3, 0xFEE3, 0xFF03, 0xFEE3, 0xFF03, 0xFF03, 0xFEE3, 0xFF03, 0xFF03, 0xFF03,
  0xFEE3, 0xFF03, 0xFF03, 0xFF03, 0xFF03, 0xFF03, 0xFF03, 0xFF03, 0xFEE3, 0xFF03, 0xFF03, 0xFF03,
  0xFEE3, 0xFF03, 0xFEE3, 0xFEE3, 0xFF03, 0xFE22, 0xFE22, 0xFE02, 0xFE02, 0xFE22, 0xFE22, 0xFE22,
  0xFE22, 0xFE22, 0xFE22, 0xFE62, 0xDC60, 0xD440, 0xCC20, 0x0820, 0x0000, 0x0000, 0x0000, 0x0000,
  0x0000, 0x0000, 0x0000, 0x0000, 0x0000, 0x0000, 0x0000, 0x0000, 0x0000, 0x0000, 0x0000, 0x0000,
  0x0000, 0x0000, 0x0000, 0x0000, 0x0000, 0x0000, 0x0000, 0x0000, 0x0000, 0x0000, 0x0000, 0x0000,
  0x0000, 0x0000, 0x0000, 0x0000, 0x0000, 0x0000, 0x0000, 0x0000, 0x0000, 0x0000, 0x0000, 0x0000,
  0x0000, 0x0000, 0x0000, 0x0000, 0x0000, 0x0000, 0x0000, 0x0000, 0x0000, 0x0000, 0x0000, 0x0000,
  0x0000, 0x0000, 0x0000, 0x0000, 0x0000, 0x0000, 0x0000, 0x0000, 0x0000, 0x0000, 0x0000, 0x0000,
  0x0000, 0x0000, 0x0000, 0x0000, 0x0000, 0x0000, 0x0000, 0x0000, 0x0000, 0x0000, 0x0000, 0x0000,
  0x0000, 0x0000, 0x0000, 0x0000, 0x0000, 0x0000, 0x0000, 0x0000, 0x0000, 0x0000, 0x0000, 0x0000,
  0x0000, 0x0000, 0x0000, 0x0000, 0x0000, 0x0000, 0x0000, 0x0000, 0x0000, 0x0000, 0x0000, 0x0000,
  0x0000, 0x0000, 0x0000, 0x0000, 0x0000, 0x0000, 0x0000, 0x0000, 0x0000, 0x0000, 0x0000, 0x0000,
  0x0000, 0x0000, 0x0000, 0x0000, 0x0000, 0x0000, 0x0000, 0x0000, 0x0000, 0x0000, 0x0000, 0x0000,
  0x0000, 0x0000, 0x0000, 0x0000, 0x0000, 0x0000, 0x0000, 0x0000, 0x0000, 0x0000, 0x0000, 0x0000,
  0x0000, 0x0000, 0x0000, 0x0000, 0x0000, 0x0000, 0x0000, 0x0000, 0x0000, 0x0000, 0x0000, 0x0000,
  0x0000, 0x0000, 0x0000, 0x0000, 0x0000, 0x0000, 0x0000, 0x0000, 0x0000, 0x0000, 0x0000, 0x0000,
  0x0000, 0x0000, 0x0000, 0x0000, 0x0000, 0x0000, 0x0000, 0x0000, 0x0000, 0xF5A0, 0xF580, 0xED80,
  0xFEE3, 0xFEE3, 0xFEE3, 0xFEE3, 0xFEE3, 0xFEE3, 0xFEC3, 0xFF52, 0xFF72, 0xFF72, 0xFF73, 0xFF73,
  0xFF72, 0xFF73, 0xFF72, 0xFF72, 0xFF73, 0xFF73, 0xFF73, 0xFF29, 0xFEE3, 0xFEE3, 0xFEE3, 0xFEE3,
  0xFF03, 0xFEE3, 0xFF03, 0xFF03, 0xFEE3, 0xFEE3, 0xFEE3, 0xFEE3, 0xFEE3, 0xFEE3, 0xFEE3, 0xFEE3,
  0xFEE3, 0xFF03, 0xFF03, 0xFF03, 0xFF03, 0xFF03, 0xFEE3, 0xFF03, 0xFF03, 0xFF03, 0xFF03, 0xFEE3,
  0xFF03, 0xFF03, 0xFF03, 0xFEE3, 0xFF02, 0xFE22, 0xFE02, 0xFE22, 0xFE02, 0xFE22, 0xFE22, 0xFE22,
  0xFE22, 0xFE22, 0xFE22, 0xFE62, 0xDC40, 0xD440, 0xCC40, 0x0020, 0x0000, 0x0000, 0x0000, 0x0000,
  0x0000, 0x0000, 0x0000, 0x0000, 0x0000, 0x0000, 0x0000, 0x0000, 0x0000, 0x0000, 0x0000, 0x0000,
  0x0000, 0x0000, 0x0000, 0x0000, 0x0000, 0x0000, 0x0000, 0x0000, 0x0000, 0x0000, 0x0000, 0x0000,
  0x0000, 0x0000, 0x0000, 0x0000, 0x0000, 0x0000, 0x0000, 0x0000, 0x0000, 0x0000, 0x0000, 0x0000,
  0x0000, 0x0000, 0x0000, 0x0000, 0x0000, 0x0000, 0x0000, 0x0000, 0x0000, 0x0000, 0x0000, 0x0000,
  0x0000, 0x0000, 0x0000, 0x0000, 0x0000, 0x0000, 0x0000, 0x0000, 0x0000, 0x0000, 0x0000, 0x0000,
  0x0000, 0x0000, 0x0000, 0x0000, 0x0000, 0x0000, 0x0000, 0x0000, 0x0000, 0x0000, 0x0000, 0x0000,
  0x0000, 0x0000, 0x0000, 0x0000, 0x0000, 0x0000, 0x0000, 0x0000, 0x0000, 0x0000, 0x0000, 0x0000,
  0x0000, 0x0000, 0x0000, 0x0000, 0x0000, 0x0000, 0x0000, 0x0000, 0x0000, 0x0000, 0x0000, 0x0000,
  0x0000, 0x0000, 0x0000, 0x0000, 0x0000, 0x0000, 0x0000, 0x0000, 0x0000, 0x0000, 0x0000, 0x0000,
  0x0000, 0x0000, 0x0000, 0x0000, 0x0000, 0x0000, 0x0000, 0x0000, 0x0000, 0x0000, 0x0000, 0x0000,
  0x0000, 0x0000, 0x0000, 0x0000, 0x0000, 0x0000, 0x0000, 0x0000, 0x0000, 0x0000, 0x0000, 0x0000,
  0x0000, 0x0000, 0x0000, 0x0000, 0x0000, 0x0000, 0x0000, 0x0000, 0x0000, 0x0000, 0x0000, 0x0000,
  0x0000, 0x0000, 0x0000, 0x0000, 0x0000, 0x0000, 0x0000, 0x0000, 0x0000, 0x0000, 0x0000, 0x0000,
  0x0000, 0x0000, 0x0000, 0x0000, 0x0000, 0x0000, 0x0000, 0x0000, 0x0000, 0xF580, 0xED80, 0xED80,
  0xFEC3, 0xFEE3, 0xFEE3, 0xFEE3, 0xFEE3, 0xFEE3, 0xFEE3, 0xFF72, 0xFF72, 0xFF72, 0xFF73, 0xFF72,
  0xFF72, 0xFF73, 0xFF72, 0xFF73, 0xFF73, 0xFF73, 0xFF72, 0xFF28, 0xFEE3, 0xFEE3, 0xFEE3, 0xFEE3,
  0xFEE3, 0xFF03, 0xFF03, 0xFEE3, 0xFF03, 0xFF03, 0xFF03, 0xFEE3, 0xFF03, 0xFEE3, 0xFF03, 0xFEE3,
  0xFF03, 0xFF03, 0xFF03, 0xFF03, 0xFF03, 0xFF03, 0xFF03, 0xFF03, 0xFF03, 0xFF03, 0xFEE3, 0xFF03,
  0xFEE3, 0xFF03, 0xFEE3, 0xFEE3, 0xFF03, 0xFE22, 0xFE02, 0xFE02, 0xFE22, 0xFE22, 0xFE22, 0xFE22,
  0xFE22, 0xFE22, 0xFE22, 0xFE62, 0xDC40, 0xD440, 0xCC20, 0x0020, 0x0000, 0x0000, 0x0000, 0x0000,
  0x0000, 0x0000, 0x0000, 0x0000, 0x0000, 0x0000, 0x0000, 0x0000, 0x0000, 0x0000, 0x0000, 0x0000,
  0x0000, 0x0000, 0x0000, 0x0000, 0x0000, 0x0000, 0x0000, 0x0000, 0x0000, 0x0000, 0x0000, 0x0000,
  0x0000, 0x0000, 0x0000, 0x0000, 0x0000, 0x0000, 0x0000, 0x0000, 0x0000, 0x0000, 0x0000, 0x0000,
  0x0000, 0x0000, 0x0000, 0x0000, 0x0000, 0x0000, 0x0000, 0x0000, 0x0000, 0x0000, 0x0000, 0x0000,
  0x0000, 0x0000, 0x0000, 0x0000, 0x0000, 0x0000, 0x0000, 0x0000, 0x0000, 0x0000, 0x0000, 0x0000,
  0x0000, 0x0000, 0x0000, 0x0000, 0x0000, 0x0000, 0x0000, 0x0000, 0x0000, 0x0000, 0x0000, 0x0000,
  0x0000, 0x0000, 0x0000, 0x0000, 0x0000, 0x0000, 0x0000, 0x0000, 0x0000, 0x0000, 0x0000, 0x0000,
  0x0000, 0x0000, 0x0000, 0x0000, 0x0000, 0x0000, 0x0000, 0x0000, 0x0000, 0x0000, 0x0000, 0x0000,
  0x0000, 0x0000, 0x0000, 0x0000, 0x0000, 0x0000, 0x0000, 0x0000, 0x0000, 0x0000, 0x0000, 0x0000,
  0x0000, 0x0000, 0x0000, 0x0000, 0x0000, 0x0000, 0x0000, 0x0000, 0x0000, 0x0000, 0x0000, 0x0000,
  0x0000, 0x0000, 0x0000, 0x0000, 0x0000, 0x0000, 0x0000, 0x0000, 0x0000, 0x0000, 0x0000, 0x0000,
  0x0000, 0x0000, 0x0000, 0x0000, 0x0000, 0x0000, 0x0000, 0x0000, 0x0000, 0x0000, 0x0000, 0x0000,
  0x0000, 0x0000, 0x0000, 0x0000, 0x0000, 0x0000, 0x0000, 0x0000, 0x0000, 0x0000, 0x0000, 0x0000,
  0x0000, 0x0000, 0x0000, 0x0000, 0x0000, 0x0000, 0x0000, 0x0000, 0x0000, 0xED80, 0xED80, 0xF580,
  0xFEC2, 0xFEE3, 0xFEE3, 0xFEE3, 0xFEE3, 0xFEE3, 0xFEE4, 0xFF72, 0xFF72, 0xFF72, 0xFF73, 0xFF72,
  0xFF72, 0xFF72, 0xFF73, 0xFF72, 0xFF73, 0xFF73, 0xFF72, 0xFF07, 0xFEE3, 0xFEE3, 0xFEE3, 0xFEE3,
  0xFEE3, 0xFEE3, 0xFF03, 0xFEE3, 0xFF03, 0xFEE3, 0xFEE3, 0xFEE3, 0xFF03, 0xFF03, 0xFEE3, 0xFF03,
  0xFF03, 0xFF03, 0xFF03, 0xFF03, 0xFF03, 0xFF03, 0xFF03, 0xFEE3, 0xFEE3, 0xFF03, 0xFF03, 0xFEE3,
  0xFEE3, 0xFEE3, 0xFEE3, 0xFEE3, 0xFF03, 0xFE22, 0xFE02, 0xFE22, 0xFE02, 0xFE22, 0xFE22, 0xFE22,
  0xFE22, 0xFE22, 0xFE22, 0xFE62, 0xD440, 0xD440, 0xCC20, 0x0020, 0x0000, 0x0000, 0x0000, 0x0000,
  0x0000, 0x0000, 0x0000, 0x0000, 0x0000, 0x0000, 0x0000, 0x0000, 0x0000, 0x0000, 0x0000, 0x0000,
  0x0000, 0x0000, 0x0000, 0x0000, 0x0000, 0x0000, 0x0000, 0x0000, 0x0000, 0x0000, 0x0000, 0x0000,
  0x0000, 0x0000, 0x0000, 0x0000, 0x0000, 0x0000, 0x0000, 0x0000, 0x0000, 0x0000, 0x0000, 0x0000,
  0x0000, 0x0000, 0x0000, 0x0000, 0x0000, 0x0000, 0x0000, 0x0000, 0x0000, 0x0000, 0x0000, 0x0000,
  0x0000, 0x0000, 0x0000, 0x0000, 0x0000, 0x0000, 0x0000, 0x0000, 0x0000, 0x0000, 0x0000, 0x0000,
  0x0000, 0x0000, 0x0000, 0x0000, 0x0000, 0x0000, 0x0000, 0x0000, 0x0000, 0x0000, 0x0000, 0x0000,
  0x0000, 0x0000, 0x0000, 0x0000, 0x0000, 0x0000, 0x0000, 0x0000, 0x0000, 0x0000, 0x0000, 0x0000,
  0x0000, 0x0000, 0x0000, 0x0000, 0x0000, 0x0000, 0x0000, 0x0000, 0x0000, 0x0000, 0x0000, 0x0000,
  0x0000, 0x0000, 0x0000, 0x0000, 0x0000, 0x0000, 0x0000, 0x0000, 0x0000, 0x0000, 0x0000, 0x0000,
  0x0000, 0x0000, 0x0000, 0x0000, 0x0000, 0x0000, 0x0000, 0x0000, 0x0000, 0x0000, 0x0000, 0x0000,
  0x0000, 0x0000, 0x0000, 0x0000, 0x0000, 0x0000, 0x0000, 0x0000, 0x0000, 0x0000, 0x0000, 0x0000,
  0x0000, 0x0000, 0x0000, 0x0000, 0x0000, 0x0000, 0x0000, 0x0000, 0x0000, 0x0000, 0x0000, 0x0000,
  0x0000, 0x0000, 0x0000, 0x0000, 0x0000, 0x0000, 0x0000, 0x0000, 0x0000, 0x0000, 0x0000, 0x0000,
  0x0000, 0x0000, 0x0000, 0x0000, 0x0000, 0x0000, 0x0000, 0x0000, 0x0000, 0xED61, 0xED80, 0xF5A0,
  0xFEC2, 0xFEE2, 0xFEE3, 0xFEE3, 0xFF03, 0xFEE3, 0xFEE5, 0xFF52, 0xFF72, 0xFF73, 0xFF72, 0xFF72,
  0xFF72, 0xFF72, 0xFF72, 0xFF72, 0xFF73, 0xFF73, 0xFF72, 0xFF08, 0xFEE3, 0xFEE3, 0xFEE3, 0xFEE3,
  0xFEE3, 0xFEE3, 0xFEE3, 0xFEE3, 0xFEE3, 0xFEE3, 0xFF03, 0xFF03, 0xFEE3, 0xFEE3, 0xFF03, 0xFF03,
  0xFF03, 0xFF03, 0xFEE3, 0xFEE3, 0xFF03, 0xFF03, 0xFF03, 0xFEE3, 0xFEE3, 0xFEE3, 0xFF03, 0xFEE3,
  0xFEE3, 0xFEE3, 0xFF03, 0xFEE3, 0xFF03, 0xFE22, 0xFE02, 0xFE02, 0xFE22, 0xFE22, 0xFE22, 0xFE22,
  0xFE22, 0xFE22, 0xFE22, 0xFE62, 0xDC40, 0xD440, 0xCC20, 0x0020, 0x0000, 0x0000, 0x0000, 0x0000,
  0x0000, 0x0000, 0x0000, 0x0000, 0x0000, 0x0000, 0x0000, 0x0000, 0x0000, 0x0000, 0x0000, 0x0000,
  0x0000, 0x0000, 0x0000, 0x0000, 0x0000, 0x0000, 0x0000, 0x0000, 0x0000, 0x0000, 0x0000, 0x0000,
  0x0000, 0x0000, 0x0000, 0x0000, 0x0000, 0x0000, 0x0000, 0x0000, 0x0000, 0x0000, 0x0000, 0x0000,
  0x0000, 0x0000, 0x0000, 0x0000, 0x0000, 0x0000, 0x0000, 0x0000, 0x0000, 0x0000, 0x0000, 0x0000,
  0x0000, 0x0000, 0x0000, 0x0000, 0x0000, 0x0000, 0x0000, 0x0000, 0x0000, 0x0000, 0x0000, 0x0000,
  0x0000, 0x0000, 0x0000, 0x0000, 0x0000, 0x0000, 0x0000, 0x0000, 0x0000, 0x0000, 0x0000, 0x0000,
  0x0000, 0x0000, 0x0000, 0x0000, 0x0000, 0x0000, 0x0000, 0x0000, 0x0000, 0x0000, 0x0000, 0x0000,
  0x0000, 0x0000, 0x0000, 0x0000, 0x0000, 0x0000, 0x0000, 0x0000, 0x0000, 0x0000, 0x0000, 0x0000,
  0x0000, 0x0000, 0x0000, 0x0000, 0x0000, 0x0000, 0x0000, 0x0000, 0x0000, 0x0000, 0x0000, 0x0000,
  0x0000, 0x0000, 0x0000, 0x0000, 0x0000, 0x0000, 0x0000, 0x0000, 0x0000, 0x0000, 0x0000, 0x0000,
  0x0000, 0x0000, 0x0000, 0x0000, 0x0000, 0x0000, 0x0000, 0x0000, 0x0000, 0x0000, 0x0000, 0x0000,
  0x0000, 0x0000, 0x0000, 0x0000, 0x0000, 0x0000, 0x0000, 0x0000, 0x0000, 0x0000, 0x0000, 0x0000,
  0x0000, 0x0000, 0x0000, 0x0000, 0x0000, 0x0000, 0x0000, 0x0000, 0x0000, 0x0000, 0x0000, 0x0000,
  0x0000, 0x0000, 0x0000, 0x0000, 0x0000, 0x0000, 0x0000, 0x0000, 0x0000, 0xED60, 0xF580, 0xEDA0,
  0xFEC2, 0xFEE2, 0xFF03, 0xFEE3, 0xFF03, 0xFEE3, 0xFEC4, 0xFF52, 0xFF72, 0xFF73, 0xFF73, 0xFF72,
  0xFF72, 0xFF72, 0xFF72, 0xFF73, 0xFF73, 0xFF72, 0xFF72, 0xFF27, 0xFEE3, 0xFEE3, 0xFEE3, 0xFEE3,
  0xFEE3, 0xFEE3, 0xFEE3, 0xFEE3, 0xFEE3, 0xFEE3, 0xFF03, 0xFEE3, 0xFF03, 0xFF03, 0xFEE3, 0xFF03,
  0xFF03, 0xFF03, 0xFF03, 0xFF03, 0xFF03, 0xFF03, 0xFF03, 0xFEE3, 0xFEE3, 0xFEE3, 0xFF03, 0xFF03,
  0xFF03, 0xFEE3, 0xFF03, 0xFEE3, 0xFEE3, 0xFE22, 0xFE02, 0xFE02, 0xFE02, 0xFE22, 0xFE22, 0xFE22,
  0xFE22, 0xFE22, 0xFE22, 0xFE62, 0xD440, 0xD440, 0xCC20, 0x0020, 0x0000, 0x0000, 0x0000, 0x0000,
  0x0000, 0x0000, 0x0000, 0x0000, 0x0000, 0x0000, 0x0000, 0x0000, 0x0000, 0x0000, 0x0000, 0x0000,
  0x0000, 0x0000, 0x0000, 0x0000, 0x0000, 0x0000, 0x0000, 0x0000, 0x0000, 0x0000, 0x0000, 0x0000,
  0x0000, 0x0000, 0x0000, 0x0000, 0x0000, 0x0000, 0x0000, 0x0000, 0x0000, 0x0000, 0x0000, 0x0000,
  0x0000, 0x0000, 0x0000, 0x0000, 0x0000, 0x0000, 0x0000, 0x0000, 0x0000, 0x0000, 0x0000, 0x0000,
  0x0000, 0x0000, 0x0000, 0x0000, 0x0000, 0x0000, 0x0000, 0x0000, 0x0000, 0x0000, 0x0000, 0x0000,
  0x0000, 0x0000, 0x0000, 0x0000, 0x0000, 0x0000, 0x0000, 0x0000, 0x0000, 0x0000, 0x0000, 0x0000,
  0x0000, 0x0000, 0x0000, 0x0000, 0x0000, 0x0000, 0x0000, 0x0000, 0x0000, 0x0000, 0x0000, 0x0000,
  0x0000, 0x0000, 0x0000, 0x0000, 0x0000, 0x0000, 0x0000, 0x0000, 0x0000, 0x0000, 0x0000, 0x0000,
  0x0000, 0x0000, 0x0000, 0x0000, 0x0000, 0x0000, 0x0000, 0x0000, 0x0000, 0x0000, 0x0000, 0x0000,
  0x0000, 0x0000, 0x0000, 0x0000, 0x0000, 0x0000, 0x0000, 0x0000, 0x0000, 0x0000, 0x0000, 0x0000,
  0x0000, 0x0000, 0x0000, 0x0000, 0x0000, 0x0000, 0x0000, 0x0000, 0x0000, 0x0000, 0x0000, 0x0000,
  0x0000, 0x0000, 0x0000, 0x0000, 0x0000, 0x0000, 0x0000, 0x0000, 0x0000, 0x0000, 0x0000, 0x0000,
  0x0000, 0x0000, 0x0000, 0x0000, 0x0000, 0x0000, 0x0000, 0x0000, 0x0000, 0x0000, 0x0000, 0x0000,
  0x0000, 0x0000, 0x0000, 0x0000, 0x0000, 0x0000, 0x0000, 0x0000, 0x0000, 0xED80, 0xF580, 0xED80,
  0xFEC2, 0xFEE2, 0xFEE3, 0xFEE3, 0xFEE3, 0xFEE3, 0xFEC4, 0xFF72, 0xFF72, 0xFF73, 0xFF72, 0xFF72,
  0xFF72, 0xFF72, 0xFF72, 0xFF73, 0xFF72, 0xFF71, 0xFF73, 0xFF27, 0xFEE3, 0xFEE3, 0xFEE3, 0xFEE3,
  0xFEE3, 0xFEE3, 0xFEE3, 0xFF03, 0xFEE3, 0xFF03, 0xFF03, 0xFEE3, 0xFEE3, 0xFF03, 0xFEE3, 0xFF03,
  0xFEE3, 0xFF03, 0xFEE3, 0xFF03, 0xFF03, 0xFEE3, 0xFF03, 0xFF03, 0xFF03, 0xFEE3, 0xFF03, 0xFEE3,
  0xFEE3, 0xFF03, 0xFEE3, 0xFEE3, 0xFEE3, 0xFE22, 0xFE02, 0xFE02, 0xFE22, 0xFE22, 0xFE22, 0xFE22,
  0xFE22, 0xFE22, 0xFE22, 0xFE62, 0xD440, 0xD440, 0xCC20, 0x0020, 0x0000, 0x0000, 0x0000, 0x0000,
  0x0000, 0x0000, 0x0000, 0x0000, 0x0000, 0x0000, 0x0000, 0x0000, 0x0000, 0x0000, 0x0000, 0x0000,
  0x0000, 0x0000, 0x0000, 0x0000, 0x0000, 0x0000, 0x0000, 0x0000, 0x0000, 0x0000, 0x0000, 0x0000,
  0x0000, 0x0000, 0x0000, 0x0000, 0x0000, 0x0000, 0x0000, 0x0000, 0x0000, 0x0000, 0x0000, 0x0000,
  0x0000, 0x0000, 0x0000, 0x0000, 0x0000, 0x0000, 0x0000, 0x0000, 0x0000, 0x0000, 0x0000, 0x0000,
  0x0000, 0x0000, 0x0000, 0x0000, 0x0000, 0x0000, 0x0000, 0x0000, 0x0000, 0x0000, 0x0000, 0x0000,
  0x0000, 0x0000, 0x0000, 0x0000, 0x0000, 0x0000, 0x0000, 0x0000, 0x0000, 0x0000, 0x0000, 0x0000,
  0x0000, 0x0000, 0x0000, 0x0000, 0x0000, 0x0000, 0x0000, 0x0000, 0x0000, 0x0000, 0x0000, 0x0000,
  0x0000, 0x0000, 0x0000, 0x0000, 0x0000, 0x0000, 0x0000, 0x0000, 0x0000, 0x0000, 0x0000, 0x0000,
  0x0000, 0x0000, 0x0000, 0x0000, 0x0000, 0x0000, 0x0000, 0x0000, 0x0000, 0x0000, 0x0000, 0x0000,
  0x0000, 0x0000, 0x0000, 0x0000, 0x0000, 0x0000, 0x0000, 0x0000, 0x0000, 0x0000, 0x0000, 0x0000,
  0x0000, 0x0000, 0x0000, 0x0000, 0x0000, 0x0000, 0x0000, 0x0000, 0x0000, 0x0000, 0x0000, 0x0000,
  0x0000, 0x0000, 0x0000, 0x0000, 0x0000, 0x0000, 0x0000, 0x0000, 0x0000, 0x0000, 0x0000, 0x0000,
  0x0000, 0x0000, 0x0000, 0x0000, 0x0000, 0x0000, 0x0000, 0x0000, 0x0000, 0x0000, 0x0000, 0x0000,
  0x0000, 0x0000, 0x0000, 0x0000, 0x0000, 0x0000, 0x0000, 0x0000, 0x0000, 0xF5C0, 0xEDA0, 0xED80,
  0xFEE3, 0xFEE3, 0xFEE3, 0xFEE3, 0xFEE3, 0xFEE3, 0xFF2F, 0xFF72, 0xFF72, 0xFF72, 0xFF72, 0xFF72,
  0xFF72, 0xFF72, 0xFF72, 0xFF2A, 0xFF04, 0xFF03, 0xFF04, 0xFEE3, 0xFEE3, 0xFEE3, 0xFEE3, 0xFEE3,
  0xFEE3, 0xFEE3, 0xFF03, 0xFEE3, 0xFEE3, 0xFF03, 0xFF03, 0xFF03, 0xFEE3, 0xFEE3, 0xFF03, 0xFF03,
  0xFF03, 0xFF03, 0xFF03, 0xFEE3, 0xFF03, 0xFF03, 0xFF03, 0xFF03, 0xFEE3, 0xFF03, 0xFEE3, 0xFEE3,
  0xFF03, 0xFEE3, 0xFEE3, 0xFEE3, 0xFF03, 0xFE22, 0xFE02, 0xFE02, 0xFE22, 0xFE22, 0xFE22, 0xFE22,
  0xFE22, 0xFE22, 0xFE22, 0xFE62, 0xDC40, 0xD420, 0xCC20, 0x0820, 0x0000, 0x0000, 0x0000, 0x0000,
  0x0000, 0x0000, 0x0000, 0x0000, 0x0000, 0x0000, 0x0000, 0x0000, 0x0000, 0x0000, 0x0000, 0x0000,
  0x0000, 0x0000, 0x0000, 0x0000, 0x0000, 0x0000, 0x0000, 0x0000, 0x0000, 0x0000, 0x0000, 0x0000,
  0x0000, 0x0000, 0x0000, 0x0000, 0x0000, 0x0000, 0x0000, 0x0000, 0x0000, 0x0000, 0x0000, 0x0000,
  0x0000, 0x0000, 0x0000, 0x0000, 0x0000, 0x0000, 0x0000, 0x0000, 0x0000, 0x0000, 0x0000, 0x0000,
  0x0000, 0x0000, 0x0000, 0x0000, 0x0000, 0x0000, 0x0000, 0x0000, 0x0000, 0x0000, 0x0000, 0x0000,
  0x0000, 0x0000, 0x0000, 0x0000, 0x0000, 0x0000, 0x0000, 0x0000, 0x0000, 0x0000, 0x0000, 0x0000,
  0x0000, 0x0000, 0x0000, 0x0000, 0x0000, 0x0000, 0x0000, 0x0000, 0x0000, 0x0000, 0x0000, 0x0000,
  0x0000, 0x0000, 0x0000, 0x0000, 0x0000, 0x0000, 0x0000, 0x0000, 0x0000, 0x0000, 0x0000, 0x0000,
  0x0000, 0x0000, 0x0000, 0x0000, 0x0000, 0x0000, 0x0000, 0x0000, 0x0000, 0x0000, 0x0000, 0x0000,
  0x0000, 0x0000, 0x0000, 0x0000, 0x0000, 0x0000, 0x0000, 0x0000, 0x0000, 0x0000, 0x0000, 0x0000,
  0x0000, 0x0000, 0x0000, 0x0000, 0x0000, 0x0000, 0x0000, 0x0000, 0x0000, 0x0000, 0x0000, 0x0000,
  0x0000, 0x0000, 0x0000, 0x0000, 0x0000, 0x0000, 0x0000, 0x0000, 0x0000, 0x0000, 0x0000, 0x0000,
  0x0000, 0x0000, 0x0000, 0x0000, 0x0000, 0x0000, 0x0000, 0x0000, 0x0000, 0x0000, 0x0000, 0x0000,
  0x0000, 0x0000, 0x0000, 0x0000, 0x0000, 0x0000, 0x0000, 0x0000, 0x0000, 0xFDE0, 0xEDA0, 0xED81,
  0xFEE3, 0xFEE3, 0xFEE3, 0xFEE3, 0xFEE3, 0xFEE4, 0xFF30, 0xFF72, 0xFF72, 0xFF72, 0xFF72, 0xFF72,
  0xFF72, 0xFF73, 0xFF73, 0xFF09, 0xFEE3, 0xFEE3, 0xFEE3, 0xFEE3, 0xFEE3, 0xFEE3, 0xFEE3, 0xFEE3,
  0xFEE3, 0xFEE3, 0xFEE3, 0xFEE3, 0xFEE3, 0xFEE3, 0xFEE3, 0xFEE3, 0xFEE3, 0xFEE3, 0xFF03, 0xFF03,
  0xFF03, 0xFF03, 0xFEE3, 0xFEE3, 0xFF03, 0xFF03, 0xFF03, 0xFF03, 0xFEE3, 0xFEE3, 0xFF03, 0xFEE3,
  0xFF03, 0xFF03, 0xFEE3, 0xFEE3, 0xFF03, 0xFE22, 0xFE22, 0xFE22, 0xFE22, 0xFE22, 0xFE22, 0xFE22,
  0xFE22, 0xFE22, 0xFE22, 0xFE62, 0xDC40, 0xD420, 0xCC20, 0x0840, 0x0000, 0x0000, 0x0000, 0x0000,
  0x0000, 0x0000, 0x0000, 0x0000, 0x0000, 0x0000, 0x0000, 0x0000, 0x0000, 0x0000, 0x0000, 0x0000,
  0x0000, 0x0000, 0x0000, 0x0000, 0x0000, 0x0000, 0x0000, 0x0000, 0x0000, 0x0000, 0x0000, 0x0000,
  0x0000, 0x0000, 0x0000, 0x0000, 0x0000, 0x0000, 0x0000, 0x0000, 0x0000, 0x0000, 0x0000, 0x0000,
  0x0000, 0x0000, 0x0000, 0x0000, 0x0000, 0x0000, 0x0000, 0x0000, 0x0000, 0x0000, 0x0000, 0x0000,
  0x0000, 0x0000, 0x0000, 0x0000, 0x0000, 0x0000, 0x0000, 0x0000, 0x0000, 0x0000, 0x0000, 0x0000,
  0x0000, 0x0000, 0x0000, 0x0000, 0x0000, 0x0000, 0x0000, 0x0000, 0x0000, 0x0000, 0x0000, 0x0000,
  0x0000, 0x0000, 0x0000, 0x0000, 0x0000, 0x0000, 0x0000, 0x0000, 0x0000, 0x0000, 0x0000, 0x0000,
  0x0000, 0x0000, 0x0000, 0x0000, 0x0000, 0x0000, 0x0000, 0x0000, 0x0000, 0x0000, 0x0000, 0x0000,
  0x0000, 0x0000, 0x0000, 0x0000, 0x0000, 0x0000, 0x0000, 0x0000, 0x0000, 0x0000, 0x0000, 0x0000,
  0x0000, 0x0000, 0x0000, 0x0000, 0x0000, 0x0000, 0x0000, 0x0000, 0x0000, 0x0000, 0x0000, 0x0000,
  0x0000, 0x0000, 0x0000, 0x0000, 0x0000, 0x0000, 0x0000, 0x0000, 0x0000, 0x0000, 0x0000, 0x0000,
  0x0000, 0x0000, 0x0000, 0x0000, 0x0000, 0x0000, 0x0000, 0x0000, 0x0000, 0x0000, 0x0000, 0x0000,
  0x0000, 0x0000, 0x0000, 0x0000, 0x0000, 0x0000, 0x0000, 0x0000, 0x0000, 0x0000, 0x0000, 0x0000,
  0x0000, 0x0000, 0x0000, 0x0000, 0x0000, 0x0000, 0x0000, 0x0000, 0x0000, 0xF5C1, 0xED80, 0xED81,
  0xFEE3, 0xFEE3, 0xFEE3, 0xFEE3, 0xFEE3, 0xFEE4, 0xFF50, 0xFF72, 0xFF72, 0xFF72, 0xFF72, 0xFF72,
  0xFF72, 0xFF73, 0xFF72, 0xFF08, 0xFF03, 0xFF03, 0xFEE3, 0xFEE3, 0xFEE3, 0xFEE3, 0xFEE3, 0xFEE3,
  0xFEE3, 0xFEE3, 0xFEE3, 0xFEE3, 0xFEE3, 0xFEE3, 0xFEE3, 0xFEE3, 0xFF03, 0xFEE3, 0xFEE3, 0xFF03,
  0xFF03, 0xFF03, 0xFEE3, 0xFF03, 0xFF03, 0xFF03, 0xFF03, 0xFEE3, 0xFF03, 0xFEE3, 0xFEE3, 0xFF03,
  0xFEE3, 0xFEE3, 0xFEE3, 0xFEE3, 0xFF03, 0xFE22, 0xFE02, 0xFE22, 0xFE02, 0xFE22, 0xFE22, 0xFE22,
  0xFE22, 0xFE22, 0xFE22, 0xFE42, 0xD440, 0xD420, 0xCC20, 0x0040, 0x0000, 0x0000, 0x0000, 0x0000,
  0x0000, 0x0000, 0x0000, 0x0000, 0x0000, 0x0000, 0x0000, 0x0000, 0x0000, 0x0000, 0x0000, 0x0000,
  0x0000, 0x0000, 0x0000, 0x0000, 0x0000, 0x0000, 0x0000, 0x0000, 0x0000, 0x0000, 0x0000, 0x0000,
  0x0000, 0x0000, 0x0000, 0x0000, 0x0000, 0x0000, 0x0000, 0x0000, 0x0000, 0x0000, 0x0000, 0x0000,
  0x0000, 0x0000, 0x0000, 0x0000, 0x0000, 0x0000, 0x0000, 0x0000, 0x0000, 0x0000, 0x0000, 0x0000,
  0x0000, 0x0000, 0x0000, 0x0000, 0x0000, 0x0000, 0x0000, 0x0000, 0x0000, 0x0000, 0x0000, 0x0000,
  0x0000, 0x0000, 0x0000, 0x0000, 0x0000, 0x0000, 0x0000, 0x0000, 0x0000, 0x0000, 0x0000, 0x0000,
  0x0000, 0x0000, 0x0000, 0x0000, 0x0000, 0x0000, 0x0000, 0x0000, 0x0000, 0x0000, 0x0000, 0x0000,
  0x0000, 0x0000, 0x0000, 0x0000, 0x0000, 0x0000, 0x0000, 0x0000, 0x0000, 0x0000, 0x0000, 0x0000,
  0x0000, 0x0000, 0x0000, 0x0000, 0x0000, 0x0000, 0x0000, 0x0000, 0x0000, 0x0000, 0x0000, 0x0000,
  0x0000, 0x0000, 0x0000, 0x0000, 0x0000, 0x0000, 0x0000, 0x0000, 0x0000, 0x0000, 0x0000, 0x0000,
  0x0000, 0x0000, 0x0000, 0x0000, 0x0000, 0x0000, 0x0000, 0x0000, 0x0000, 0x0000, 0x0000, 0x0000,
  0x0000, 0x0000, 0x0000, 0x0000, 0x0000, 0x0000, 0x0000, 0x0000, 0x0000, 0x0000, 0x0000, 0x0000,
  0x0000, 0x0000, 0x0000, 0x0000, 0x0000, 0x0000, 0x0000, 0x0000, 0x0000, 0x0000, 0x0000, 0x0000,
  0x0000, 0x0000, 0x0000, 0x0000, 0x0000, 0xC4E0, 0xED60, 0xED60, 0xE540, 0xFEE2, 0xFEE2, 0xFEE3,
  0xFEE3, 0xFEE3, 0xFEE3, 0xFEE3, 0xFEE4, 0xFEE4, 0xFF30, 0xFF72, 0xFF72, 0xFF72, 0xFF72, 0xFF72,
  0xFF72, 0xFF72, 0xFF72, 0xFF07, 0xFEE3, 0xFEE3, 0xFEE3, 0xFEE3, 0xFEE3, 0xFEE3, 0xFEE3, 0xFEE3,
  0xFEE3, 0xFEE3, 0xFEE3, 0xFEE3, 0xFEE3, 0xFEE3, 0xFEE3, 0xFEE3, 0xFF03, 0xFEE3, 0xFEE3, 0xFF03,
  0xFEE3, 0xFF03, 0xFF03, 0xFEE3, 0xFEE3, 0xFEE3, 0xFEE3, 0xFF03, 0xFF03, 0xFF03, 0xFF03, 0xFEE3,
  0xFF03, 0xFF03, 0xFEE3, 0xFEE3, 0xFF03, 0xFE22, 0xFE02, 0xFE22, 0xFE02, 0xFE22, 0xFE02, 0xFE22,
  0xFE22, 0xFE22, 0xFE22, 0xFE22, 0xD420, 0xD440, 0xD460, 0x0820, 0x0000, 0x0000, 0x0000, 0x0000,
  0x0000, 0x0000, 0x0000, 0x0000, 0x0000, 0x0000, 0x0000, 0x0000, 0x0000, 0x0000, 0x0000, 0x0000,
  0x0000, 0x0000, 0x0000, 0x0000, 0x0000, 0x0000, 0x0000, 0x0000, 0x0000, 0x0000, 0x0000, 0x0000,
  0x0000, 0x0000, 0x0000, 0x0000, 0x0000, 0x0000, 0x0000, 0x0000, 0x0000, 0x0000, 0x0000, 0x0000,
  0x0000, 0x0000, 0x0000, 0x0000, 0x0000, 0x0000, 0x0000, 0x0000, 0x0000, 0x0000, 0x0000, 0x0000,
  0x0000, 0x0000, 0x0000, 0x0000, 0x0000, 0x0000, 0x0000, 0x0000, 0x0000, 0x0000, 0x0000, 0x0000,
  0x0000, 0x0000, 0x0000, 0x0000, 0x0000, 0x0000, 0x0000, 0x0000, 0x0000, 0x0000, 0x0000, 0x0000,
  0x0000, 0x0000, 0x0000, 0x0000, 0x0000, 0x0000, 0x0000, 0x0000, 0x0000, 0x0000, 0x0000, 0x0000,
  0x0000, 0x0000, 0x0000, 0x0000, 0x0000, 0x0000, 0x0000, 0x0000, 0x0000, 0x0000, 0x0000, 0x0000,
  0x0000, 0x0000, 0x0000, 0x0000, 0x0000, 0x0000, 0x0000, 0x0000, 0x0000, 0x0000, 0x0000, 0x0000,
  0x0000, 0x0000, 0x0000, 0x0000, 0x0000, 0x0000, 0x0000, 0x0000, 0x0000, 0x0000, 0x0000, 0x0000,
  0x0000, 0x0000, 0x0000, 0x0000, 0x0000, 0x0000, 0x0000, 0x0000, 0x0000, 0x0000, 0x0000, 0x0000,
  0x0000, 0x0000, 0x0000, 0x0000, 0x0000, 0x0000, 0x0000, 0x0000, 0x0000, 0x0000, 0x0000, 0x0000,
  0x0000, 0x0000, 0x0000, 0x0000, 0x0000, 0x0000, 0x0000, 0x0000, 0x0000, 0x0000, 0x0000, 0x0000,
  0x0000, 0x0000, 0x0000, 0x0000, 0x0000, 0xC4E0, 0xED80, 0xED80, 0xE520, 0xFEE2, 0xFEE3, 0xFEE3,
  0xFEE3, 0xFEE3, 0xFEE3, 0xFEE3, 0xFEE4, 0xFF05, 0xFF2F, 0xFF72, 0xFF72, 0xFF72, 0xFF72, 0xFF72,
  0xFF72, 0xFF73, 0xFF72, 0xFEE8, 0xFEE3, 0xFEE3, 0xFEE3, 0xFEE3, 0xFEE3, 0xFEE3, 0xFEE3, 0xFEE3,
  0xFEE3, 0xFEE3, 0xFEE3, 0xFEE3, 0xFEE3, 0xFEE3, 0xFF03, 0xFEE3, 0xFEE3, 0xFEE3, 0xFEE3, 0xFEE3,
  0xFEE3, 0xFF03, 0xFF03, 0xFEE3, 0xFF03, 0xFF03, 0xFEE3, 0xFF03, 0xFF03, 0xFF03, 0xFF03, 0xFF03,
  0xFF03, 0xFF03, 0xFF03, 0xFEE3, 0xFF03, 0xFE22, 0xFE02, 0xFE22, 0xFE22, 0xFE22, 0xFE22, 0xFE22,
  0xFE22, 0xFE22, 0xFE22, 0xFE42, 0xD460, 0xDC60, 0xD460, 0x0020, 0x0000, 0x0000, 0x0020, 0x0000,
  0x0000, 0x0000, 0x0000, 0x0000, 0x0000, 0x0000, 0x0000, 0x0000, 0x0000, 0x0000, 0x0000, 0x0000,
  0x0000, 0x0000, 0x0000, 0x0000, 0x0000, 0x0000, 0x0000, 0x0000, 0x0000, 0x0000, 0x0000, 0x0000,
  0x0000, 0x0000, 0x0000, 0x0000, 0x0000, 0x0000, 0x0000, 0x0000, 0x0000, 0x0000, 0x0000, 0x0000,
  0x0000, 0x0000, 0x0000, 0x0000, 0x0000, 0x0000, 0x0000, 0x0000, 0x0000, 0x0000, 0x0000, 0x0000,
  0x0000, 0x0000, 0x0000, 0x0000, 0x0000, 0x0000, 0x0000, 0x0000, 0x0000, 0x0000, 0x0000, 0x0000,
  0x0000, 0x0000, 0x0000, 0x0000, 0x0000, 0x0000, 0x0000, 0x0000, 0x0000, 0x0000, 0x0000, 0x0000,
  0x0000, 0x0000, 0x0000, 0x0000, 0x0000, 0x0000, 0x0000, 0x0000, 0x0000, 0x0000, 0x0000, 0x0000,
  0x0000, 0x0000, 0x0000, 0x0000, 0x0000, 0x0000, 0x0000, 0x0000, 0x0000, 0x0000, 0x0000, 0x0000,
  0x0000, 0x0000, 0x0000, 0x0000, 0x0000, 0x0000, 0x0000, 0x0000, 0x0000, 0x0000, 0x0000, 0x0000,
  0x0000, 0x0000, 0x0000, 0x0000, 0x0000, 0x0000, 0x0000, 0x0000, 0x0000, 0x0000, 0x0000, 0x0000,
  0x0000, 0x0000, 0x0000, 0x0000, 0x0000, 0x0000, 0x0000, 0x0000, 0x0000, 0x0000, 0x0000, 0x0000,
  0x0000, 0x0000, 0x0000, 0x0000, 0x0000, 0x0000, 0x0000, 0x0000, 0x0000, 0x0000, 0x0000, 0x0000,
  0x0000, 0x0000, 0x0000, 0x0000, 0x0000, 0x0000, 0x0000, 0x0000, 0x0000, 0x0000, 0x0000, 0x0000,
  0x0000, 0x0000, 0x0000, 0x0000, 0x0000, 0xC4E0, 0xED80, 0xF5A0, 0xE540, 0xFEE2, 0xFEE3, 0xFEE3,
  0xFF03, 0xFEE3, 0xFEE3, 0xFEE3, 0xFF07, 0xFF29, 0xFF2D, 0xFF51, 0xFF72, 0xFF72, 0xFF72, 0xFF72,
  0xFF72, 0xFF72, 0xFF72, 0xFEE8, 0xFEE3, 0xFEE3, 0xFEE3, 0xFEE3, 0xFEE3, 0xFEE3, 0xFEE3, 0xFEE3,
  0xFEE3, 0xFEE3, 0xFEE3, 0xFEE3, 0xFEE3, 0xFEE3, 0xFEE3, 0xFEE3, 0xFF03, 0xFEE3, 0xFEE3, 0xFEE3,
  0xFEE3, 0xFEE3, 0xFEE3, 0xFEE3, 0xFF03, 0xFEE3, 0xFEE3, 0xFF03, 0xFF03, 0xFF03, 0xFF03, 0xFF03,
  0xFEE3, 0xFF03, 0xFF03, 0xFEE3, 0xFF03, 0xFE22, 0xFE02, 0xFE02, 0xFE22, 0xFE22, 0xFE22, 0xFE22,
  0xFE22, 0xFE22, 0xFE22, 0xFE43, 0xE501, 0xE4E0, 0xDD01, 0xD400, 0xD420, 0xDC40, 0x0000, 0x0000,
  0x0000, 0x0000, 0x0000, 0x0000, 0x0000, 0x0000, 0x0000, 0x0000, 0x0000, 0x0000, 0x0000, 0x0000,
  0x0000, 0x0000, 0x0000, 0x0000, 0x0000, 0x0000, 0x0000, 0x0000, 0x0000, 0x0000, 0x0000, 0x0000,
  0x0000, 0x0000, 0x0000, 0x0000, 0x0000, 0x0000, 0x0000, 0x0000, 0x0000, 0x0000, 0x0000, 0x0000,
  0x0000, 0x0000, 0x0000, 0x0000, 0x0000, 0x0000, 0x0000, 0x0000, 0x0000, 0x0000, 0x0000, 0x0000,
  0x0000, 0x0000, 0x0000, 0x0000, 0x0000, 0x0000, 0x0000, 0x0000, 0x0000, 0x0000, 0x0000, 0x0000,
  0x0000, 0x0000, 0x0000, 0x0000, 0x0000, 0x0000, 0x0000, 0x0000, 0x0000, 0x0000, 0x0000, 0x0000,
  0x0000, 0x0000, 0x0000, 0x0000, 0x0000, 0x0000, 0x0000, 0x0000, 0x0000, 0x0000, 0x0000, 0x0000,
  0x0000, 0x0000, 0x0000, 0x0000, 0x0000, 0x0000, 0x0000, 0x0000, 0x0000, 0x0000, 0x0000, 0x0000,
  0x0000, 0x0000, 0x0000, 0x0000, 0x0000, 0x0000, 0x0000, 0x0000, 0x0000, 0x0000, 0x0000, 0x0000,
  0x0000, 0x0000, 0x0000, 0x0000, 0x0000, 0x0000, 0x0000, 0x0000, 0x0000, 0x0000, 0x0000, 0x0000,
  0x0000, 0x0000, 0x0000, 0x0000, 0x0000, 0x0000, 0x0000, 0x0000, 0x0000, 0x0000, 0x0000, 0x0000,
  0x0000, 0x0000, 0x0000, 0x0000, 0x0000, 0x0000, 0x0000, 0x0000, 0x0000, 0x0000, 0x0000, 0x0000,
  0x0000, 0x0000, 0x0000, 0x0000, 0x0000, 0x0000, 0x0000, 0x0000, 0x0000, 0x0000, 0x0000, 0x0000,
  0x0000, 0x0000, 0x0000, 0x0000, 0x0000, 0xCD20, 0xED80, 0xF5A0, 0xED80, 0xFEE2, 0xFEE3, 0xFEE3,
  0xFEE3, 0xFEE3, 0xFEE3, 0xFEE3, 0xFF2B, 0xFF4F, 0xFF2F, 0xFF72, 0xFF72, 0xFF72, 0xFF73, 0xFF72,
  0xFF72, 0xFF72, 0xFF72, 0xFF07, 0xFEE3, 0xFEE3, 0xFEE3, 0xFEE3, 0xFEE3, 0xFEE3, 0xFEE3, 0xFEE3,
  0xFEE3, 0xFEE3, 0xFEE3, 0xFEE3, 0xFEE3, 0xFEE3, 0xFEE3, 0xFEE3, 0xFEE3, 0xFEE3, 0xFEE3, 0xFEE3,
  0xFEE3, 0xFEE3, 0xFEE3, 0xFF03, 0xFEE3, 0xFEE3, 0xFF03, 0xFF03, 0xFEE3, 0xFF03, 0xFF03, 0xFF03,
  0xFF03, 0xFF03, 0xFF03, 0xFEE3, 0xFF03, 0xFE02, 0xFE02, 0xFE22, 0xFE22, 0xFE22, 0xFE22, 0xFE22,
  0xFE22, 0xFE22, 0xFE22, 0xFE22, 0xFE22, 0xFE22, 0xFE01, 0xCBE0, 0xD420, 0xD440, 0x0000, 0x0000,
  0x0000, 0x0000, 0x0000, 0x0000, 0x0000, 0x0000, 0x0000, 0x0000, 0x0000, 0x0000, 0x0000, 0x0000,
  0x0000, 0x0000, 0x0000, 0x0000, 0x0000, 0x0000, 0x0000, 0x0000, 0x0000, 0x0000, 0x0000, 0x0000,
  0x0000, 0x0000, 0x0000, 0x0000, 0x0000, 0x0000, 0x0000, 0x0000, 0x0000, 0x0000, 0x0000, 0x0000,
  0x0000, 0x0000, 0x0000, 0x0000, 0x0000, 0x0000, 0x0000, 0x0000, 0x0000, 0x0000, 0x0000, 0x0000,
  0x0000, 0x0000, 0x0000, 0x0000, 0x0000, 0x0000, 0x0000, 0x0000, 0x0000, 0x0000, 0x0000, 0x0000,
  0x0000, 0x0000, 0x0000, 0x0000, 0x0000, 0x0000, 0x0000, 0x0000, 0x0000, 0x0000, 0x0000, 0x0000,
  0x0000, 0x0000, 0x0000, 0x0000, 0x0000, 0x0000, 0x0000, 0x0000, 0x0000, 0x0000, 0x0000, 0x0000,
  0x0000, 0x0000, 0x0000, 0x0000, 0x0000, 0x0000, 0x0000, 0x0000, 0x0000, 0x0000, 0x0000, 0x0000,
  0x0000, 0x0000, 0x0000, 0x0000, 0x0000, 0x0000, 0x0000, 0x0000, 0x0000, 0x0000, 0x0000, 0x0000,
  0x0000, 0x0000, 0x0000, 0x0000, 0x0000, 0x0000, 0x0000, 0x0000, 0x0000, 0x0000, 0x0000, 0x0000,
  0x0000, 0x0000, 0x0000, 0x0000, 0x0000, 0x0000, 0x0000, 0x0000, 0x0000, 0x0000, 0x0000, 0x0000,
  0x0000, 0x0000, 0x0000, 0x0000, 0x0000, 0x0000, 0x0000, 0x0000, 0x0000, 0x0000, 0x0000, 0x0000,
  0x0000, 0x0000, 0x0000, 0x0000, 0x0000, 0x0000, 0x0000, 0x0000, 0x0000, 0x0000, 0x0000, 0x0000,
  0x0000, 0x0000, 0x0000, 0x0000, 0x0000, 0xD540, 0xED80, 0xED80, 0xF580, 0xFEE3, 0xFEE3, 0xFEE3,
  0xFEE3, 0xFEE3, 0xFEE3, 0xFEE3, 0xFF09, 0xFF2E, 0xFF2F, 0xFF73, 0xFF72, 0xFF72, 0xFF72, 0xFF72,
  0xFF72, 0xFF72, 0xFF72, 0xFEE7, 0xFEE3, 0xFEE3, 0xFEE3, 0xFEE3, 0xFEE3, 0xFEE3, 0xFEE3, 0xFEE3,
  0xFEE3, 0xFEE3, 0xFEE3, 0xFEE3, 0xFEE3, 0xFEE3, 0xFEE3, 0xFEE3, 0xFEE3, 0xFEE3, 0xFEE3, 0xFEE3,
  0xFEE3, 0xFEE3, 0xFEE3, 0xFF03, 0xFEE3, 0xFEE3, 0xFF03, 0xFF03, 0xFF03, 0xFF03, 0xFF03, 0xFF03,
  0xFF03, 0xFF03, 0xFF03, 0xFEE3, 0xFF03, 0xFE22, 0xFE02, 0xFE22, 0xFE22, 0xFE22, 0xFE22, 0xFE22,
  0xFE22, 0xFE22, 0xFE22, 0xFE22, 0xFE22, 0xFE22, 0xFE02, 0xD400, 0xD440, 0xD420, 0x0000, 0x0000,
  0x0000, 0x0000, 0x0000, 0x0000, 0x0000, 0x0000, 0x0000, 0x0000, 0x0000, 0x0000, 0x0000, 0x0000,
  0x0000, 0x0000, 0x0000, 0x0000, 0x0000, 0x0000, 0x0000, 0x0000, 0x0000, 0x0000, 0x0000, 0x0000,
  0x0000, 0x0000, 0x0000, 0x0000, 0x0000, 0x0000, 0x0000, 0x0000, 0x0000, 0x0000, 0x0000, 0x0000,
  0x0000, 0x0000, 0x0000, 0x0000, 0x0000, 0x0000, 0x0000, 0x0000, 0x0000, 0x0000, 0x0000, 0x0000,
  0x0000, 0x0000, 0x0000, 0x0000, 0x0000, 0x0000, 0x0000, 0x0000, 0x0000, 0x0000, 0x0000, 0x0000,
  0x0000, 0x0000, 0x0000, 0x0000, 0x0000, 0x0000, 0x0000, 0x0000, 0x0000, 0x0000, 0x0000, 0x0000,
  0x0000, 0x0000, 0x0000, 0x0000, 0x0000, 0x0000, 0x0000, 0x0000, 0x0000, 0x0000, 0x0000, 0x0000,
  0x0000, 0x0000, 0x0000, 0x0000, 0x0000, 0x0000, 0x0000, 0x0000, 0x0000, 0x0000, 0x0000, 0x0000,
  0x0000, 0x0000, 0x0000, 0x0000, 0x0000, 0x0000, 0x0000, 0x0000, 0x0000, 0x0000, 0x0000, 0x0000,
  0x0000, 0x0000, 0x0000, 0x0000, 0x0000, 0x0000, 0x0000, 0x0000, 0x0000, 0x0000, 0x0000, 0x0000,
  0x0000, 0x0000, 0x0000, 0x0000, 0x0000, 0x0000, 0x0000, 0x0000, 0x0000, 0x0000, 0x0000, 0x0000,
  0x0000, 0x0000, 0x0000, 0x0000, 0x0000, 0x0000, 0x0000, 0x0000, 0x0000, 0x0000, 0x0000, 0x0000,
  0x0000, 0x0000, 0x0000, 0x0000, 0x0000, 0x0000, 0x0000, 0x0000, 0x0000, 0x0000, 0x0000, 0x0000,
  0x0000, 0x0000, 0x0000, 0x0000, 0x0000, 0xD560, 0xED80, 0xED80, 0xED80, 0xFF03, 0xFEE3, 0xFEE3,
  0xFEE3, 0xFEE3, 0xFEE3, 0xFEE3, 0xFF08, 0xFF2D, 0xFF2C, 0xFF73, 0xFF72, 0xFF72, 0xFF72, 0xFF72,
  0xFF72, 0xFF72, 0xFF72, 0xFEE6, 0xFEE3, 0xFEE3, 0xFEE3, 0xFEE3, 0xFEE3, 0xFEE3, 0xFEE3, 0xFEE3,
  0xFEE3, 0xFEE3, 0xFF03, 0xFEE3, 0xFF03, 0xFF03, 0xFEE3, 0xFEE3, 0xFEE3, 0xFEE3, 0xFEE3, 0xFEE3,
  0xFEE3, 0xFEE3, 0xFEE3, 0xFEE3, 0xFF03, 0xFF03, 0xFF03, 0xFEE3, 0xFEE3, 0xFF03, 0xFEE3, 0xFF03,
  0xFF03, 0xFEE3, 0xFF03, 0xFEE3, 0xFF03, 0xFE22, 0xFE02, 0xFE22, 0xFE22, 0xFE22, 0xFE02, 0xFE22,
  0xFE22, 0xFE22, 0xFE22, 0xFE22, 0xFE22, 0xFE22, 0xFE22, 0xD440, 0xD420, 0xD420, 0x0000, 0x0000,
  0x0000, 0x0000, 0x0000, 0x0000, 0x0000, 0x0000, 0x0000, 0x0000, 0x0000, 0x0000, 0x0000, 0x0000,
  0x0000, 0x0000, 0x0000, 0x0000, 0x0000, 0x0000, 0x0000, 0x0000, 0x0000, 0x0000, 0x0000, 0x0000,
  0x0000, 0x0000, 0x0000, 0x0000, 0x0000, 0x0000, 0x0000, 0x0000, 0x0000, 0x0000, 0x0000, 0x0000,
  0x0000, 0x0000, 0x0000, 0x0000, 0x0000, 0x0000, 0x0000, 0x0000, 0x0000, 0x0000, 0x0000, 0x0000,
  0x0000, 0x0000, 0x0000, 0x0000, 0x0000, 0x0000, 0x0000, 0x0000, 0x0000, 0x0000, 0x0000, 0x0000,
  0x0000, 0x0000, 0x0000, 0x0000, 0x0000, 0x0000, 0x0000, 0x0000, 0x0000, 0x0000, 0x0000, 0x0000,
  0x0000, 0x0000, 0x0000, 0x0000, 0x0000, 0x0000, 0x0000, 0x0000, 0x0000, 0x0000, 0x0000, 0x0000,
  0x0000, 0x0000, 0x0000, 0x0000, 0x0000, 0x0000, 0x0000, 0x0000, 0x0000, 0x0000, 0x0000, 0x0000,
  0x0000, 0x0000, 0x0000, 0x0000, 0x0000, 0x0000, 0x0000, 0x0000, 0x0000, 0x0000, 0x0000, 0x0000,
  0x0000, 0x0000, 0x0000, 0x0000, 0x0000, 0x0000, 0x0000, 0x0000, 0x0000, 0x0000, 0x0000, 0x0000,
  0x0000, 0x0000, 0x0000, 0x0000, 0x0000, 0x0000, 0x0000, 0x0000, 0x0000, 0x0000, 0x0000, 0x0000,
  0x0000, 0x0000, 0x0000, 0x0000, 0x0000, 0x0000, 0x0000, 0x0000, 0x0000, 0x0000, 0x0000, 0x0000,
  0x0000, 0x0000, 0x0000, 0x0000, 0x0000, 0x0000, 0x0000, 0x0000, 0x0000, 0x0000, 0x0000, 0x0000,
  0x0000, 0x0000, 0x0000, 0x0000, 0x0000, 0xD560, 0xED80, 0xED80, 0xED80, 0xFF03, 0xFEE3, 0xFEE3,
  0xFEE3, 0xFEE3, 0xFEE3, 0xFEE3, 0xFF51, 0xFF51, 0xFF52, 0xFF72, 0xFF72, 0xFF72, 0xFF72, 0xFF72,
  0xFF72, 0xFF72, 0xFF72, 0xFF07, 0xFEE3, 0xFEE3, 0xFEE3, 0xFEE3, 0xFEE3, 0xFEE3, 0xFEE3, 0xFEE3,
  0xFEE3, 0xFEE3, 0xFEE3, 0xFEE3, 0xFF03, 0xFEE3, 0xFF03, 0xFEE3, 0xFEE3, 0xFEE3, 0xFEE3, 0xFF03,
  0xFEE3, 0xFEE3, 0xFEE3, 0xFEE3, 0xFF03, 0xFF03, 0xFF03, 0xFEE3, 0xFEE3, 0xFEE3, 0xFEE3, 0xFEE3,
  0xFF03, 0xFF03, 0xFF03, 0xFEE3, 0xFF03, 0xFE22, 0xFE22, 0xFE22, 0xFE22, 0xFE22, 0xFE02, 0xFE22,
  0xFE22, 0xFE22, 0xFE22, 0xFE22, 0xFE22, 0xFE22, 0xFE23, 0xD440, 0xD420, 0xD420, 0x0000, 0x0000,
  0x0000, 0x0000, 0x0000, 0x0000, 0x0000, 0x0000, 0x0000, 0x0000, 0x0000, 0x0000, 0x0000, 0x0000,
  0x0000, 0x0000, 0x0000, 0x0000, 0x0000, 0x0000, 0x0000, 0x0000, 0x0000, 0x0000, 0x0000, 0x0000,
  0x0000, 0x0000, 0x0000, 0x0000, 0x0000, 0x0000, 0x0000, 0x0000, 0x0000, 0x0000, 0x0000, 0x0000,
  0x0000, 0x0000, 0x0000, 0x0000, 0x0000, 0x0000, 0x0000, 0x0000, 0x0000, 0x0000, 0x0000, 0x0000,
  0x0000, 0x0000, 0x0000, 0x0000, 0x0000, 0x0000, 0x0000, 0x0000, 0x0000, 0x0000, 0x0000, 0x0000,
  0x0000, 0x0000, 0x0000, 0x0000, 0x0000, 0x0000, 0x0000, 0x0000, 0x0000, 0x0000, 0x0000, 0x0000,
  0x0000, 0x0000, 0x0000, 0x0000, 0x0000, 0x0000, 0x0000, 0x0000, 0x0000, 0x0000, 0x0000, 0x0000,
  0x0000, 0x0000, 0x0000, 0x0000, 0x0000, 0x0000, 0x0000, 0x0000, 0x0000, 0x0000, 0x0000, 0x0000,
  0x0000, 0x0000, 0x0000, 0x0000, 0x0000, 0x0000, 0x0000, 0x0000, 0x0000, 0x0000, 0x0000, 0x0000,
  0x0000, 0x0000, 0x0000, 0x0000, 0x0000, 0x0000, 0x0000, 0x0000, 0x0000, 0x0000, 0x0000, 0x0000,
  0x0000, 0x0000, 0x0000, 0x0000, 0x0000, 0x0000, 0x0000, 0x0000, 0x0000, 0x0000, 0x0000, 0x0000,
  0x0000, 0x0000, 0x0000, 0x0000, 0x0000, 0x0000, 0x0000, 0x0000, 0x0000, 0x0000, 0x0000, 0x0000,
  0x0000, 0x0000, 0x0000, 0x0000, 0x0000, 0x0000, 0x0000, 0x0000, 0x0000, 0x0000, 0x0000, 0x0000,
  0x0000, 0x0000, 0x0000, 0x0000, 0x0000, 0xCD20, 0xF5A0, 0xED80, 0xED80, 0xFEE3, 0xFF03, 0xFEE3,
  0xFEE3, 0xFEE3, 0xFEE3, 0xFEE2, 0xFF72, 0xFF72, 0xFF72, 0xFF72, 0xFF72, 0xFF72, 0xFF72, 0xFF72,
  0xFF72, 0xFF73, 0xFF73, 0xFF2A, 0xFEE3, 0xFEE3, 0xFEE3, 0xFEE3, 0xFEE3, 0xFEE3, 0xFEE3, 0xFEE3,
  0xFEE3, 0xFEE3, 0xFF03, 0xFEE3, 0xFEE3, 0xFEE3, 0xFEE3, 0xFF03, 0xFEE3, 0xFEE3, 0xFEE3, 0xFEE3,
  0xFF03, 0xFEE3, 0xFEE3, 0xFEE3, 0xFEE3, 0xFF03, 0xFEE3, 0xFF03, 0xFEE3, 0xFF03, 0xFF03, 0xFEE3,
  0xFF03, 0xFF03, 0xFEE3, 0xFEE3, 0xFF03, 0xFE22, 0xFE02, 0xFE22, 0xFE22, 0xFE22, 0xFE22, 0xFE22,
  0xFE22, 0xFE22, 0xFE22, 0xFE22, 0xFE22, 0xFE22, 0xFE22, 0xD420, 0xD420, 0xCC20, 0x0000, 0x0000,
  0x0000, 0x0000, 0x0000, 0x0000, 0x0000, 0x0000, 0x0000, 0x0000, 0x0000, 0x0000, 0x0000, 0x0000,
  0x0000, 0x0000, 0x0000, 0x0000, 0x0000, 0x0000, 0x0000, 0x0000, 0x0000, 0x0000, 0x0000, 0x0000,
  0x0000, 0x0000, 0x0000, 0x0000, 0x0000, 0x0000, 0x0000, 0x0000, 0x0000, 0x0000, 0x0000, 0x0000,
  0x0000, 0x0000, 0x0000, 0x0000, 0x0000, 0x0000, 0x0000, 0x0000, 0x0000, 0x0000, 0x0000, 0x0000,
  0x0000, 0x0000, 0x0000, 0x0000, 0x0000, 0x0000, 0x0000, 0x0000, 0x0000, 0x0000, 0x0000, 0x0000,
  0x0000, 0x0000, 0x0000, 0x0000, 0x0000, 0x0000, 0x0000, 0x0000, 0x0000, 0x0000, 0x0000, 0x0000,
  0x0000, 0x0000, 0x0000, 0x0000, 0x0000, 0x0000, 0x0000, 0x0000, 0x0000, 0x0000, 0x0000, 0x0000,
  0x0000, 0x0000, 0x0000, 0x0000, 0x0000, 0x0000, 0x0000, 0x0000, 0x0000, 0x0000, 0x0000, 0x0000,
  0x0000, 0x0000, 0x0000, 0x0000, 0x0000, 0x0000, 0x0000, 0x0000, 0x0000, 0x0000, 0x0000, 0x0000,
  0x0000, 0x0000, 0x0000, 0x0000, 0x0000, 0x0000, 0x0000, 0x0000, 0x0000, 0x0000, 0x0000, 0x0000,
  0x0000, 0x0000, 0x0000, 0x0000, 0x0000, 0x0000, 0x0000, 0x0000, 0x0000, 0x0000, 0x0000, 0x0000,
  0x0000, 0x0000, 0x0000, 0x0000, 0x0000, 0x0000, 0x0000, 0x0000, 0x0000, 0x0000, 0x0000, 0x0000,
  0x0000, 0x0000, 0x0000, 0x0000, 0x0000, 0x0000, 0x0000, 0x0000, 0x0000, 0x0000, 0x0000, 0x0000,
  0x0000, 0x0000, 0x0000, 0x0000, 0x0000, 0xCD00, 0xF5A0, 0xF5A0, 0xED80, 0xFEE3, 0xFEE3, 0xFEE3,
  0xFEE3, 0xFEE3, 0xFEE3, 0xFEE2, 0xFF72, 0xFF72, 0xFF72, 0xFF72, 0xFF72, 0xFF72, 0xFF72, 0xFF72,
  0xFF72, 0xFF73, 0xFF73, 0xFF73, 0xFEE2, 0xFEE3, 0xFEE3, 0xFEE3, 0xFEE3, 0xFEE3, 0xFEE3, 0xFEE3,
  0xFEE3, 0xFEE3, 0xFEE3, 0xFEE3, 0xFEE3, 0xFF03, 0xFF03, 0xFEE3, 0xFF03, 0xFEE3, 0xFEE3, 0xFEE3,
  0xFEE3, 0xFEE3, 0xFEE3, 0xFEE3, 0xFEE3, 0xFEE3, 0xFEE3, 0xFEE3, 0xFF03, 0xFEE3, 0xFF03, 0xFEE3,
  0xFEE3, 0xFEE3, 0xFEE3, 0xFEE3, 0xFF03, 0xFE22, 0xFE22, 0xFE02, 0xFE02, 0xFE22, 0xFE22, 0xFE22,
  0xFE22, 0xFE22, 0xFE22, 0xFE22, 0xFE22, 0xFE22, 0xFE22, 0xD420, 0xD420, 0xD420, 0x0000, 0x0000,
  0x0000, 0x0000, 0x0000, 0x0000, 0x0000, 0x0000, 0x0000, 0x0000, 0x0000, 0x0000, 0x0000, 0x0000,
  0x0000, 0x0000, 0x0000, 0x0000, 0x0000, 0x0000, 0x0000, 0x0000, 0x0000, 0x0000, 0x0000, 0x0000,
  0x0000, 0x0000, 0x0000, 0x0000, 0x0000, 0x0000, 0x0000, 0x0000, 0x0000, 0x0000, 0x0000, 0x0000,
  0x0000, 0x0000, 0x0000, 0x0000, 0x0000, 0x0000, 0x0000, 0x0000, 0x0000, 0x0000, 0x0000, 0x0000,
  0x0000, 0x0000, 0x0000, 0x0000, 0x0000, 0x0000, 0x0000, 0x0000, 0x0000, 0x0000, 0x0000, 0x0000,
  0x0000, 0x0000, 0x0000, 0x0000, 0x0000, 0x0000, 0x0000, 0x0000, 0x0000, 0x0000, 0x0000, 0x0000,
  0x0000, 0x0000, 0x0000, 0x0000, 0x0000, 0x0000, 0x0000, 0x0000, 0x0000, 0x0000, 0x0000, 0x0000,
  0x0000, 0x0000, 0x0000, 0x0000, 0x0000, 0x0000, 0x0000, 0x0000, 0x0000, 0x0000, 0x0000, 0x0000,
  0x0000, 0x0000, 0x0000, 0x0000, 0x0000, 0x0000, 0x0000, 0x0000, 0x0000, 0x0000, 0x0000, 0x0000,
  0x0000, 0x0000, 0x0000, 0x0000, 0x0000, 0x0000, 0x0000, 0x0000, 0x0000, 0x0000, 0x0000, 0x0000,
  0x0000, 0x0000, 0x0000, 0x0000, 0x0000, 0x0000, 0x0000, 0x0000, 0x0000, 0x0000, 0x0000, 0x0000,
  0x0000, 0x0000, 0x0000, 0x0000, 0x0000, 0x0000, 0x0000, 0x0000, 0x0000, 0x0000, 0x0000, 0x0000,
  0x0000, 0x0000, 0x0000, 0x0000, 0x0000, 0x0000, 0x0000, 0x0000, 0x0000, 0x0000, 0x0000, 0x0000,
  0x0000, 0x0000, 0x0000, 0x0000, 0x0000, 0xCCE0, 0xED80, 0xF5A0, 0xED80, 0xFEE3, 0xFEE3, 0xFEE3,
  0xFEE3, 0xFEE3, 0xFEE3, 0xFEE3, 0xFF72, 0xFF72, 0xFF72, 0xFF72, 0xFF72, 0xFF72, 0xFF72, 0xFF72,
  0xFF72, 0xFF73, 0xFF73, 0xFF73, 0xFEE1, 0xFEE3, 0xFEE3, 0xFEE3, 0xFEE3, 0xFEE3, 0xFEE3, 0xFEE3,
  0xFEE3, 0xFF03, 0xFEE3, 0xFEE3, 0xFEE3, 0xFEE3, 0xFEE3, 0xFEE3, 0xFEE3, 0xFEE3, 0xFEE3, 0xFEE3,
  0xFEE3, 0xFEE3, 0xFEE3, 0xFF03, 0xFEE3, 0xFEE3, 0xFEE3, 0xFEE3, 0xFF03, 0xFEE3, 0xFEE3, 0xFEE3,
  0xFF03, 0xFEE3, 0xFEE3, 0xFEE3, 0xFF03, 0xFE22, 0xFE02, 0xFE22, 0xFE02, 0xFE22, 0xFE22, 0xFE22,
  0xFE22, 0xFE22, 0xFE22, 0xFE22, 0xFE22, 0xFE22, 0xFE22, 0xD400, 0xD420, 0xD420, 0x0000, 0x0000,
  0x0000, 0x0000, 0x0000, 0x0000, 0x0000, 0x0000, 0x0000, 0x0000, 0x0000, 0x0000, 0x0000, 0x0000,
  0x0000, 0x0000, 0x0000, 0x0000, 0x0000, 0x0000, 0x0000, 0x0000, 0x0000, 0x0000, 0x0000, 0x0000,
  0x0000, 0x0000, 0x0000, 0x0000, 0x0000, 0x0000, 0x0000, 0x0000, 0x0000, 0x0000, 0x0000, 0x0000,
  0x0000, 0x0000, 0x0000, 0x0000, 0x0000, 0x0000, 0x0000, 0x0000, 0x0000, 0x0000, 0x0000, 0x0000,
  0x0000, 0x0000, 0x0000, 0x0000, 0x0000, 0x0000, 0x0000, 0x0000, 0x0000, 0x0000, 0x0000, 0x0000,
  0x0000, 0x0000, 0x0000, 0x0000, 0x0000, 0x0000, 0x0000, 0x0000, 0x0000, 0x0000, 0x0000, 0x0000,
  0x0000, 0x0000, 0x0000, 0x0000, 0x0000, 0x0000, 0x0000, 0x0000, 0x0000, 0x0000, 0x0000, 0x0000,
  0x0000, 0x0000, 0x0000, 0x0000, 0x0000, 0x0000, 0x0000, 0x0000, 0x0000, 0x0000, 0x0000, 0x0000,
  0x0000, 0x0000, 0x0000, 0x0000, 0x0000, 0x0000, 0x0000, 0x0000, 0x0000, 0x0000, 0x0000, 0x0000,
  0x0000, 0x0000, 0x0000, 0x0000, 0x0000, 0x0000, 0x0000, 0x0000, 0x0000, 0x0000, 0x0000, 0x0000,
  0x0000, 0x0000, 0x0000, 0x0000, 0x0000, 0x0000, 0x0000, 0x0000, 0x0000, 0x0000, 0x0000, 0x0000,
  0x0000, 0x0000, 0x0000, 0x0000, 0x0000, 0x0000, 0x0000, 0x0000, 0x0000, 0x0000, 0x0000, 0x0000,
  0x0000, 0x0000, 0x0000, 0x0000, 0x0000, 0x0000, 0x0000, 0x0000, 0x0000, 0x0000, 0x0000, 0x0000,
  0x0000, 0x0000, 0x0000, 0x0000, 0x0000, 0xCD00, 0xED80, 0xF580, 0xF580, 0xFEE3, 0xFEE3, 0xFEE3,
  0xFEE3, 0xFEE3, 0xFEE3, 0xFEE3, 0xFF72, 0xFF72, 0xFF72, 0xFF72, 0xFF72, 0xFF72, 0xFF72, 0xFF73,
  0xFF73, 0xFF73, 0xFF73, 0xFF72, 0xFEE1, 0xFEE3, 0xFEE3, 0xFEE3, 0xFEE3, 0xFEE3, 0xFEE3, 0xFEE3,
  0xFEE3, 0xFEE3, 0xFEE3, 0xFEE3, 0xFEE3, 0xFEE3, 0xFEE3, 0xFEE3, 0xFEE3, 0xFEE3, 0xFEE3, 0xFEE3,
  0xFF03, 0xFEE3, 0xFEE3, 0xFEE3, 0xFF03, 0xFEE3, 0xFEE3, 0xFEE3, 0xFEE3, 0xFEE3, 0xFF03, 0xFEE3,
  0xFEE3, 0xFF03, 0xFEE3, 0xFEE3, 0xFF03, 0xFE22, 0xFE22, 0xFE22, 0xFE22, 0xFE22, 0xFE22, 0xFE22,
  0xFE22, 0xFE22, 0xFE22, 0xFE22, 0xFE22, 0xFE22, 0xFE22, 0xD420, 0xD420, 0xD420, 0x0000, 0x0000,
  0x0000, 0x0000, 0x0000, 0x0000, 0x0000, 0x0000, 0x0000, 0x0000, 0x0000, 0x0000, 0x0000, 0x0000,
  0x0000, 0x0000, 0x0000, 0x0000, 0x0000, 0x0000, 0x0000, 0x0000, 0x0000, 0x0000, 0x0000, 0x0000,
  0x0000, 0x0000, 0x0000, 0x0000, 0x0000, 0x0000, 0x0000, 0x0000, 0x0000, 0x0000, 0x0000, 0x0000,
  0x0000, 0x0000, 0x0000, 0x0000, 0x0000, 0x0000, 0x0000, 0x0000, 0x0000, 0x0000, 0x0000, 0x0000,
  0x0000, 0x0000, 0x0000, 0x0000, 0x0000, 0x0000, 0x0000, 0x0000, 0x0000, 0x0000, 0x0000, 0x0000,
  0x0000, 0x0000, 0x0000, 0x0000, 0x0000, 0x0000, 0x0000, 0x0000, 0x0000, 0x0000, 0x0000, 0x0000,
  0x0000, 0x0000, 0x0000, 0x0000, 0x0000, 0x0000, 0x0000, 0x0000, 0x0000, 0x0000, 0x0000, 0x0000,
  0x0000, 0x0000, 0x0000, 0x0000, 0x0000, 0x0000, 0x0000, 0x0000, 0x0000, 0x0000, 0x0000, 0x0000,
  0x0000, 0x0000, 0x0000, 0x0000, 0x0000, 0x0000, 0x0000, 0x0000, 0x0000, 0x0000, 0x0000, 0x0000,
  0x0000, 0x0000, 0x0000, 0x0000, 0x0000, 0x0000, 0x0000, 0x0000, 0x0000, 0x0000, 0x0000, 0x0000,
  0x0000, 0x0000, 0x0000, 0x0000, 0x0000, 0x0000, 0x0000, 0x0000, 0x0000, 0x0000, 0x0000, 0x0000,
  0x0000, 0x0000, 0x0000, 0x0000, 0x0000, 0x0000, 0x0000, 0x0000, 0x0000, 0x0000, 0x0000, 0x0000,
  0x0000, 0x0000, 0x0000, 0x0000, 0x0000, 0x0000, 0x0000, 0x0000, 0x0000, 0x0000, 0x0000, 0x0000,
  0x0000, 0x0000, 0x0000, 0x0000, 0x0000, 0xCD00, 0xED80, 0xED80, 0xED80, 0xFEE3, 0xFEE3, 0xFEE3,
  0xFEE3, 0xFEE3, 0xFEE3, 0xFEE3, 0xFF72, 0xFF72, 0xFF72, 0xFF72, 0xFF72, 0xFF72, 0xFF73, 0xFF73,
  0xFF73, 0xFF72, 0xFF72, 0xFF72, 0xFEE1, 0xFEE3, 0xFEE3, 0xFEE3, 0xFEE3, 0xFEE3, 0xFEE3, 0xFEE3,
  0xFEE3, 0xFEE3, 0xFEE3, 0xFEE3, 0xFEE3, 0xFEE3, 0xFEE3, 0xFEE3, 0xFEE3, 0xFEE3, 0xFF03, 0xFEE3,
  0xFEE3, 0xFF03, 0xFEE3, 0xFF03, 0xFEE3, 0xFEE3, 0xFF03, 0xFEE3, 0xFF03, 0xFF03, 0xFEE3, 0xFEE3,
  0xFEE3, 0xFEE3, 0xFEE3, 0xFEE3, 0xFF03, 0xFE22, 0xFE02, 0xFE22, 0xFE22, 0xFE22, 0xFE22, 0xFE22,
  0xFE22, 0xFE22, 0xFE22, 0xFE22, 0xFE22, 0xFE22, 0xFE02, 0xD420, 0xCC20, 0xD440, 0x0000, 0x0000,
  0x0000, 0x0000, 0x0000, 0x0000, 0x0000, 0x0000, 0x0000, 0x0000, 0x0000, 0x0000, 0x0000, 0x0000,
  0x0000, 0x0000, 0x0000, 0x0000, 0x0000, 0x0000, 0x0000, 0x0000, 0x0000, 0x0000, 0x0000, 0x0000,
  0x0000, 0x0000, 0x0000, 0x0000, 0x0000, 0x0000, 0x0000, 0x0000, 0x0000, 0x0000, 0x0000, 0x0000,
  0x0000, 0x0000, 0x0000, 0x0000, 0x0000, 0x0000, 0x0000, 0x0000, 0x0000, 0x0000, 0x0000, 0x0000,
  0x0000, 0x0000, 0x0000, 0x0000, 0x0000, 0x0000, 0x0000, 0x0000, 0x0000, 0x0000, 0x0000, 0x0000,
  0x0000, 0x0000, 0x0000, 0x0000, 0x0000, 0x0000, 0x0000, 0x0000, 0x0000, 0x0000, 0x0000, 0x0000,
  0x0000, 0x0000, 0x0000, 0x0000, 0x0000, 0x0000, 0x0000, 0x0000, 0x0000, 0x0000, 0x0000, 0x0000,
  0x0000, 0x0000, 0x0000, 0x0000, 0x0000, 0x0000, 0x0000, 0x0000, 0x0000, 0x0000, 0x0000, 0x0000,
  0x0000, 0x0000, 0x0000, 0x0000, 0x0000, 0x0000, 0x0000, 0x0000, 0x0000, 0x0000, 0x0000, 0x0000,
  0x0000, 0x0000, 0x0000, 0x0000, 0x0000, 0x0000, 0x0000, 0x0000, 0x0000, 0x0000, 0x0000, 0x0000,
  0x0000, 0x0000, 0x0000, 0x0000, 0x0000, 0x0000, 0x0000, 0x0000, 0x0000, 0x0000, 0x0000, 0x0000,
  0x0000, 0x0000, 0x0000, 0x0000, 0x0000, 0x0000, 0x0000, 0x0000, 0x0000, 0x0000, 0x0000, 0x0000,
  0x0000, 0x0000, 0x0000, 0x0000, 0x0000, 0x0000, 0x0000, 0x0000, 0x0000, 0x0000, 0x0000, 0x0000,
  0x0000, 0x0000, 0x0000, 0x0000, 0x0000, 0xCD00, 0xED80, 0xED80, 0xED80, 0xFEE3, 0xFEE3, 0xFEE3,
  0xFEE3, 0xFEE3, 0xFEE3, 0xFEE3, 0xFF72, 0xFF72, 0xFF72, 0xFF72, 0xFF72, 0xFF72, 0xFF73, 0xFF73,
  0xFF72, 0xFF73, 0xFF72, 0xFF72, 0xFEE2, 0xFEE3, 0xFF03, 0xFEE3, 0xFEE3, 0xFEE3, 0xFEE3, 0xFEE3,
  0xFEE3, 0xFF03, 0xFEE3, 0xFEE3, 0xFEE3, 0xFEE3, 0xFF03, 0xFEE3, 0xFF03, 0xFF03, 0xFF03, 0xFEE3,
  0xFEE3, 0xFEE3, 0xFEE3, 0xFEE3, 0xFF03, 0xFEE3, 0xFEE3, 0xFF03, 0xFF03, 0xFEE3, 0xFF03, 0xFEE3,
  0xFF03, 0xFEE3, 0xFEE3, 0xFEE3, 0xFF03, 0xFE22, 0xFE02, 0xFE02, 0xFE22, 0xFE22, 0xFE22, 0xFE22,
  0xFE22, 0xFE22, 0xFE22, 0xFE22, 0xFE22, 0xFE22, 0xFE02, 0xD420, 0xD420, 0xD440, 0x0000, 0x0000,
  0x0000, 0x0000, 0x0000, 0x0000, 0x0000, 0x0000, 0x0000, 0x0000, 0x0000, 0x0000, 0x0000, 0x0000,
  0x0000, 0x0000, 0x0000, 0x0000, 0x0000, 0x0000, 0x0000, 0x0000, 0x0000, 0x0000, 0x0000, 0x0000,
  0x0000, 0x0000, 0x0000, 0x0000, 0x0000, 0x0000, 0x0000, 0x0000, 0x0000, 0x0000, 0x0000, 0x0000,
  0x0000, 0x0000, 0x0000, 0x0000, 0x0000, 0x0000, 0x0000, 0x0000, 0x0000, 0x0000, 0x0000, 0x0000,
  0x0000, 0x0000, 0x0000, 0x0000, 0x0000, 0x0000, 0x0000, 0x0000, 0x0000, 0x0000, 0x0000, 0x0000,
  0x0000, 0x0000, 0x0000, 0x0000, 0x0000, 0x0000, 0x0000, 0x0000, 0x0000, 0x0000, 0x0000, 0x0000,
  0x0000, 0x0000, 0x0000, 0x0000, 0x0000, 0x0000, 0x0000, 0x0000, 0x0000, 0x0000, 0x0000, 0x0000,
  0x0000, 0x0000, 0x0000, 0x0000, 0x0000, 0x0000, 0x0000, 0x0000, 0x0000, 0x0000, 0x0000, 0x0000,
  0x0000, 0x0000, 0x0000, 0x0000, 0x0000, 0x0000, 0x0000, 0x0000, 0x0000, 0x0000, 0x0000, 0x0000,
  0x0000, 0x0000, 0x0000, 0x0000, 0x0000, 0x0000, 0x0000, 0x0000, 0x0000, 0x0000, 0x0000, 0x0000,
  0x0000, 0x0000, 0x0000, 0x0000, 0x0000, 0x0000, 0x0000, 0x0000, 0x0000, 0x0000, 0x0000, 0x0000,
  0x0000, 0x0000, 0x0000, 0x0000, 0x0000, 0x0000, 0x0000, 0x0000, 0x0000, 0x0000, 0x0000, 0x0000,
  0x0000, 0x0000, 0x0000, 0x0000, 0x0000, 0x0000, 0x0000, 0x0000, 0x0000, 0x0000, 0x0000, 0x0000,
  0x0000, 0x0000, 0x0000, 0x0000, 0x0000, 0xCD00, 0xED80, 0xED80, 0xED80, 0xFEE3, 0xFEE3, 0xFEE3,
  0xFEE3, 0xFEE3, 0xFEE3, 0xFEE3, 0xFF72, 0xFF72, 0xFF73, 0xFF73, 0xFF73, 0xFF72, 0xFF72, 0xFF72,
  0xFF73, 0xFF73, 0xFF73, 0xFF73, 0xFEE3, 0xFEE3, 0xFEE3, 0xFEE3, 0xFEE3, 0xFEE3, 0xFEE3, 0xFEE3,
  0xFEE3, 0xFEE3, 0xFEE3, 0xFEE3, 0xFEE3, 0xFEE3, 0xFEE3, 0xFF03, 0xFEE3, 0xFF03, 0xFEE3, 0xFF03,
  0xFEE3, 0xFEE3, 0xFEE3, 0xFF03, 0xFEE3, 0xFF03, 0xFF03, 0xFF03, 0xFEE3, 0xFF03, 0xFF03, 0xFEE3,
  0xFEE3, 0xFEE3, 0xFF03, 0xFEE3, 0xFF03, 0xFE22, 0xFE22, 0xFE02, 0xFE22, 0xFE22, 0xFE22, 0xFE22,
  0xFE22, 0xFE22, 0xFE22, 0xFE22, 0xFE22, 0xFE22, 0xFE22, 0xCC20, 0xD440, 0xD440, 0x0000, 0x0000,
  0x0000, 0x0000, 0x0000, 0x0000, 0x0000, 0x0000, 0x0000, 0x0000, 0x0000, 0x0000, 0x0000, 0x0000,
  0x0000, 0x0000, 0x0000, 0x0000, 0x0000, 0x0000, 0x0000, 0x0000, 0x0000, 0x0000, 0x0000, 0x0000,
  0x0000, 0x0000, 0x0000, 0x0000, 0x0000, 0x0000, 0x0000, 0x0000, 0x0000, 0x0000, 0x0000, 0x0000,
  0x0000, 0x0000, 0x0000, 0x0000, 0x0000, 0x0000, 0x0000, 0x0000, 0x0000, 0x0000, 0x0000, 0x0000,
  0x0000, 0x0000, 0x0000, 0x0000, 0x0000, 0x0000, 0x0000, 0x0000, 0x0000, 0x0000, 0x0000, 0x0000,
  0x0000, 0x0000, 0x0000, 0x0000, 0x0000, 0x0000, 0x0000, 0x0000, 0x0000, 0x0000, 0x0000, 0x0000,
  0x0000, 0x0000, 0x0000, 0x0000, 0x0000, 0x0000, 0x0000, 0x0000, 0x0000, 0x0000, 0x0000, 0x0000,
  0x0000, 0x0000, 0x0000, 0x0000, 0x0000, 0x0000, 0x0000, 0x0000, 0x0000, 0x0000, 0x0000, 0x0000,
  0x0000, 0x0000, 0x0000, 0x0000, 0x0000, 0x0000, 0x0000, 0x0000, 0x0000, 0x0000, 0x0000, 0x0000,
  0x0000, 0x0000, 0x0000, 0x0000, 0x0000, 0x0000, 0x0000, 0x0000, 0x0000, 0x0000, 0x0000, 0x0000,
  0x0000, 0x0000, 0x0000, 0x0000, 0x0000, 0x0000, 0x0000, 0x0000, 0x0000, 0x0000, 0x0000, 0x0000,
  0x0000, 0x0000, 0x0000, 0x0000, 0x0000, 0x0000, 0x0000, 0x0000, 0x0000, 0x0000, 0x0000, 0x0000,
  0x0000, 0x0000, 0x0000, 0x0000, 0x0000, 0x0000, 0x0000, 0x0000, 0x0000, 0x0000, 0x0000, 0x0000,
  0x0000, 0x0000, 0x0000, 0x0000, 0x0000, 0xCCE0, 0xED80, 0xED80, 0xED60, 0xFEE3, 0xFEE3, 0xFEE3,
  0xFEE3, 0xFEE3, 0xFEE3, 0xFEE3, 0xFF72, 0xFF72, 0xFF72, 0xFF72, 0xFF72, 0xFF73, 0xFF73, 0xFF72,
  0xFF73, 0xFF73, 0xFF73, 0xFF73, 0xFEE3, 0xFEE3, 0xFEE3, 0xFEE3, 0xFEE3, 0xFEE3, 0xFEE3, 0xFEE3,
  0xFEE3, 0xFEE3, 0xFEE3, 0xFEE3, 0xFEE3, 0xFF03, 0xFEE3, 0xFEE3, 0xFEE3, 0xFEE3, 0xFEE3, 0xFEE3,
  0xFEE3, 0xFEE3, 0xFEE3, 0xFEE3, 0xFEE3, 0xFF03, 0xFEE3, 0xFF03, 0xFEE3, 0xFEE3, 0xFEE3, 0xFEE3,
  0xFEE3, 0xFEE3, 0xFEE3, 0xFEE3, 0xFF03, 0xFE02, 0xFE22, 0xFE02, 0xFE02, 0xFE22, 0xFE22, 0xFE22,
  0xFE22, 0xFE22, 0xFE22, 0xFE22, 0xFE22, 0xFE22, 0xFE02, 0xCC20, 0xD440, 0xD440, 0x0000, 0x0000,
  0x0000, 0x0000, 0x0000, 0x0000, 0x0000, 0x0000, 0x0000, 0x0000, 0x0000, 0x0000, 0x0000, 0x0000,
  0x0000, 0x0000, 0x0000, 0x0000, 0x0000, 0x0000, 0x0000, 0x0000, 0x0000, 0x0000, 0x0000, 0x0000,
  0x0000, 0x0000, 0x0000, 0x0000, 0x0000, 0x0000, 0x0000, 0x0000, 0x0000, 0x0000, 0x0000, 0x0000,
  0x0000, 0x0000, 0x0000, 0x0000, 0x0000, 0x0000, 0x0000, 0x0000, 0x0000, 0x0000, 0x0000, 0x0000,
  0x0000, 0x0000, 0x0000, 0x0000, 0x0000, 0x0000, 0x0000, 0x0000, 0x0000, 0x0000, 0x0000, 0x0000,
  0x0000, 0x0000, 0x0000, 0x0000, 0x0000, 0x0000, 0x0000, 0x0000, 0x0000, 0x0000, 0x0000, 0x0000,
  0x0000, 0x0000, 0x0000, 0x0000, 0x0000, 0x0000, 0x0000, 0x0000, 0x0000, 0x0000, 0x0000, 0x0000,
  0x0000, 0x0000, 0x0000, 0x0000, 0x0000, 0x0000, 0x0000, 0x0000, 0x0000, 0x0000, 0x0000, 0x0000,
  0x0000, 0x0000, 0x0000, 0x0000, 0x0000, 0x0000, 0x0000, 0x0000, 0x0000, 0x0000, 0x0000, 0x0000,
  0x0000, 0x0000, 0x0000, 0x0000, 0x0000, 0x0000, 0x0000, 0x0000, 0x0000, 0x0000, 0x0000, 0x0000,
  0x0000, 0x0000, 0x0000, 0x0000, 0x0000, 0x0000, 0x0000, 0x0000, 0x0000, 0x0000, 0x0000, 0x0000,
  0x0000, 0x0000, 0x0000, 0x0000, 0x0000, 0x0000, 0x0000, 0x0000, 0x0000, 0x0000, 0x0000, 0x0000,
  0x0000, 0x0000, 0x0000, 0x0000, 0x0000, 0x0000, 0x0000, 0x0000, 0x0000, 0x0000, 0x0000, 0x0000,
  0x0000, 0x0000, 0x0000, 0x0000, 0x0000, 0xCD00, 0xED80, 0xED80, 0xED60, 0xFEE3, 0xFEE3, 0xFEE3,
  0xFEE3, 0xFEE3, 0xFEE3, 0xFEE3, 0xFF72, 0xFF72, 0xFF72, 0xFF72, 0xFF73, 0xFF73, 0xFF73, 0xFF73,
  0xFF73, 0xFF73, 0xFF73, 0xFF72, 0xFF02, 0xFEE3, 0xFEE4, 0xFEE3, 0xFEE3, 0xFEE3, 0xFEE3, 0xFEE3,
  0xFEE3, 0xFEE3, 0xFF03, 0xFEE3, 0xFEE3, 0xFEE3, 0xFEE3, 0xFEE3, 0xFF03, 0xFEE3, 0xFEE3, 0xFEE3,
  0xFEE3, 0xFEE3, 0xFF03, 0xFEE3, 0xFEE3, 0xFF03, 0xFEE3, 0xFF03, 0xFF03, 0xFEE3, 0xFEE3, 0xFEE3,
  0xFEE3, 0xFF03, 0xFEE3, 0xFEE3, 0xFF03, 0xFE22, 0xFE22, 0xFE02, 0xFE22, 0xFE22, 0xFE22, 0xFE22,
  0xFE22, 0xFE22, 0xFE22, 0xFE22, 0xFE22, 0xFE22, 0xFE02, 0xD440, 0xDC60, 0xD460, 0x0000, 0x0000,
  0x0840, 0x0000, 0x0000, 0x0000, 0x0000, 0x0000, 0x0000, 0x0000, 0x0000, 0x0000, 0x0000, 0x0000,
  0x0000, 0x0000, 0x0000, 0x0000, 0x0000, 0x0000, 0x0000, 0x0000, 0x0000, 0x0000, 0x0000, 0x0000,
  0x0000, 0x0000, 0x0000, 0x0000, 0x0000, 0x0000, 0x0000, 0x0000, 0x0000, 0x0000, 0x0000, 0x0000,
  0x0000, 0x0000, 0x0000, 0x0000, 0x0000, 0x0000, 0x0000, 0x0000, 0x0000, 0x0000, 0x0000, 0x0000,
  0x0000, 0x0000, 0x0000, 0x0000, 0x0000, 0x0000, 0x0000, 0x0000, 0x0000, 0x0000, 0x0000, 0x0000,
  0x0000, 0x0000, 0x0000, 0x0000, 0x0000, 0x0000, 0x0000, 0x0000, 0x0000, 0x0000, 0x0000, 0x0000,
  0x0000, 0x0000, 0x0000, 0x0000, 0x0000, 0x0000, 0x0000, 0x0000, 0x0000, 0x0000, 0x0000, 0x0000,
  0x0000, 0x0000, 0x0000, 0x0000, 0x0000, 0x0000, 0x0000, 0x0000, 0x0000, 0x0000, 0x0000, 0x0000,
  0x0000, 0x0000, 0x0000, 0x0000, 0x0000, 0x0000, 0x0000, 0x0000, 0x0000, 0x0000, 0x0000, 0x0000,
  0x0000, 0x0000, 0x0000, 0x0000, 0x0000, 0x0000, 0x0000, 0x0000, 0x0000, 0x0000, 0x0000, 0x0000,
  0x0000, 0x0000, 0x0000, 0x0000, 0x0000, 0x0000, 0x0000, 0x0000, 0x0000, 0x0000, 0x0000, 0x0000,
  0x0000, 0x0000, 0x0000, 0x0000, 0x0000, 0x0000, 0x0000, 0x0000, 0x0000, 0x0000, 0x0000, 0x0000,
  0x0000, 0x0000, 0x0000, 0x0000, 0x0000, 0x0000, 0x0000, 0x0000, 0x0000, 0x0000, 0x0000, 0x0000,
  0x0000, 0x0000, 0x0000, 0x0000, 0x0000, 0xCD00, 0xED80, 0xED80, 0xED60, 0xFEE2, 0xFEE3, 0xFEE3,
  0xFEE3, 0xFEE3, 0xFEE3, 0xFEE3, 0xFF72, 0xFF72, 0xFF72, 0xFF73, 0xFF72, 0xFF73, 0xFF72, 0xFF72,
  0xFF73, 0xFF73, 0xFF73, 0xFF73, 0xFF72, 0xFF71, 0xFF73, 0xFF4F, 0xFEE3, 0xFEE3, 0xFEE3, 0xFEE3,
  0xFEE3, 0xFEE3, 0xFEE3, 0xFEE3, 0xFEE3, 0xFEE3, 0xFEE3, 0xFEE3, 0xFEE3, 0xFEE3, 0xFEE3, 0xFEE3,
  0xFEE3, 0xFEE3, 0xFEE3, 0xFEE3, 0xFEE3, 0xFEE3, 0xFEE3, 0xFEE3, 0xFF03, 0xFEE3, 0xFEE3, 0xFF03,
  0xFEE3, 0xFF03, 0xFEE3, 0xFEE3, 0xFF03, 0xFE22, 0xFE02, 0xFE02, 0xFE22, 0xFE22, 0xFE22, 0xFE22,
  0xFE22, 0xFE22, 0xFE22, 0xFE22, 0xFE22, 0xFE22, 0xFE02, 0xFE22, 0xFE22, 0xFE22, 0xCC00, 0xCC20,
  0xDC60, 0x1060, 0x0000, 0x0000, 0x0000, 0x0000, 0x0000, 0x0000, 0x0000, 0x0000, 0x0000, 0x0000,
  0x0000, 0x0000, 0x0000, 0x0000, 0x0000, 0x0000, 0x0000, 0x0000, 0x0000, 0x0000, 0x0000, 0x0000,
  0x0000, 0x0000, 0x0000, 0x0000, 0x0000, 0x0000, 0x0000, 0x0000, 0x0000, 0x0000, 0x0000, 0x0000,
  0x0000, 0x0000, 0x0000, 0x0000, 0x0000, 0x0000, 0x0000, 0x0000, 0x0000, 0x0000, 0x0000, 0x0000,
  0x0000, 0x0000, 0x0000, 0x0000, 0x0000, 0x0000, 0x0000, 0x0000, 0x0000, 0x0000, 0x0000, 0x0000,
  0x0000, 0x0000, 0x0000, 0x0000, 0x0000, 0x0000, 0x0000, 0x0000, 0x0000, 0x0000, 0x0000, 0x0000,
  0x0000, 0x0000, 0x0000, 0x0000, 0x0000, 0x0000, 0x0000, 0x0000, 0x0000, 0x0000, 0x0000, 0x0000,
  0x0000, 0x0000, 0x0000, 0x0000, 0x0000, 0x0000, 0x0000, 0x0000, 0x0000, 0x0000, 0x0000, 0x0000,
  0x0000, 0x0000, 0x0000, 0x0000, 0x0000, 0x0000, 0x0000, 0x0000, 0x0000, 0x0000, 0x0000, 0x0000,
  0x0000, 0x0000, 0x0000, 0x0000, 0x0000, 0x0000, 0x0000, 0x0000, 0x0000, 0x0000, 0x0000, 0x0000,
  0x0000, 0x0000, 0x0000, 0x0000, 0x0000, 0x0000, 0x0000, 0x0000, 0x0000, 0x0000, 0x0000, 0x0000,
  0x0000, 0x0000, 0x0000, 0x0000, 0x0000, 0x0000, 0x0000, 0x0000, 0x0000, 0x0000, 0x0000, 0x0000,
  0x0000, 0x0000, 0x0000, 0x0000, 0x0000, 0x0000, 0x0000, 0x0000, 0x0000, 0x0000, 0x0000, 0x0000,
  0x0000, 0x0000, 0x0000, 0x0000, 0x0000, 0xCCE0, 0xED80, 0xED80, 0xED60, 0xFEE3, 0xFEE3, 0xFEE3,
  0xFEE3, 0xFEE3, 0xFEE3, 0xFEE3, 0xFF72, 0xFF72, 0xFF73, 0xFF73, 0xFF73, 0xFF73, 0xFF73, 0xFF73,
  0xFF73, 0xFF73, 0xFF73, 0xFF73, 0xFF72, 0xFF72, 0xFF72, 0xFF2E, 0xFEE3, 0xFEE3, 0xFEE3, 0xFEE3,
  0xFEE3, 0xFEE3, 0xFEE3, 0xFEE3, 0xFEE3, 0xFEE3, 0xFEE3, 0xFF03, 0xFEE3, 0xFEE3, 0xFEE3, 0xFEE3,
  0xFEE3, 0xFEE3, 0xFEE3, 0xFEE3, 0xFF03, 0xFEE3, 0xFEE3, 0xFEE3, 0xFEE3, 0xFF03, 0xFF03, 0xFF03,
  0xFF03, 0xFF03, 0xFF03, 0xFEE3, 0xFF03, 0xFE22, 0xFE02, 0xFE02, 0xFE22, 0xFE22, 0xFE22, 0xFE22,
  0xFE22, 0xFE22, 0xFE22, 0xFE22, 0xFE22, 0xFE22, 0xFE22, 0xFE22, 0xFE22, 0xFE22, 0xCC20, 0xD440,
  0xD440, 0x1060, 0x0000, 0x0000, 0x0000, 0x0000, 0x0000, 0x0000, 0x0000, 0x0000, 0x0000, 0x0000,
  0x0000, 0x0000, 0x0000, 0x0000, 0x0000, 0x0000, 0x0000, 0x0000, 0x0000, 0x0000, 0x0000, 0x0000,
  0x0000, 0x0000, 0x0000, 0x0000, 0x0000, 0x0000, 0x0000, 0x0000, 0x0000, 0x0000, 0x0000, 0x0000,
  0x0000, 0x0000, 0x0000, 0x0000, 0x0000, 0x0000, 0x0000, 0x0000, 0x0000, 0x0000, 0x0000, 0x0000,
  0x0000, 0x0000, 0x0000, 0x0000, 0x0000, 0x0000, 0x0000, 0x0000, 0x0000, 0x0000, 0x0000, 0x0000,
  0x0000, 0x0000, 0x0000, 0x0000, 0x0000, 0x0000, 0x0000, 0x0000, 0x0000, 0x0000, 0x0000, 0x0000,
  0x0000, 0x0000, 0x0000, 0x0000, 0x0000, 0x0000, 0x0000, 0x0000, 0x0000, 0x0000, 0x0000, 0x0000,
  0x0000, 0x0000, 0x0000, 0x0000, 0x0000, 0x0000, 0x0000, 0x0000, 0x0000, 0x0000, 0x0000, 0x0000,
  0x0000, 0x0000, 0x0000, 0x0000, 0x0000, 0x0000, 0x0000, 0x0000, 0x0000, 0x0000, 0x0000, 0x0000,
  0x0000, 0x0000, 0x0000, 0x0000, 0x0000, 0x0000, 0x0000, 0x0000, 0x0000, 0x0000, 0x0000, 0x0000,
  0x0000, 0x0000, 0x0000, 0x0000, 0x0000, 0x0000, 0x0000, 0x0000, 0x0000, 0x0000, 0x0000, 0x0000,
  0x0000, 0x0000, 0x0000, 0x0000, 0x0000, 0x0000, 0x0000, 0x0000, 0x0000, 0x0000, 0x0000, 0x0000,
  0x0000, 0x0000, 0x0000, 0x0000, 0x0000, 0x0000, 0x0000, 0x0000, 0x0000, 0x0000, 0x0000, 0x0000,
  0x0000, 0x0000, 0x0000, 0x0000, 0x0000, 0xCCE0, 0xED80, 0xED80, 0xED60, 0xFEE3, 0xFEE3, 0xFEE3,
  0xFEE3, 0xFF03, 0xFEE3, 0xFEE3, 0xFF72, 0xFF72, 0xFF72, 0xFF73, 0xFF73, 0xFF73, 0xFF73, 0xFF73,
  0xFF73, 0xFF73, 0xFF73, 0xFF73, 0xFF72, 0xFF73, 0xFF73, 0xFF2E, 0xFEE3, 0xFEE3, 0xFEE3, 0xFEE3,
  0xFEE3, 0xFEE3, 0xFEE3, 0xFEE3, 0xFEE3, 0xFEE3, 0xFEE3, 0xFEE3, 0xFEE3, 0xFEE3, 0xFEE3, 0xFEE3,
  0xFEE3, 0xFEE3, 0xFEE3, 0xFEE3, 0xFF03, 0xFEE3, 0xFEE3, 0xFF03, 0xFEE3, 0xFF03, 0xFF03, 0xFEE3,
  0xFEE3, 0xFF03, 0xFEE3, 0xFEE3, 0xFF03, 0xFE22, 0xFE02, 0xFE02, 0xFE02, 0xFE22, 0xFE22, 0xFE22,
  0xFE22, 0xFE22, 0xFE22, 0xFE22, 0xFE22, 0xFE22, 0xFE22, 0xFE22, 0xFE22, 0xFE02, 0xCC20, 0xD440,
  0xD420, 0x0840, 0x0000, 0x0000, 0x0000, 0x0000, 0x0000, 0x0000, 0x0000, 0x0000, 0x0000, 0x0000,
  0x0000, 0x0000, 0x0000, 0x0000, 0x0000, 0x0000, 0x0000, 0x0000, 0x0000, 0x0000, 0x0000, 0x0000,
  0x0000, 0x0000, 0x0000, 0x0000, 0x0000, 0x0000, 0x0000, 0x0000, 0x0000, 0x0000, 0x0000, 0x0000,
  0x0000, 0x0000, 0x0000, 0x0000, 0x0000, 0x0000, 0x0000, 0x0000, 0x0000, 0x0000, 0x0000, 0x0000,
  0x0000, 0x0000, 0x0000, 0x0000, 0x0000, 0x0000, 0x0000, 0x0000, 0x0000, 0x0000, 0x0000, 0x0000,
  0x0000, 0x0000, 0x0000, 0x0000, 0x0000, 0x0000, 0x0000, 0x0000, 0x0000, 0x0000, 0x0000, 0x0000,
  0x0000, 0x0000, 0x0000, 0x0000, 0x0000, 0x0000, 0x0000, 0x0000, 0x0000, 0x0000, 0x0000, 0x0000,
  0x0000, 0x0000, 0x0000, 0x0000, 0x0000, 0x0000, 0x0000, 0x0000, 0x0000, 0x0000, 0x0000, 0x0000,
  0x0000, 0x0000, 0x0000, 0x0000, 0x0000, 0x0000, 0x0000, 0x0000, 0x0000, 0x0000, 0x0000, 0x0000,
  0x0000, 0x0000, 0x0000, 0x0000, 0x0000, 0x0000, 0x0000, 0x0000, 0x0000, 0x0000, 0x0000, 0x0000,
  0x0000, 0x0000, 0x0000, 0x0000, 0x0000, 0x0000, 0x0000, 0x0000, 0x0000, 0x0000, 0x0000, 0x0000,
  0x0000, 0x0000, 0x0000, 0x0000, 0x0000, 0x0000, 0x0000, 0x0000, 0x0000, 0x0000, 0x0000, 0x0000,
  0x0000, 0x0000, 0x0000, 0x0000, 0x0000, 0x0000, 0x0000, 0x0000, 0x0000, 0x0000, 0x0000, 0x0000,
  0x0000, 0x0000, 0x0000, 0x0000, 0x0000, 0xD540, 0xED80, 0xED80, 0xED80, 0xFEE3, 0xFEE3, 0xFEE3,
  0xFEE3, 0xFEE3, 0xFEE3, 0xFEE3, 0xFF72, 0xFF72, 0xFF72, 0xFF72, 0xFF72, 0xFF72, 0xFF73, 0xFF72,
  0xFF73, 0xFF73, 0xFF73, 0xFF72, 0xFF72, 0xFF73, 0xFF73, 0xFF4F, 0xFEE3, 0xFEE3, 0xFEE3, 0xFEE3,
  0xFEE3, 0xFEE3, 0xFEE3, 0xFEE3, 0xFEE3, 0xFEE3, 0xFEE3, 0xFEE3, 0xFEE3, 0xFEE3, 0xFEE3, 0xFEE3,
  0xFEE3, 0xFEE3, 0xFEE3, 0xFEE3, 0xFEE3, 0xFEE3, 0xFF03, 0xFEE3, 0xFEE3, 0xFEE3, 0xFF03, 0xFF03,
  0xFF03, 0xFEE3, 0xFEE3, 0xFEE3, 0xFF03, 0xFE22, 0xFE02, 0xFE22, 0xFE02, 0xFE02, 0xFE22, 0xFE22,
  0xFE22, 0xFE22, 0xFE22, 0xFE22, 0xFE22, 0xFE22, 0xFE22, 0xFE22, 0xFE22, 0xFE02, 0xCC20, 0xD440,
  0xD420, 0x0840, 0x0000, 0x0000, 0x0000, 0x0000, 0x0000, 0x0000, 0x0000, 0x0000, 0x0000, 0x0000,
  0x0000, 0x0000, 0x0000, 0x0000, 0x0000, 0x0000, 0x0000, 0x0000, 0x0000, 0x0000, 0x0000, 0x0000,
  0x0000, 0x0000, 0x0000, 0x0000, 0x0000, 0x0000, 0x0000, 0x0000, 0x0000, 0x0000, 0x0000, 0x0000,
  0x0000, 0x0000, 0x0000, 0x0000, 0x0000, 0x0000, 0x0000, 0x0000, 0x0000, 0x0000, 0x0000, 0x0000,
  0x0000, 0x0000, 0x0000, 0x0000, 0x0000, 0x0000, 0x0000, 0x0000, 0x0000, 0x0000, 0x0000, 0x0000,
  0x0000, 0x0000, 0x0000, 0x0000, 0x0000, 0x0000, 0x0000, 0x0000, 0x0000, 0x0000, 0x0000, 0x0000,
  0x0000, 0x0000, 0x0000, 0x0000, 0x0000, 0x0000, 0x0000, 0x0000, 0x0000, 0x0000, 0x0000, 0x0000,
  0x0000, 0x0000, 0x0000, 0x0000, 0x0000, 0x0000, 0x0000, 0x0000, 0x0000, 0x0000, 0x0000, 0x0000,
  0x0000, 0x0000, 0x0000, 0x0000, 0x0000, 0x0000, 0x0000, 0x0000, 0x0000, 0x0000, 0x0000, 0x0000,
  0x0000, 0x0000, 0x0000, 0x0000, 0x0000, 0x0000, 0x0000, 0x0000, 0x0000, 0x0000, 0x0000, 0x0000,
  0x0000, 0x0000, 0x0000, 0x0000, 0x0000, 0x0000, 0x0000, 0x0000, 0x0000, 0x0000, 0x0000, 0x0000,
  0x0000, 0x0000, 0x0000, 0x0000, 0x0000, 0x0000, 0x0000, 0x0000, 0x0000, 0x0000, 0x0000, 0x0000,
  0x0000, 0x0000, 0x0000, 0x0000, 0x0000, 0x0000, 0x0000, 0x0000, 0x0000, 0x0000, 0x0000, 0x0000,
  0x0000, 0x0000, 0x0000, 0x0000, 0x0000, 0xD540, 0xED80, 0xED80, 0xED60, 0xFEE3, 0xFEE3, 0xFEE3,
  0xFEE3, 0xFEE3, 0xFEE3, 0xFEE3, 0xFF72, 0xFF72, 0xFF72, 0xFF72, 0xFF72, 0xFF72, 0xFF72, 0xFF73,
  0xFF73, 0xFF72, 0xFF72, 0xFF72, 0xFF73, 0xFF73, 0xFF73, 0xFF4F, 0xFEE3, 0xFEE3, 0xFEE3, 0xFEE3,
  0xFEE3, 0xFEE3, 0xFEE3, 0xFEE3, 0xFEE3, 0xFEE3, 0xFEE3, 0xFEE3, 0xFEE3, 0xFEE3, 0xFEE3, 0xFF03,
  0xFEE3, 0xFEE3, 0xFF03, 0xFEE3, 0xFEE3, 0xFEE3, 0xFEE3, 0xFF03, 0xFEE3, 0xFF03, 0xFF03, 0xFF03,
  0xFF03, 0xFEE3, 0xFEE3, 0xFEE3, 0xFF03, 0xFE22, 0xFE22, 0xFE22, 0xFE22, 0xFE02, 0xFE22, 0xFE22,
  0xFE22, 0xFE22, 0xFE22, 0xFE22, 0xFE22, 0xFE22, 0xFE22, 0xFE22, 0xFE22, 0xFE22, 0xD420, 0xD420,
  0xD420, 0x0840, 0x0000, 0x0000, 0x0000, 0x0000, 0x0000, 0x0000, 0x0000, 0x0000, 0x0000, 0x0000,
  0x0000, 0x0000, 0x0000, 0x0000, 0x0000, 0x0000, 0x0000, 0x0000, 0x0000, 0x0000, 0x0000, 0x0000,
  0x0000, 0x0000, 0x0000, 0x0000, 0x0000, 0x0000, 0x0000, 0x0000, 0x0000, 0x0000, 0x0000, 0x0000,
  0x0000, 0x0000, 0x0000, 0x0000, 0x0000, 0x0000, 0x0000, 0x0000, 0x0000, 0x0000, 0x0000, 0x0000,
  0x0000, 0x0000, 0x0000, 0x0000, 0x0000, 0x0000, 0x0000, 0x0000, 0x0000, 0x0000, 0x0000, 0x0000,
  0x0000, 0x0000, 0x0000, 0x0000, 0x0000, 0x0000, 0x0000, 0x0000, 0x0000, 0x0000, 0x0000, 0x0000,
  0x0000, 0x0000, 0x0000, 0x0000, 0x0000, 0x0000, 0x0000, 0x0000, 0x0000, 0x0000, 0x0000, 0x0000,
  0x0000, 0x0000, 0x0000, 0x0000, 0x0000, 0x0000, 0x0000, 0x0000, 0x0000, 0x0000, 0x0000, 0x0000,
  0x0000, 0x0000, 0x0000, 0x0000, 0x0000, 0x0000, 0x0000, 0x0000, 0x0000, 0x0000, 0x0000, 0x0000,
  0x0000, 0x0000, 0x0000, 0x0000, 0x0000, 0x0000, 0x0000, 0x0000, 0x0000, 0x0000, 0x0000, 0x0000,
  0x0000, 0x0000, 0x0000, 0x0000, 0x0000, 0x0000, 0x0000, 0x0000, 0x0000, 0x0000, 0x0000, 0x0000,
  0x0000, 0x0000, 0x0000, 0x0000, 0x0000, 0x0000, 0x0000, 0x0000, 0x0000, 0x0000, 0x0000, 0x0000,
  0x0000, 0x0000, 0x0000, 0x0000, 0x0000, 0x0000, 0x0000, 0x0000, 0x0000, 0x0000, 0x0000, 0x0000,
  0x0000, 0x0000, 0x0000, 0x0000, 0x0000, 0xCD00, 0xED80, 0xED80, 0xED80, 0xFEE3, 0xFEE3, 0xFEE3,
  0xFEE3, 0xFEE3, 0xFEE3, 0xFEE3, 0xFF72, 0xFF72, 0xFF72, 0xFF72, 0xFF72, 0xFF72, 0xFF73, 0xFF73,
  0xFF72, 0xFF73, 0xFF72, 0xFF73, 0xFF73, 0xFF73, 0xFF73, 0xFF4F, 0xFEE3, 0xFEE3, 0xFEE3, 0xFEE3,
  0xFEE3, 0xFEE3, 0xFEE3, 0xFEE3, 0xFEE3, 0xFEE3, 0xFEE3, 0xFEE3, 0xFEE3, 0xFEE3, 0xFEE3, 0xFF03,
  0xFEE3, 0xFEE3, 0xFEE3, 0xFF03, 0xFEE3, 0xFEE3, 0xFF03, 0xFEE3, 0xFEE3, 0xFEE3, 0xFF03, 0xFEE3,
  0xFEE3, 0xFEE3, 0xFEE3, 0xFEE3, 0xFF03, 0xFE22, 0xFE22, 0xFE22, 0xFE22, 0xFE02, 0xFE02, 0xFE22,
  0xFE22, 0xFE22, 0xFE22, 0xFE22, 0xFE22, 0xFE22, 0xFE22, 0xFE22, 0xFE22, 0xFE22, 0xD440, 0xD420,
  0xD420, 0x1060, 0x0000, 0x0000, 0x0000, 0x0000, 0x0000, 0x0000, 0x0000, 0x0000, 0x0000, 0x0000,
  0x0000, 0x0000, 0x0000, 0x0000, 0x0000, 0x0000, 0x0000, 0x0000, 0x0000, 0x0000, 0x0000, 0x0000,
  0x0000, 0x0000, 0x0000, 0x0000, 0x0000, 0x0000, 0x0000, 0x0000, 0x0000, 0x0000, 0x0000, 0x0000,
  0x0000, 0x0000, 0x0000, 0x0000, 0x0000, 0x0000, 0x0000, 0x0000, 0x0000, 0x0000, 0x0000, 0x0000,
  0x0000, 0x0000, 0x0000, 0x0000, 0x0000, 0x0000, 0x0000, 0x0000, 0x0000, 0x0000, 0x0000, 0x0000,
  0x0000, 0x0000, 0x0000, 0x0000, 0x0000, 0x0000, 0x0000, 0x0000, 0x0000, 0x0000, 0x0000, 0x0000,
  0x0000, 0x0000, 0x0000, 0x0000, 0x0000, 0x0000, 0x0000, 0x0000, 0x0000, 0x0000, 0x0000, 0x0000,
  0x0000, 0x0000, 0x0000, 0x0000, 0x0000, 0x0000, 0x0000, 0x0000, 0x0000, 0x0000, 0x0000, 0x0000,
  0x0000, 0x0000, 0x0000, 0x0000, 0x0000, 0x0000, 0x0000, 0x0000, 0x0000, 0x0000, 0x0000, 0x0000,
  0x0000, 0x0000, 0x0000, 0x0000, 0x0000, 0x0000, 0x0000, 0x0000, 0x0000, 0x0000, 0x0000, 0x0000,
  0x0000, 0x0000, 0x0000, 0x0000, 0x0000, 0x0000, 0x0000, 0x0000, 0x0000, 0x0000, 0x0000, 0x0000,
  0x0000, 0x0000, 0x0000, 0x0000, 0x0000, 0x0000, 0x0000, 0x0000, 0x0000, 0x0000, 0x0000, 0x0000,
  0x0000, 0x0000, 0x0000, 0x0000, 0x0000, 0x0000, 0x0000, 0x0000, 0x0000, 0x0000, 0x0000, 0x0000,
  0x0000, 0x0000, 0x0000, 0x0000, 0x0000, 0xD520, 0xED80, 0xED80, 0xED80, 0xFEE3, 0xFEE3, 0xFEE3,
  0xFF03, 0xFEE3, 0xFEE3, 0xFEE3, 0xFF72, 0xFF72, 0xFF72, 0xFF72, 0xFF72, 0xFF72, 0xFF72, 0xFF72,
  0xFF73, 0xFF72, 0xFF72, 0xFF73, 0xFF73, 0xFF73, 0xFF72, 0xFF4F, 0xFEE3, 0xFEE3, 0xFEE3, 0xFEE3,
  0xFEE3, 0xFEE3, 0xFEE3, 0xFEE3, 0xFEE3, 0xFEE3, 0xFEE3, 0xFEE3, 0xFEE3, 0xFF03, 0xFEE3, 0xFEE3,
  0xFF03, 0xFEE3, 0xFEE3, 0xFEE3, 0xFF03, 0xFEE3, 0xFEE3, 0xFF03, 0xFEE3, 0xFF03, 0xFF03, 0xFF03,
  0xFF03, 0xFEE3, 0xFEE3, 0xFEE3, 0xFEE3, 0xFE22, 0xFE22, 0xFE22, 0xFE02, 0xFE22, 0xFE22, 0xFE22,
  0xFE22, 0xFE22, 0xFE22, 0xFE22, 0xFE22, 0xFE22, 0xFE22, 0xFE22, 0xFE22, 0xFE22, 0xD420, 0xD420,
  0xD420, 0x1060, 0x0000, 0x0000, 0x0000, 0x0000, 0x0000, 0x0000, 0x0000, 0x0000, 0x0000, 0x0000,
  0x0000, 0x0000, 0x0000, 0x0000, 0x0000, 0x0000, 0x0000, 0x0000, 0x0000, 0x0000, 0x0000, 0x0000,
  0x0000, 0x0000, 0x0000, 0x0000, 0x0000, 0x0000, 0x0000, 0x0000, 0x0000, 0x0000, 0x0000, 0x0000,
  0x0000, 0x0000, 0x0000, 0x0000, 0x0000, 0x0000, 0x0000, 0x0000, 0x0000, 0x0000, 0x0000, 0x0000,
  0x0000, 0x0000, 0x0000, 0x0000, 0x0000, 0x0000, 0x0000, 0x0000, 0x0000, 0x0000, 0x0000, 0x0000,
  0x0000, 0x0000, 0x0000, 0x0000, 0x0000, 0x0000, 0x0000, 0x0000, 0x0000, 0x0000, 0x0000, 0x0000,
  0x0000, 0x0000, 0x0000, 0x0000, 0x0000, 0x0000, 0x0000, 0x0000, 0x0000, 0x0000, 0x0000, 0x0000,
  0x0000, 0x0000, 0x0000, 0x0000, 0x0000, 0x0000, 0x0000, 0x0000, 0x0000, 0x0000, 0x0000, 0x0000,
  0x0000, 0x0000, 0x0000, 0x0000, 0x0000, 0x0000, 0x0000, 0x0000, 0x0000, 0x0000, 0x0000, 0x0000,
  0x0000, 0x0000, 0x0000, 0x0000, 0x0000, 0x0000, 0x0000, 0x0000, 0x0000, 0x0000, 0x0000, 0x0000,
  0x0000, 0x0000, 0x0000, 0x0000, 0x0000, 0x0000, 0x0000, 0x0000, 0x0000, 0x0000, 0x0000, 0x0000,
  0x0000, 0x0000, 0x0000, 0x0000, 0x0000, 0x0000, 0x0000, 0x0000, 0x0000, 0x0000, 0x0000, 0x0000,
  0x0000, 0x0000, 0x0000, 0x0000, 0x0000, 0x0000, 0x0000, 0x0000, 0x0000, 0x0000, 0x0000, 0x0000,
  0x0000, 0x0000, 0x0000, 0x0000, 0x0000, 0xD520, 0xED80, 0xED80, 0xED80, 0xFEE3, 0xFEE3, 0xFEE3,
  0xFEE3, 0xFEE3, 0xFEE3, 0xFEE3, 0xFF72, 0xFF72, 0xFF72, 0xFF72, 0xFF72, 0xFF73, 0xFF73, 0xFF72,
  0xFF73, 0xFF72, 0xFF73, 0xFF73, 0xFF73, 0xFF73, 0xFF72, 0xFF4F, 0xFEE3, 0xFEE3, 0xFEE3, 0xFEE3,
  0xFEE3, 0xFEE3, 0xFEE3, 0xFEE3, 0xFEE3, 0xFEE3, 0xFEE3, 0xFEE3, 0xFEE3, 0xFEE3, 0xFEE3, 0xFF03,
  0xFEE3, 0xFF03, 0xFEE3, 0xFF03, 0xFEE3, 0xFEE3, 0xFF03, 0xFEE3, 0xFF03, 0xFF03, 0xFF03, 0xFF03,
  0xFF03, 0xFF03, 0xFEE3, 0xFEE3, 0xFEE3, 0xFE22, 0xFE22, 0xFE22, 0xFE22, 0xFE22, 0xFE22, 0xFE22,
  0xFE22, 0xFE22, 0xFE22, 0xFE22, 0xFE22, 0xFE22, 0xFE22, 0xFE22, 0xFE22, 0xFE02, 0xD420, 0xD420,
  0xD440, 0x1080, 0x0000, 0x0000, 0x0000, 0x0000, 0x0000, 0x0000, 0x0000, 0x0000, 0x0000, 0x0000,
  0x0000, 0x0000, 0x0000, 0x0000, 0x0000, 0x0000, 0x0000, 0x0000, 0x0000, 0x0000, 0x0000, 0x0000,
  0x0000, 0x0000, 0x0000, 0x0000, 0x0000, 0x0000, 0x0000, 0x0000, 0x0000, 0x0000, 0x0000, 0x0000,
  0x0000, 0x0000, 0x0000, 0x0000, 0x0000, 0x0000, 0x0000, 0x0000, 0x0000, 0x0000, 0x0000, 0x0000,
  0x0000, 0x0000, 0x0000, 0x0000, 0x0000, 0x0000, 0x0000, 0x0000, 0x0000, 0x0000, 0x0000, 0x0000,
  0x0000, 0x0000, 0x0000, 0x0000, 0x0000, 0x0000, 0x0000, 0x0000, 0x0000, 0x0000, 0x0000, 0x0000,
  0x0000, 0x0000, 0x0000, 0x0000, 0x0000, 0x0000, 0x0000, 0x0000, 0x0000, 0x0000, 0x0000, 0x0000,
  0x0000, 0x0000, 0x0000, 0x0000, 0x0000, 0x0000, 0x0000, 0x0000, 0x0000, 0x0000, 0x0000, 0x0000,
  0x0000, 0x0000, 0x0000, 0x0000, 0x0000, 0x0000, 0x0000, 0x0000, 0x0000, 0x0000, 0x0000, 0x0000,
  0x0000, 0x0000, 0x0000, 0x0000, 0x0000, 0x0000, 0x0000, 0x0000, 0x0000, 0x0000, 0x0000, 0x0000,
  0x0000, 0x0000, 0x0000, 0x0000, 0x0000, 0x0000, 0x0000, 0x0000, 0x0000, 0x0000, 0x0000, 0x0000,
  0x0000, 0x0000, 0x0000, 0x0000, 0x0000, 0x0000, 0x0000, 0x0000, 0x0000, 0x0000, 0x0000, 0x0000,
  0x0000, 0x0000, 0x0000, 0x0000, 0x0000, 0x0000, 0x0000, 0x0000, 0x0000, 0x0000, 0x0000, 0x0000,
  0x0000, 0x0000, 0x0000, 0x0000, 0x0000, 0xCD00, 0xED80, 0xED80, 0xED60, 0xFEE3, 0xFEE3, 0xFEE3,
  0xFEE3, 0xFEE3, 0xFEE3, 0xFF03, 0xFF72, 0xFF72, 0xFF72, 0xFF72, 0xFF73, 0xFF72, 0xFF73, 0xFF72,
  0xFF72, 0xFF73, 0xFF73, 0xFF73, 0xFF73, 0xFF73, 0xFF72, 0xFF4F, 0xFEE3, 0xFEE3, 0xFEE3, 0xFEE3,
  0xFEE3, 0xFEE3, 0xFEE3, 0xFEE3, 0xFEE3, 0xFEE3, 0xFEE3, 0xFEE3, 0xFEE3, 0xFEE3, 0xFF03, 0xFF03,
  0xFEE3, 0xFEE3, 0xFF03, 0xFEE3, 0xFF03, 0xFF03, 0xFF03, 0xFF03, 0xFF03, 0xFEE3, 0xFF03, 0xFF03,
  0xFEE3, 0xFEE3, 0xFF03, 0xFEE3, 0xFEE3, 0xFEE3, 0xFEE3, 0xFEE3, 0xFE22, 0xFE22, 0xFE22, 0xFE22,
  0xFE22, 0xFE22, 0xFE22, 0xFE22, 0xFE22, 0xFE22, 0xFE22, 0xFE22, 0xFE22, 0xFE02, 0xCC20, 0xD440,
  0xD440, 0x1060, 0x0000, 0x0000, 0x0000, 0x0000, 0x0000, 0x0000, 0x0000, 0x0000, 0x0000, 0x0000,
  0x0000, 0x0000, 0x0000, 0x0000, 0x0000, 0x0000, 0x0000, 0x0000, 0x0000, 0x0000, 0x0000, 0x0000,
  0x0000, 0x0000, 0x0000, 0x0000, 0x0000, 0x0000, 0x0000, 0x0000, 0x0000, 0x0000, 0x0000, 0x0000,
  0x0000, 0x0000, 0x0000, 0x0000, 0x0000, 0x0000, 0x0000, 0x0000, 0x0000, 0x0000, 0x0000, 0x0000,
  0x0000, 0x0000, 0x0000, 0x0000, 0x0000, 0x0000, 0x0000, 0x0000, 0x0000, 0x0000, 0x0000, 0x0000,
  0x0000, 0x0000, 0x0000, 0x0000, 0x0000, 0x0000, 0x0000, 0x0000, 0x0000, 0x0000, 0x0000, 0x0000,
  0x0000, 0x0000, 0x0000, 0x0000, 0x0000, 0x0000, 0x0000, 0x0000, 0x0000, 0x0000, 0x0000, 0x0000,
  0x0000, 0x0000, 0x0000, 0x0000, 0x0000, 0x0000, 0x0000, 0x0000, 0x0000, 0x0000, 0x0000, 0x0000,
  0x0000, 0x0000, 0x0000, 0x0000, 0x0000, 0x0000, 0x0000, 0x0000, 0x0000, 0x0000, 0x0000, 0x0000,
  0x0000, 0x0000, 0x0000, 0x0000, 0x0000, 0x0000, 0x0000, 0x0000, 0x0000, 0x0000, 0x0000, 0x0000,
  0x0000, 0x0000, 0x0000, 0x0000, 0x0000, 0x0000, 0x0000, 0x0000, 0x0000, 0x0000, 0x0000, 0x0000,
  0x0000, 0x0000, 0x0000, 0x0000, 0x0000, 0x0000, 0x0000, 0x0000, 0x0000, 0x0000, 0x0000, 0x0000,
  0x0000, 0x0000, 0x0000, 0x0000, 0x0000, 0x0000, 0x0000, 0x0000, 0x0000, 0x0000, 0x0000, 0x0000,
  0x0000, 0x0000, 0x0000, 0x0000, 0x0000, 0xCCE0, 0xED80, 0xED80, 0xED80, 0xFEE3, 0xFEE3, 0xFEE3,
  0xFEE3, 0xFEE3, 0xFEE3, 0xFEE3, 0xFF72, 0xFF72, 0xFF72, 0xFF72, 0xFF72, 0xFF73, 0xFF73, 0xFF72,
  0xFF73, 0xFF72, 0xFF73, 0xFF73, 0xFF73, 0xFF73, 0xFF73, 0xFF4F, 0xFEE3, 0xFEE3, 0xFEE3, 0xFEE3,
  0xFEE3, 0xFEE3, 0xFEE3, 0xFEE3, 0xFEE3, 0xFEE3, 0xFEE3, 0xFF03, 0xFF03, 0xFEE3, 0xFEE3, 0xFEE3,
  0xFEE3, 0xFF03, 0xFF03, 0xFEE3, 0xFEE3, 0xFEE3, 0xFF03, 0xFEE3, 0xFEE3, 0xFF03, 0xFF03, 0xFEE3,
  0xFF03, 0xFF03, 0xFF03, 0xFEE3, 0xFEE3, 0xFEE3, 0xFEE3, 0xFEE3, 0xFE22, 0xFE22, 0xFE22, 0xFE02,
  0xFE22, 0xFE22, 0xFE22, 0xFE22, 0xFE22, 0xFE22, 0xFE22, 0xFE22, 0xFE22, 0xFE02, 0xCC20, 0xD440,
  0xDC60, 0x0840, 0x0000, 0x0000, 0x0000, 0x0000, 0x0000, 0x0000, 0x0000, 0x0000, 0x0000, 0x0000,
  0x0000, 0x0000, 0x0000, 0x0000, 0x0000, 0x0000, 0x0000, 0x0000, 0x0000, 0x0000, 0x0000, 0x0000,
  0x0000, 0x0000, 0x0000, 0x0000, 0x0000, 0x0000, 0x0000, 0x0000, 0x0000, 0x0000, 0x0000, 0x0000,
  0x0000, 0x0000, 0x0000, 0x0000, 0x0000, 0x0000, 0x0000, 0x0000, 0x0000, 0x0000, 0x0000, 0x0000,
  0x0000, 0x0000, 0x0000, 0x0000, 0x0000, 0x0000, 0x0000, 0x0000, 0x0000, 0x0000, 0x0000, 0x0000,
  0x0000, 0x0000, 0x0000, 0x0000, 0x0000, 0x0000, 0x0000, 0x0000, 0x0000, 0x0000, 0x0000, 0x0000,
  0x0000, 0x0000, 0x0000, 0x0000, 0x0000, 0x0000, 0x0000, 0x0000, 0x0000, 0x0000, 0x0000, 0x0000,
  0x0000, 0x0000, 0x0000, 0x0000, 0x0000, 0x0000, 0x0000, 0x0000, 0x0000, 0x0000, 0x0000, 0x0000,
  0x0000, 0x0000, 0x0000, 0x0000, 0x0000, 0x0000, 0x0000, 0x0000, 0x0000, 0x0000, 0x0000, 0x0000,
  0x0000, 0x0000, 0x0000, 0x0000, 0x0000, 0x0000, 0x0000, 0x0000, 0x0000, 0x0000, 0x0000, 0x0000,
  0x0000, 0x0000, 0x0000, 0x0000, 0x0000, 0x0000, 0x0000, 0x0000, 0x0000, 0x0000, 0x0000, 0x0000,
  0x0000, 0x0000, 0x0000, 0x0000, 0x0000, 0x0000, 0x0000, 0x0000, 0x0000, 0x0000, 0x0000, 0x0000,
  0x0000, 0x0000, 0x0000, 0x0000, 0x0000, 0x0000, 0x0000, 0x0000, 0x0000, 0x0000, 0x0000, 0x0000,
  0x0000, 0x0000, 0x0000, 0x0000, 0x0000, 0xCD00, 0xED80, 0xED80, 0xED80, 0xFEE3, 0xFEE3, 0xFEE3,
  0xFEE3, 0xFEE3, 0xFEE3, 0xFEE3, 0xFF72, 0xFF72, 0xFF72, 0xFF72, 0xFF73, 0xFF72, 0xFF72, 0xFF73,
  0xFF72, 0xFF72, 0xFF73, 0xFF73, 0xFF73, 0xFF73, 0xFF73, 0xFF4F, 0xFEE3, 0xFEE3, 0xFEE3, 0xFEE3,
  0xFEE3, 0xFEE3, 0xFEE3, 0xFEE3, 0xFF03, 0xFF03, 0xFEE3, 0xFF03, 0xFEE3, 0xFEE3, 0xFEE3, 0xFF03,
  0xFEE3, 0xFF03, 0xFEE3, 0xFF03, 0xFEE3, 0xFF03, 0xFF03, 0xFEE3, 0xFEE3, 0xFF03, 0xFF03, 0xFF03,
  0xFF03, 0xFF03, 0xFF03, 0xFEE3, 0xFF03, 0xFEE3, 0xFEE3, 0xFEE3, 0xFE22, 0xFE22, 0xFE22, 0xFE22,
  0xFE22, 0xFE22, 0xFE22, 0xFE22, 0xFE22, 0xFE22, 0xFE22, 0xFE22, 0xFE22, 0xFE02, 0xD420, 0xD440,
  0xDC60, 0x0840, 0x0000, 0x0000, 0x0000, 0x0000, 0x0000, 0x0000, 0x0000, 0x0000, 0x0000, 0x0000,
  0x0000, 0x0000, 0x0000, 0x0000, 0x0000, 0x0000, 0x0000, 0x0000, 0x0000, 0x0000, 0x0000, 0x0000,
  0x0000, 0x0000, 0x0000, 0x0000, 0x0000, 0x0000, 0x0000, 0x0000, 0x0000, 0x0000, 0x0000, 0x0000,
  0x0000, 0x0000, 0x0000, 0x0000, 0x0000, 0x0000, 0x0000, 0x0000, 0x0000, 0x0000, 0x0000, 0x0000,
  0x0000, 0x0000, 0x0000, 0x0000, 0x0000, 0x0000, 0x0000, 0x0000, 0x0000, 0x0000, 0x0000, 0x0000,
  0x0000, 0x0000, 0x0000, 0x0000, 0x0000, 0x0000, 0x0000, 0x0000, 0x0000, 0x0000, 0x0000, 0x0000,
  0x0000, 0x0000, 0x0000, 0x0000, 0x0000, 0x0000, 0x0000, 0x0000, 0x0000, 0x0000, 0x0000, 0x0000,
  0x0000, 0x0000, 0x0000, 0x0000, 0x0000, 0x0000, 0x0000, 0x0000, 0x0000, 0x0000, 0x0000, 0x0000,
  0x0000, 0x0000, 0x0000, 0x0000, 0x0000, 0x0000, 0x0000, 0x0000, 0x0000, 0x0000, 0x0000, 0x0000,
  0x0000, 0x0000, 0x0000, 0x0000, 0x0000, 0x0000, 0x0000, 0x0000, 0x0000, 0x0000, 0x0000, 0x0000,
  0x0000, 0x0000, 0x0000, 0x0000, 0x0000, 0x0000, 0x0000, 0x0000, 0x0000, 0x0000, 0x0000, 0x0000,
  0x0000, 0x0000, 0x0000, 0x0000, 0x0000, 0x0000, 0x0000, 0x0000, 0x0000, 0x0000, 0x0000, 0x0000,
  0x0000, 0x0000, 0x0000, 0x0000, 0x0000, 0x0000, 0x0000, 0x0000, 0x0000, 0x0000, 0x0000, 0x0000,
  0x0000, 0x0000, 0x0000, 0x0000, 0x0000, 0xCD00, 0xED80, 0xED80, 0xED80, 0xFEE3, 0xFEE3, 0xFEE3,
  0xFEE3, 0xFEE3, 0xFEE3, 0xFF03, 0xFF72, 0xFF72, 0xFF72, 0xFF72, 0xFF73, 0xFF72, 0xFF72, 0xFF72,
  0xFF72, 0xFF73, 0xFF73, 0xFF73, 0xFF73, 0xFF73, 0xFF73, 0xFF4F, 0xFEE3, 0xFEE3, 0xFEE3, 0xFEE3,
  0xFEE3, 0xFF03, 0xFEE3, 0xFEE3, 0xFEE3, 0xFF03, 0xFEE3, 0xFEE3, 0xFF03, 0xFEE3, 0xFEE3, 0xFF03,
  0xFEE3, 0xFF03, 0xFEE3, 0xFF03, 0xFEE3, 0xFEE3, 0xFF03, 0xFEE3, 0xFEE3, 0xFF03, 0xFF03, 0xFEE3,
  0xFF03, 0xFF03, 0xFEE3, 0xFEE3, 0xFF03, 0xFEE3, 0xFEE3, 0xFEE3, 0xFE22, 0xFE22, 0xFE22, 0xFE22,
  0xFE22, 0xFE22, 0xFE22, 0xFE22, 0xFE22, 0xFE22, 0xFE22, 0xFE22, 0xFE22, 0xFE22, 0xD460, 0xDC80,
  0xD460, 0x0840, 0x0000, 0x0020, 0x0020, 0x0000, 0x0000, 0x0000, 0x0000, 0x0000, 0x0000, 0x0000,
  0x0000, 0x0000, 0x0000, 0x0000, 0x0000, 0x0000, 0x0000, 0x0000, 0x0000, 0x0000, 0x0000, 0x0000,
  0x0000, 0x0000, 0x0000, 0x0000, 0x0000, 0x0000, 0x0000, 0x0000, 0x0000, 0x0000, 0x0000, 0x0000,
  0x0000, 0x0000, 0x0000, 0x0000, 0x0000, 0x0000, 0x0000, 0x0000, 0x0000, 0x0000, 0x0000, 0x0000,
  0x0000, 0x0000, 0x0000, 0x0000, 0x0000, 0x0000, 0x0000, 0x0000, 0x0000, 0x0000, 0x0000, 0x0000,
  0x0000, 0x0000, 0x0000, 0x0000, 0x0000, 0x0000, 0x0000, 0x0000, 0x0000, 0x0000, 0x0000, 0x0000,
  0x0000, 0x0000, 0x0000, 0x0000, 0x0000, 0x0000, 0x0000, 0x0000, 0x0000, 0x0000, 0x0000, 0x0000,
  0x0000, 0x0000, 0x0000, 0x0000, 0x0000, 0x0000, 0x0000, 0x0000, 0x0000, 0x0000, 0x0000, 0x0000,
  0x0000, 0x0000, 0x0000, 0x0000, 0x0000, 0x0000, 0x0000, 0x0000, 0x0000, 0x0000, 0x0000, 0x0000,
  0x0000, 0x0000, 0x0000, 0x0000, 0x0000, 0x0000, 0x0000, 0x0000, 0x0000, 0x0000, 0x0000, 0x0000,
  0x0000, 0x0000, 0x0000, 0x0000, 0x0000, 0x0000, 0x0000, 0x0000, 0x0000, 0x0000, 0x0000, 0x0000,
  0x0000, 0x0000, 0x0000, 0x0000, 0x0000, 0x0000, 0x0000, 0x0000, 0x0000, 0x0000, 0x0000, 0x0000,
  0x0000, 0x0000, 0x0000, 0x0000, 0x0000, 0x0000, 0x0000, 0x0000, 0x0000, 0x0000, 0x0000, 0x0000,
  0x0000, 0x0000, 0x0000, 0x0000, 0x0000, 0xCD00, 0xED80, 0xED80, 0xED80, 0xFEE3, 0xFF03, 0xFEE3,
  0xFEE3, 0xFEE3, 0xFEE3, 0xFEE2, 0xFF72, 0xFF72, 0xFF72, 0xFF72, 0xFF72, 0xFF72, 0xFF72, 0xFF72,
  0xFF73, 0xFF73, 0xFF72, 0xFF72, 0xFF73, 0xFF73, 0xFF73, 0xFF4F, 0xFEE3, 0xFEE3, 0xFEE3, 0xFEE3,
  0xFEE3, 0xFEE3, 0xFEE3, 0xFF03, 0xFF03, 0xFEE3, 0xFEE3, 0xFEE3, 0xFF03, 0xFEE3, 0xFEE3, 0xFF03,
  0xFF03, 0xFEE3, 0xFF03, 0xFEE3, 0xFEE3, 0xFF03, 0xFEE3, 0xFEE3, 0xFF03, 0xFF03, 0xFF03, 0xFEE3,
  0xFF03, 0xFF03, 0xFEE3, 0xFF03, 0xFF03, 0xFEE3, 0xFEE3, 0xFEE3, 0xFE02, 0xFE22, 0xFE22, 0xFE02,
  0xFE22, 0xFE22, 0xFE22, 0xFE22, 0xFE22, 0xFE22, 0xFE22, 0xFE22, 0xFE22, 0xFE22, 0xFE23, 0xFE22,
  0xFE01, 0xCBE0, 0xCC00, 0xD420, 0xE440, 0x0000, 0x0000, 0x0000, 0x0000, 0x0000, 0x0000, 0x0000,
  0x0000, 0x0000, 0x0000, 0x0000, 0x0000, 0x0000, 0x0000, 0x0000, 0x0000, 0x0000, 0x0000, 0x0000,
  0x0000, 0x0000, 0x0000, 0x0000, 0x0000, 0x0000, 0x0000, 0x0000, 0x0000, 0x0000, 0x0000, 0x0000,
  0x0000, 0x0000, 0x0000, 0x0000, 0x0000, 0x0000, 0x0000, 0x0000, 0x0000, 0x0000, 0x0000, 0x0000,
  0x0000, 0x0000, 0x0000, 0x0000, 0x0000, 0x0000, 0x0000, 0x0000, 0x0000, 0x0000, 0x0000, 0x0000,
  0x0000, 0x0000, 0x0000, 0x0000, 0x0000, 0x0000, 0x0000, 0x0000, 0x0000, 0x0000, 0x0000, 0x0000,
  0x0000, 0x0000, 0x0000, 0x0000, 0x0000, 0x0000, 0x0000, 0x0000, 0x0000, 0x0000, 0x0000, 0x0000,
  0x0000, 0x0000, 0x0000, 0x0000, 0x0000, 0x0000, 0x0000, 0x0000, 0x0000, 0x0000, 0x0000, 0x0000,
  0x0000, 0x0000, 0x0000, 0x0000, 0x0000, 0x0000, 0x0000, 0x0000, 0x0000, 0x0000, 0x0000, 0x0000,
  0x0000, 0x0000, 0x0000, 0x0000, 0x0000, 0x0000, 0x0000, 0x0000, 0x0000, 0x0000, 0x0000, 0x0000,
  0x0000, 0x0000, 0x0000, 0x0000, 0x0000, 0x0000, 0x0000, 0x0000, 0x0000, 0x0000, 0x0000, 0x0000,
  0x0000, 0x0000, 0x0000, 0x0000, 0x0000, 0x0000, 0x0000, 0x0000, 0x0000, 0x0000, 0x0000, 0x0000,
  0x0000, 0x0000, 0x0000, 0x0000, 0x0000, 0x0000, 0x0000, 0x0000, 0x0000, 0x0000, 0x0000, 0x0000,
  0x0000, 0x0000, 0x0000, 0x0000, 0x0000, 0xCD00, 0xF580, 0xF580, 0xED80, 0xFEE2, 0xFEE3, 0xFEE3,
  0xFEE3, 0xFEE3, 0xFEE3, 0xFEE2, 0xFF72, 0xFF73, 0xFF72, 0xFF72, 0xFF72, 0xFF72, 0xFF73, 0xFF73,
  0xFF73, 0xFF73, 0xFF72, 0xFF73, 0xFF73, 0xFF73, 0xFF72, 0xFF4F, 0xFEE3, 0xFEE3, 0xFEE3, 0xFEE3,
  0xFEE3, 0xFEE3, 0xFEE3, 0xFF03, 0xFF03, 0xFEE3, 0xFF03, 0xFF03, 0xFEE3, 0xFEE3, 0xFEE3, 0xFEE3,
  0xFEE3, 0xFEE3, 0xFEE3, 0xFF03, 0xFF03, 0xFEE3, 0xFF03, 0xFEE3, 0xFF03, 0xFEE3, 0xFF03, 0xFEE3,
  0xFF03, 0xFEE3, 0xFF03, 0xFEE3, 0xFF03, 0xFEE3, 0xFEE3, 0xFEE3, 0xFE22, 0xFE22, 0xFE02, 0xFE02,
  0xFE02, 0xFE22, 0xFE22, 0xFE22, 0xFE22, 0xFE22, 0xFE22, 0xFE22, 0xFE22, 0xFE22, 0xFE22, 0xFE22,
  0xFE02, 0xCC00, 0xD440, 0xD420, 0xDC20, 0x0000, 0x0000, 0x0000, 0x0000, 0x0000, 0x0000, 0x0000,
  0x0000, 0x0000, 0x0000, 0x0000, 0x0000, 0x0000, 0x0000, 0x0000, 0x0000, 0x0000, 0x0000, 0x0000,
  0x0000, 0x0000, 0x0000, 0x0000, 0x0000, 0x0000, 0x0000, 0x0000, 0x0000, 0x0000, 0x0000, 0x0000,
  0x0000, 0x0000, 0x0000, 0x0000, 0x0000, 0x0000, 0x0000, 0x0000, 0x0000, 0x0000, 0x0000, 0x0000,
  0x0000, 0x0000, 0x0000, 0x0000, 0x0000, 0x0000, 0x0000, 0x0000, 0x0000, 0x0000, 0x0000, 0x0000,
  0x0000, 0x0000, 0x0000, 0x0000, 0x0000, 0x0000, 0x0000, 0x0000, 0x0000, 0x0000, 0x0000, 0x0000,
  0x0000, 0x0000, 0x0000, 0x0000, 0x0000, 0x0000, 0x0000, 0x0000, 0x0000, 0x0000, 0x0000, 0x0000,
  0x0000, 0x0000, 0x0000, 0x0000, 0x0000, 0x0000, 0x0000, 0x0000, 0x0000, 0x0000, 0x0000, 0x0000,
  0x0000, 0x0000, 0x0000, 0x0000, 0x0000, 0x0000, 0x0000, 0x0000, 0x0000, 0x0000, 0x0000, 0x0000,
  0x0000, 0x0000, 0x0000, 0x0000, 0x0000, 0x0000, 0x0000, 0x0000, 0x0000, 0x0000, 0x0000, 0x0000,
  0x0000, 0x0000, 0x0000, 0x0000, 0x0000, 0x0000, 0x0000, 0x0000, 0x0000, 0x0000, 0x0000, 0x0000,
  0x0000, 0x0000, 0x0000, 0x0000, 0x0000, 0x0000, 0x0000, 0x0000, 0x0000, 0x0000, 0x0000, 0x0000,
  0x0000, 0x0000, 0x0000, 0x0000, 0x0000, 0x0000, 0x0000, 0x0000, 0x0000, 0x0000, 0x0000, 0x0000,
  0x0000, 0x0000, 0x0000, 0x0000, 0x0000, 0xCD00, 0xED80, 0xED80, 0xED60, 0xFEE3, 0xFEE3, 0xFEE3,
  0xFEE3, 0xFEE3, 0xFEE3, 0xFEE3, 0xFF71, 0xFF72, 0xFF72, 0xFF72, 0xFF72, 0xFF72, 0xFF72, 0xFF73,
  0xFF73, 0xFF73, 0xFF73, 0xFF72, 0xFF73, 0xFF73, 0xFF73, 0xFF4F, 0xFEE3, 0xFEE3, 0xFEE3, 0xFEE3,
  0xFEE3, 0xFEE3, 0xFEE3, 0xFF03, 0xFF03, 0xFF03, 0xFEE3, 0xFEE3, 0xFEE3, 0xFEE3, 0xFF03, 0xFF03,
  0xFEE3, 0xFF03, 0xFEE3, 0xFF03, 0xFEE3, 0xFF03, 0xFEE3, 0xFEE3, 0xFF03, 0xFF03, 0xFF03, 0xFF03,
  0xFF03, 0xFEE3, 0xFF03, 0xFF03, 0xFEE3, 0xFF03, 0xFEE3, 0xFF03, 0xFE22, 0xFE02, 0xFE22, 0xFE22,
  0xFE22, 0xFE22, 0xFE22, 0xFE22, 0xFE22, 0xFE22, 0xFE22, 0xFE22, 0xFE22, 0xFE22, 0xFE22, 0xFE22,
  0xFE02, 0xD420, 0xD440, 0xD440, 0xCC00, 0x0000, 0x0000, 0x0000, 0x0000, 0x0000, 0x0000, 0x0000,
  0x0000, 0x0000, 0x0000, 0x0000, 0x0000, 0x0000, 0x0000, 0x0000, 0x0000, 0x0000, 0x0000, 0x0000,
  0x0000, 0x0000, 0x0000, 0x0000, 0x0000, 0x0000, 0x0000, 0x0000, 0x0000, 0x0000, 0x0000, 0x0000,
  0x0000, 0x0000, 0x0000, 0x0000, 0x0000, 0x0000, 0x0000, 0x0000, 0x0000, 0x0000, 0x0000, 0x0000,
  0x0000, 0x0000, 0x0000, 0x0000, 0x0000, 0x0000, 0x0000, 0x0000, 0x0000, 0x0000, 0x0000, 0x0000,
  0x0000, 0x0000, 0x0000, 0x0000, 0x0000, 0x0000, 0x0000, 0x0000, 0x0000, 0x0000, 0x0000, 0x0000,
  0x0000, 0x0000, 0x0000, 0x0000, 0x0000, 0x0000, 0x0000, 0x0000, 0x0000, 0x0000, 0x0000, 0x0000,
  0x0000, 0x0000, 0x0000, 0x0000, 0x0000, 0x0000, 0x0000, 0x0000, 0x0000, 0x0000, 0x0000, 0x0000,
  0x0000, 0x0000, 0x0000, 0x0000, 0x0000, 0x0000, 0x0000, 0x0000, 0x0000, 0x0000, 0x0000, 0x0000,
  0x0000, 0x0000, 0x0000, 0x0000, 0x0000, 0x0000, 0x0000, 0x0000, 0x0000, 0x0000, 0x0000, 0x0000,
  0x0000, 0x0000, 0x0000, 0x0000, 0x0000, 0x0000, 0x0000, 0x0000, 0x0000, 0x0000, 0x0000, 0x0000,
  0x0000, 0x0000, 0x0000, 0x0000, 0x0000, 0x0000, 0x0000, 0x0000, 0x0000, 0x0000, 0x0000, 0x0000,
  0x0000, 0x0000, 0x0000, 0x0000, 0x0000, 0x0000, 0x0000, 0x0000, 0x0000, 0x0000, 0x0000, 0x0000,
  0x0000, 0x0000, 0x0000, 0x0000, 0x0000, 0xCD00, 0xED80, 0xED80, 0xED60, 0xFEE3, 0xFEE3, 0xFEE3,
  0xFEE3, 0xFEE3, 0xFEE3, 0xFEE3, 0xFEE3, 0xFEE3, 0xFEC4, 0xFF72, 0xFF72, 0xFF72, 0xFF72, 0xFF72,
  0xFF72, 0xFF72, 0xFF73, 0xFF72, 0xFF72, 0xFF72, 0xFF72, 0xFF4F, 0xFEE3, 0xFEE3, 0xFEE3, 0xFEE3,
  0xFEE3, 0xFEE3, 0xFEE3, 0xFEE3, 0xFF03, 0xFF03, 0xFEE3, 0xFEE3, 0xFEE3, 0xFEE3, 0xFF03, 0xFF03,
  0xFF03, 0xFEE3, 0xFF03, 0xFEE3, 0xFF03, 0xFF03, 0xFEE3, 0xFF03, 0xFEE3, 0xFEE3, 0xFF03, 0xFF03,
  0xFF03, 0xFF03, 0xFF03, 0xFF03, 0xFF03, 0xFEE3, 0xFF03, 0xFEE3, 0xFE22, 0xFE02, 0xFE02, 0xFE22,
  0xFE22, 0xFE22, 0xFE22, 0xFE22, 0xFE22, 0xFE22, 0xFE22, 0xFE22, 0xFE22, 0xFE22, 0xFE22, 0xFE22,
  0xFE02, 0xD440, 0xD460, 0xD440, 0xCBE0, 0x0000, 0x0000, 0x0000, 0x0000, 0x0000, 0x0000, 0x0000,
  0x0000, 0x0000, 0x0000, 0x0000, 0x0000, 0x0000, 0x0000, 0x0000, 0x0000, 0x0000, 0x0000, 0x0000,
  0x0000, 0x0000, 0x0000, 0x0000, 0x0000, 0x0000, 0x0000, 0x0000, 0x0000, 0x0000, 0x0000, 0x0000,
  0x0000, 0x0000, 0x0000, 0x0000, 0x0000, 0x0000, 0x0000, 0x0000, 0x0000, 0x0000, 0x0000, 0x0000,
  0x0000, 0x0000, 0x0000, 0x0000, 0x0000, 0x0000, 0x0000, 0x0000, 0x0000, 0x0000, 0x0000, 0x0000,
  0x0000, 0x0000, 0x0000, 0x0000, 0x0000, 0x0000, 0x0000, 0x0000, 0x0000, 0x0000, 0x0000, 0x0000,
  0x0000, 0x0000, 0x0000, 0x0000, 0x0000, 0x0000, 0x0000, 0x0000, 0x0000, 0x0000, 0x0000, 0x0000,
  0x0000, 0x0000, 0x0000, 0x0000, 0x0000, 0x0000, 0x0000, 0x0000, 0x0000, 0x0000, 0x0000, 0x0000,
  0x0000, 0x0000, 0x0000, 0x0000, 0x0000, 0x0000, 0x0000, 0x0000, 0x0000, 0x0000, 0x0000, 0x0000,
  0x0000, 0x0000, 0x0000, 0x0000, 0x0000, 0x0000, 0x0000, 0x0000, 0x0000, 0x0000, 0x0000, 0x0000,
  0x0000, 0x0000, 0x0000, 0x0000, 0x0000, 0x0000, 0x0000, 0x0000, 0x0000, 0x0000, 0x0000, 0x0000,
  0x0000, 0x0000, 0x0000, 0x0000, 0x0000, 0x0000, 0x0000, 0x0000, 0x0000, 0x0000, 0x0000, 0x0000,
  0x0000, 0x0000, 0x0000, 0x0000, 0x0000, 0x0000, 0x0000, 0x0000, 0x0000, 0x0000, 0x0000, 0x0000,
  0x0000, 0x0000, 0x0000, 0x0000, 0x0000, 0xCD00, 0xED80, 0xED80, 0xED80, 0xFEE3, 0xFEE3, 0xFEE3,
  0xFEE3, 0xFF03, 0xFEE3, 0xFEE3, 0xFEE3, 0xFEC3, 0xFEC3, 0xFF72, 0xFF72, 0xFF73, 0xFF73, 0xFF72,
  0xFF72, 0xFF72, 0xFF72, 0xFF72, 0xFF73, 0xFF73, 0xFF72, 0xFF4F, 0xFEE3, 0xFEE3, 0xFEE3, 0xFEE3,
  0xFEE3, 0xFEE3, 0xFEE3, 0xFEE3, 0xFF03, 0xFEE3, 0xFEE3, 0xFEE3, 0xFF03, 0xFF03, 0xFF03, 0xFF03,
  0xFF03, 0xFEE3, 0xFF03, 0xFF03, 0xFF03, 0xFF03, 0xFF03, 0xFF03, 0xFEE3, 0xFF03, 0xFF03, 0xFF03,
  0xFF03, 0xFF03, 0xFF03, 0xFEE3, 0xFF03, 0xFEE3, 0xFF03, 0xFEE3, 0xFE22, 0xFE02, 0xFE22, 0xFE22,
  0xFE22, 0xFE22, 0xFE22, 0xFE02, 0xFE22, 0xFE22, 0xFE22, 0xFE22, 0xFE22, 0xFE22, 0xFE22, 0xFE02,
  0xFE22, 0xDC60, 0xD440, 0xD420, 0xCC00, 0x0000, 0x0000, 0x0000, 0x0000, 0x0000, 0x0000, 0x0000,
  0x0000, 0x0000, 0x0000, 0x0000, 0x0000, 0x0000, 0x0000, 0x0000, 0x0000, 0x0000, 0x0000, 0x0000,
  0x0000, 0x0000, 0x0000, 0x0000, 0x0000, 0x0000, 0x0000, 0x0000, 0x0000, 0x0000, 0x0000, 0x0000,
  0x0000, 0x0000, 0x0000, 0x0000, 0x0000, 0x0000, 0x0000, 0x0000, 0x0000, 0x0000, 0x0000, 0x0000,
  0x0000, 0x0000, 0x0000, 0x0000, 0x0000, 0x0000, 0x0000, 0x0000, 0x0000, 0x0000, 0x0000, 0x0000,
  0x0000, 0x0000, 0x0000, 0x0000, 0x0000, 0x0000, 0x0000, 0x0000, 0x0000, 0x0000, 0x0000, 0x0000,
  0x0000, 0x0000, 0x0000, 0x0000, 0x0000, 0x0000, 0x0000, 0x0000, 0x0000, 0x0000, 0x0000, 0x0000,
  0x0000, 0x0000, 0x0000, 0x0000, 0x0000, 0x0000, 0x0000, 0x0000, 0x0000, 0x0000, 0x0000, 0x0000,
  0x0000, 0x0000, 0x0000, 0x0000, 0x0000, 0x0000, 0x0000, 0x0000, 0x0000, 0x0000, 0x0000, 0x0000,
  0x0000, 0x0000, 0x0000, 0x0000, 0x0000, 0x0000, 0x0000, 0x0000, 0x0000, 0x0000, 0x0000, 0x0000,
  0x0000, 0x0000, 0x0000, 0x0000, 0x0000, 0x0000, 0x0000, 0x0000, 0x0000, 0x0000, 0x0000, 0x0000,
  0x0000, 0x0000, 0x0000, 0x0000, 0x0000, 0x0000, 0x0000, 0x0000, 0x0000, 0x0000, 0x0000, 0x0000,
  0x0000, 0x0000, 0x0000, 0x0000, 0x0000, 0x0000, 0x0000, 0x0000, 0x0000, 0x0000, 0x0000, 0x0000,
  0x0000, 0x0000, 0x0000, 0x0000, 0x0000, 0xCD00, 0xED80, 0xED80, 0xED60, 0xFEE3, 0xFF03, 0xFEE3,
  0xFEE3, 0xFF03, 0xFEE3, 0xFEE3, 0xFEE3, 0xFEE3, 0xFEE3, 0xFF72, 0xFF72, 0xFF73, 0xFF73, 0xFF72,
  0xFF72, 0xFF72, 0xFF72, 0xFF72, 0xFF73, 0xFF73, 0xFF73, 0xFF4F, 0xFEE3, 0xFEE3, 0xFEE3, 0xFEE3,
  0xFEE3, 0xFEE3, 0xFF03, 0xFEE3, 0xFEE3, 0xFEE3, 0xFEE3, 0xFEE3, 0xFF03, 0xFEE3, 0xFEE3, 0xFEE3,
  0xFEE3, 0xFF03, 0xFEE3, 0xFF03, 0xFF03, 0xFEE3, 0xFF03, 0xFF03, 0xFEE3, 0xFF03, 0xFF03, 0xFF03,
  0xFF03, 0xFF03, 0xFF03, 0xFF03, 0xFEE3, 0xFEE3, 0xFEE3, 0xFEE3, 0xFE22, 0xFE22, 0xFE22, 0xFE22,
  0xFE22, 0xFE22, 0xFE22, 0xFE22, 0xFE22, 0xFE22, 0xFE22, 0xFE22, 0xFE22, 0xFE22, 0xFE22, 0xFE22,
  0xFE02, 0xDC40, 0xD440, 0xD420, 0xDC40, 0x0000, 0x0000, 0x0000, 0x0000, 0x0000, 0x0000, 0x0000,
  0x0000, 0x0000, 0x0000, 0x0000, 0x0000, 0x0000, 0x0000, 0x0000, 0x0000, 0x0000, 0x0000, 0x0000,
  0x0000, 0x0000, 0x0000, 0x0000, 0x0000, 0x0000, 0x0000, 0x0000, 0x0000, 0x0000, 0x0000, 0x0000,
  0x0000, 0x0000, 0x0000, 0x0000, 0x0000, 0x0000, 0x0000, 0x0000, 0x0000, 0x0000, 0x0000, 0x0000,
  0x0000, 0x0000, 0x0000, 0x0000, 0x0000, 0x0000, 0x0000, 0x0000, 0x0000, 0x0000, 0x0000, 0x0000,
  0x0000, 0x0000, 0x0000, 0x0000, 0x0000, 0x0000, 0x0000, 0x0000, 0x0000, 0x0000, 0x0000, 0x0000,
  0x0000, 0x0000, 0x0000, 0x0000, 0x0000, 0x0000, 0x0000, 0x0000, 0x0000, 0x0000, 0x0000, 0x0000,
  0x0000, 0x0000, 0x0000, 0x0000, 0x0000, 0x0000, 0x0000, 0x0000, 0x0000, 0x0000, 0x0000, 0x0000,
  0x0000, 0x0000, 0x0000, 0x0000, 0x0000, 0x0000, 0x0000, 0x0000, 0x0000, 0x0000, 0x0000, 0x0000,
  0x0000, 0x0000, 0x0000, 0x0000, 0x0000, 0x0000, 0x0000, 0x0000, 0x0000, 0x0000, 0x0000, 0x0000,
  0x0000, 0x0000, 0x0000, 0x0000, 0x0000, 0x0000, 0x0000, 0x0000, 0x0000, 0x0000, 0x0000, 0x0000,
  0x0000, 0x0000, 0x0000, 0x0000, 0x0000, 0x0000, 0x0000, 0x0000, 0x0000, 0x0000, 0x0000, 0x0000,
  0x0000, 0x0000, 0x0000, 0x0000, 0x0000, 0x0000, 0x0000, 0x0000, 0x0000, 0x0000, 0x0000, 0x0000,
  0x0000, 0x0000, 0x0000, 0x0000, 0x0000, 0xCCE0, 0xF580, 0xED80, 0xED60, 0xFEE3, 0xFF03, 0xFEE3,
  0xFF03, 0xFEE3, 0xFEE3, 0xFEE3, 0xFEE3, 0xFEE3, 0xFEE3, 0xFF72, 0xFF72, 0xFF72, 0xFF72, 0xFF72,
  0xFF72, 0xFF72, 0xFF72, 0xFF72, 0xFF73, 0xFF73, 0xFF72, 0xFF4F, 0xFEE3, 0xFEE3, 0xFEE3, 0xFEE3,
  0xFEE3, 0xFEE3, 0xFEE3, 0xFF03, 0xFF03, 0xFEE3, 0xFF03, 0xFF03, 0xFF03, 0xFF03, 0xFEE3, 0xFF03,
  0xFEE3, 0xFF03, 0xFEE3, 0xFF03, 0xFEE3, 0xFF03, 0xFEE3, 0xFF03, 0xFF03, 0xFF03, 0xFF03, 0xFEE3,
  0xFEE3, 0xFEE3, 0xFF03, 0xFEE3, 0xFF03, 0xFF03, 0xFEE3, 0xFEE3, 0xFEC3, 0xFEC3, 0xFEE3, 0xFE62,
  0xFE22, 0xFE22, 0xFE22, 0xFE02, 0xFE22, 0xFE22, 0xFE22, 0xFE22, 0xFE22, 0xFE22, 0xFE22, 0xFE22,
  0xFE02, 0xD420, 0xD440, 0xD440, 0xDC40, 0x0000, 0x0000, 0x0000, 0x0000, 0x0000, 0x0000, 0x0000,
  0x0000, 0x0000, 0x0000, 0x0000, 0x0000, 0x0000, 0x0000, 0x0000, 0x0000, 0x0000, 0x0000, 0x0000,
  0x0000, 0x0000, 0x0000, 0x0000, 0x0000, 0x0000, 0x0000, 0x0000, 0x0000, 0x0000, 0x0000, 0x0000,
  0x0000, 0x0000, 0x0000, 0x0000, 0x0000, 0x0000, 0x0000, 0x0000, 0x0000, 0x0000, 0x0000, 0x0000,
  0x0000, 0x0000, 0x0000, 0x0000, 0x0000, 0x0000, 0x0000, 0x0000, 0x0000, 0x0000, 0x0000, 0x0000,
  0x0000, 0x0000, 0x0000, 0x0000, 0x0000, 0x0000, 0x0000, 0x0000, 0x0000, 0x0000, 0x0000, 0x0000,
  0x0000, 0x0000, 0x0000, 0x0000, 0x0000, 0x0000, 0x0000, 0x0000, 0x0000, 0x0000, 0x0000, 0x0000,
  0x0000, 0x0000, 0x0000, 0x0000, 0x0000, 0x0000, 0x0000, 0x0000, 0x0000, 0x0000, 0x0000, 0x0000,
  0x0000, 0x0000, 0x0000, 0x0000, 0x0000, 0x0000, 0x0000, 0x0000, 0x0000, 0x0000, 0x0000, 0x0000,
  0x0000, 0x0000, 0x0000, 0x0000, 0x0000, 0x0000, 0x0000, 0x0000, 0x0000, 0x0000, 0x0000, 0x0000,
  0x0000, 0x0000, 0x0000, 0x0000, 0x0000, 0x0000, 0x0000, 0x0000, 0x0000, 0x0000, 0x0000, 0x0000,
  0x0000, 0x0000, 0x0000, 0x0000, 0x0000, 0x0000, 0x0000, 0x0000, 0x0000, 0x0000, 0x0000, 0x0000,
  0x0000, 0x0000, 0x0000, 0x0000, 0x0000, 0x0000, 0x0000, 0x0000, 0x0000, 0x0000, 0x0000, 0x0000,
  0x0000, 0x0000, 0x0000, 0x0000, 0x0000, 0xCCC0, 0xED80, 0xED80, 0xED60, 0xFEE3, 0xFEE3, 0xFF03,
  0xFEE3, 0xFEE3, 0xFEE3, 0xFEE3, 0xFEE3, 0xFEE3, 0xFEE3, 0xFF72, 0xFF72, 0xFF72, 0xFF72, 0xFF72,
  0xFF72, 0xFF73, 0xFF72, 0xFF73, 0xFF72, 0xFF72, 0xFF72, 0xFF4F, 0xFEE3, 0xFEE3, 0xFEE3, 0xFEE3,
  0xFEE3, 0xFEE3, 0xFEE3, 0xFEE3, 0xFF03, 0xFF03, 0xFF03, 0xFF03, 0xFF03, 0xFF03, 0xFEE3, 0xFEE3,
  0xFF03, 0xFF03, 0xFEE3, 0xFEE3, 0xFEE3, 0xFF03, 0xFEE3, 0xFF03, 0xFF03, 0xFF03, 0xFF03, 0xFEE3,
  0xFF03, 0xFF03, 0xFF03, 0xFF03, 0xFF03, 0xFF03, 0xFF03, 0xFEE3, 0xFEE3, 0xFEE3, 0xFEE3, 0xFEE3,
  0xFE02, 0xFE02, 0xFE22, 0xFE02, 0xFE22, 0xFE22, 0xFE22, 0xFE22, 0xFE22, 0xFE22, 0xFE22, 0xFE22,
  0xFE02, 0xCC00, 0xD440, 0xD460, 0xE460, 0x0000, 0x0000, 0x0000, 0x0000, 0x0000, 0x0000, 0x0000,
  0x0000, 0x0000, 0x0000, 0x0000, 0x0000, 0x0000, 0x0000, 0x0000, 0x0000, 0x0000, 0x0000, 0x0000,
  0x0000, 0x0000, 0x0000, 0x0000, 0x0000, 0x0000, 0x0000, 0x0000, 0x0000, 0x0000, 0x0000, 0x0000,
  0x0000, 0x0000, 0x0000, 0x0000, 0x0000, 0x0000, 0x0000, 0x0000, 0x0000, 0x0000, 0x0000, 0x0000,
  0x0000, 0x0000, 0x0000, 0x0000, 0x0000, 0x0000, 0x0000, 0x0000, 0x0000, 0x0000, 0x0000, 0x0000,
  0x0000, 0x0000, 0x0000, 0x0000, 0x0000, 0x0000, 0x0000, 0x0000, 0x0000, 0x0000, 0x0000, 0x0000,
  0x0000, 0x0000, 0x0000, 0x0000, 0x0000, 0x0000, 0x0000, 0x0000, 0x0000, 0x0000, 0x0000, 0x0000,
  0x0000, 0x0000, 0x0000, 0x0000, 0x0000, 0x0000, 0x0000, 0x0000, 0x0000, 0x0000, 0x0000, 0x0000,
  0x0000, 0x0000, 0x0000, 0x0000, 0x0000, 0x0000, 0x0000, 0x0000, 0x0000, 0x0000, 0x0000, 0x0000,
  0x0000, 0x0000, 0x0000, 0x0000, 0x0000, 0x0000, 0x0000, 0x0000, 0x0000, 0x0000, 0x0000, 0x0000,
  0x0000, 0x0000, 0x0000, 0x0000, 0x0000, 0x0000, 0x0000, 0x0000, 0x0000, 0x0000, 0x0000, 0x0000,
  0x0000, 0x0000, 0x0000, 0x0000, 0x0000, 0x0000, 0x0000, 0x0000, 0x0000, 0x0000, 0x0000, 0x0000,
  0x0000, 0x0000, 0x0000, 0x0000, 0x0000, 0x0000, 0x0000, 0x0000, 0x0000, 0x0000, 0x0000, 0x0000,
  0x0000, 0x0000, 0x0000, 0x0000, 0x0000, 0xCD00, 0xED80, 0xED80, 0xED60, 0xFEE3, 0xFF03, 0xFEE3,
  0xFEE3, 0xFEE3, 0xFEE3, 0xFEE3, 0xFEE3, 0xFEE3, 0xFEE3, 0xFF72, 0xFF72, 0xFF72, 0xFF72, 0xFF72,
  0xFF72, 0xFF72, 0xFF73, 0xFF72, 0xFF73, 0xFF72, 0xFF72, 0xFF4F, 0xFEE3, 0xFEE3, 0xFEE3, 0xFEE3,
  0xFEE3, 0xFEE3, 0xFEE3, 0xFEE3, 0xFF03, 0xFF03, 0xFEE3, 0xFF03, 0xFEE3, 0xFF03, 0xFF03, 0xFEE3,
  0xFEE3, 0xFEE3, 0xFF03, 0xFF03, 0xFEE3, 0xFEE3, 0xFF03, 0xFF03, 0xFEE3, 0xFF03, 0xFF03, 0xFF03,
  0xFF03, 0xFF03, 0xFF03, 0xFEE3, 0xFF03, 0xFF03, 0xFEE3, 0xFEE3, 0xFEE3, 0xFEE3, 0xFEE3, 0xFEE3,
  0xFE02, 0xFE02, 0xFE22, 0xFE22, 0xFE22, 0xFE22, 0xFE22, 0xFE22, 0xFE22, 0xFE22, 0xFE22, 0xFE22,
  0xFE22, 0xCC00, 0xD440, 0xDC80, 0xE4A0, 0x0820, 0x0000, 0x0000, 0x0000, 0x0000, 0x0000, 0x0000,
  0x0000, 0x0000, 0x0000, 0x0000, 0x0000, 0x0000, 0x0000, 0x0000, 0x0000, 0x0000, 0x0000, 0x0000,
  0x0000, 0x0000, 0x0000, 0x0000, 0x0000, 0x0000, 0x0000, 0x0000, 0x0000, 0x0000, 0x0000, 0x0000,
  0x0000, 0x0000, 0x0000, 0x0000, 0x0000, 0x0000, 0x0000, 0x0000, 0x0000, 0x0000, 0x0000, 0x0000,
  0x0000, 0x0000, 0x0000, 0x0000, 0x0000, 0x0000, 0x0000, 0x0000, 0x0000, 0x0000, 0x0000, 0x0000,
  0x0000, 0x0000, 0x0000, 0x0000, 0x0000, 0x0000, 0x0000, 0x0000, 0x0000, 0x0000, 0x0000, 0x0000,
  0x0000, 0x0000, 0x0000, 0x0000, 0x0000, 0x0000, 0x0000, 0x0000, 0x0000, 0x0000, 0x0000, 0x0000,
  0x0000, 0x0000, 0x0000, 0x0000, 0x0000, 0x0000, 0x0000, 0x0000, 0x0000, 0x0000, 0x0000, 0x0000,
  0x0000, 0x0000, 0x0000, 0x0000, 0x0000, 0x0000, 0x0000, 0x0000, 0x0000, 0x0000, 0x0000, 0x0000,
  0x0000, 0x0000, 0x0000, 0x0000, 0x0000, 0x0000, 0x0000, 0x0000, 0x0000, 0x0000, 0x0000, 0x0000,
  0x0000, 0x0000, 0x0000, 0x0000, 0x0000, 0x0000, 0x0000, 0x0000, 0x0000, 0x0000, 0x0000, 0x0000,
  0x0000, 0x0000, 0x0000, 0x0000, 0x0000, 0x0000, 0x0000, 0x0000, 0x0000, 0x0000, 0x0000, 0x0000,
  0x0000, 0x0000, 0x0000, 0x0000, 0x0000, 0x0000, 0x0000, 0x0000, 0x0000, 0x0000, 0x0000, 0x0000,
  0x0000, 0x0000, 0x0000, 0x0000, 0x0000, 0xCD00, 0xED80, 0xED80, 0xED60, 0xFEE3, 0xFF03, 0xFEE3,
  0xFEE3, 0xFEE3, 0xFEE3, 0xFEE3, 0xFF03, 0xFEE3, 0xFEE3, 0xFF72, 0xFF72, 0xFF72, 0xFF72, 0xFF72,
  0xFF72, 0xFF72, 0xFF72, 0xFF72, 0xFF72, 0xFF72, 0xFF72, 0xFF4F, 0xFEE3, 0xFEE3, 0xFEE3, 0xFEE3,
  0xFEE3, 0xFEE3, 0xFEE3, 0xFF03, 0xFEE3, 0xFEE3, 0xFF03, 0xFF03, 0xFEE3, 0xFEE3, 0xFEE3, 0xFEE3,
  0xFEE3, 0xFEE3, 0xFEE3, 0xFF03, 0xFEE3, 0xFEE3, 0xFEE3, 0xFF03, 0xFF03, 0xFEE3, 0xFF03, 0xFF03,
  0xFEE3, 0xFF03, 0xFEE3, 0xFF03, 0xFEE3, 0xFF03, 0xFEE3, 0xFF03, 0xFF03, 0xFEE3, 0xFEE3, 0xFEE3,
  0xFE02, 0xFE02, 0xFE22, 0xFE22, 0xFE22, 0xFE22, 0xFE22, 0xFE22, 0xFE22, 0xFE22, 0xFE22, 0xFE22,
  0xFE02, 0xD480, 0xDCA0, 0xDCC0, 0xDCC0, 0xB3C0, 0xB380, 0xCC00, 0x0020, 0x0000, 0x0000, 0x0000,
  0x0000, 0x0000, 0x0000, 0x0000, 0x0000, 0x0000, 0x0000, 0x0000, 0x0000, 0x0000, 0x0000, 0x0000,
  0x0000, 0x0000, 0x0000, 0x0000, 0x0000, 0x0000, 0x0000, 0x0000, 0x0000, 0x0000, 0x0000, 0x0000,
  0x0000, 0x0000, 0x0000, 0x0000, 0x0000, 0x0000, 0x0000, 0x0000, 0x0000, 0x0000, 0x0000, 0x0000,
  0x0000, 0x0000, 0x0000, 0x0000, 0x0000, 0x0000, 0x0000, 0x0000, 0x0000, 0x0000, 0x0000, 0x0000,
  0x0000, 0x0000, 0x0000, 0x0000, 0x0000, 0x0000, 0x0000, 0x0000, 0x0000, 0x0000, 0x0000, 0x0000,
  0x0000, 0x0000, 0x0000, 0x0000, 0x0000, 0x0000, 0x0000, 0x0000, 0x0000, 0x0000, 0x0000, 0x0000,
  0x0000, 0x0000, 0x0000, 0x0000, 0x0000, 0x0000, 0x0000, 0x0000, 0x0000, 0x0000, 0x0000, 0x0000,
  0x0000, 0x0000, 0x0000, 0x0000, 0x0000, 0x0000, 0x0000, 0x0000, 0x0000, 0x0000, 0x0000, 0x0000,
  0x0000, 0x0000, 0x0000, 0x0000, 0x0000, 0x0000, 0x0000, 0x0000, 0x0000, 0x0000, 0x0000, 0x0000,
  0x0000, 0x0000, 0x0000, 0x0000, 0x0000, 0x0000, 0x0000, 0x0000, 0x0000, 0x0000, 0x0000, 0x0000,
  0x0000, 0x0000, 0x0000, 0x0000, 0x0000, 0x0000, 0x0000, 0x0000, 0x0000, 0x0000, 0x0000, 0x0000,
  0x0000, 0x0000, 0x0000, 0x0000, 0x0000, 0x0000, 0x0000, 0x0000, 0x0000, 0x0000, 0x0000, 0x0000,
  0x0000, 0x0000, 0x0000, 0x0000, 0x0000, 0xCCC0, 0xF580, 0xED80, 0xED60, 0xFEE3, 0xFF03, 0xFEE3,
  0xFEE3, 0xFEE3, 0xFEE3, 0xFEE3, 0xFEE3, 0xFEE3, 0xFEE3, 0xFF72, 0xFF72, 0xFF72, 0xFF72, 0xFF72,
  0xFF72, 0xFF73, 0xFF72, 0xFF72, 0xFF72, 0xFF72, 0xFF72, 0xFF4F, 0xFEE3, 0xFEE3, 0xFEE3, 0xFEE3,
  0xFEE3, 0xFEE3, 0xFEE3, 0xFF03, 0xFEE3, 0xFF03, 0xFF03, 0xFF03, 0xFEE3, 0xFEE3, 0xFEE3, 0xFEE3,
  0xFF03, 0xFF03, 0xFEE3, 0xFF03, 0xFF03, 0xFEE3, 0xFEE3, 0xFEE3, 0xFEE3, 0xFF03, 0xFEE3, 0xFEE3,
  0xFEE3, 0xFF03, 0xFF03, 0xFF03, 0xFEE3, 0xFF03, 0xFEE3, 0xFEE3, 0xFF03, 0xFEE3, 0xFEE3, 0xFEE3,
  0xFDE2, 0xFE02, 0xFE02, 0xFE22, 0xFE22, 0xFE22, 0xFE22, 0xFE22, 0xFE22, 0xFE22, 0xFE22, 0xFE22,
  0xFE02, 0xFE22, 0xFE22, 0xFE02, 0xD4A0, 0xCC20, 0xCC20, 0xDC80, 0x0820, 0x0000, 0x0000, 0x0000,
  0x0000, 0x0000, 0x0000, 0x0000, 0x0000, 0x0000, 0x0000, 0x0000, 0x0000, 0x0000, 0x0000, 0x0000,
  0x0000, 0x0000, 0x0000, 0x0000, 0x0000, 0x0000, 0x0000, 0x0000, 0x0000, 0x0000, 0x0000, 0x0000,
  0x0000, 0x0000, 0x0000, 0x0000, 0x0000, 0x0000, 0x0000, 0x0000, 0x0000, 0x0000, 0x0000, 0x0000,
  0x0000, 0x0000, 0x0000, 0x0000, 0x0000, 0x0000, 0x0000, 0x0000, 0x0000, 0x0000, 0x0000, 0x0000,
  0x0000, 0x0000, 0x0000, 0x0000, 0x0000, 0x0000, 0x0000, 0x0000, 0x0000, 0x0000, 0x0000, 0x0000,
  0x0000, 0x0000, 0x0000, 0x0000, 0x0000, 0x0000, 0x0000, 0x0000, 0x0000, 0x0000, 0x0000, 0x0000,
  0x0000, 0x0000, 0x0000, 0x0000, 0x0000, 0x0000, 0x0000, 0x0000, 0x0000, 0x0000, 0x0000, 0x0000,
  0x0000, 0x0000, 0x0000, 0x0000, 0x0000, 0x0000, 0x0000, 0x0000, 0x0000, 0x0000, 0x0000, 0x0000,
  0x0000, 0x0000, 0x0000, 0x0000, 0x0000, 0x0000, 0x0000, 0x0000, 0x0000, 0x0000, 0x0000, 0x0000,
  0x0000, 0x0000, 0x0000, 0x0000, 0x0000, 0x0000, 0x0000, 0x0000, 0x0000, 0x0000, 0x0000, 0x0000,
  0x0000, 0x0000, 0x0000, 0x0000, 0x0000, 0x0000, 0x0000, 0x0000, 0x0000, 0x0000, 0x0000, 0x0000,
  0x0000, 0x0000, 0x0000, 0x0000, 0x0000, 0x0000, 0x0000, 0x0000, 0x0000, 0x0000, 0x0000, 0x0000,
  0x0000, 0x0000, 0x0000, 0x0000, 0x0000, 0xCCE0, 0xED80, 0xED80, 0xED60, 0xFEE3, 0xFF03, 0xFEE3,
  0xFEE3, 0xFEE3, 0xFEE3, 0xFF03, 0xFF03, 0xFEE3, 0xFEE4, 0xFF72, 0xFF72, 0xFF72, 0xFF72, 0xFF72,
  0xFF72, 0xFF72, 0xFF72, 0xFF72, 0xFF72, 0xFF73, 0xFF73, 0xFF4F, 0xFEE3, 0xFEE3, 0xFEE3, 0xFEE3,
  0xFEE3, 0xFEE3, 0xFF03, 0xFEE3, 0xFEE3, 0xFEE3, 0xFEE3, 0xFEE3, 0xFF03, 0xFF03, 0xFF03, 0xFEE3,
  0xFF03, 0xFF03, 0xFEE3, 0xFEE3, 0xFEE3, 0xFEE3, 0xFF03, 0xFEE3, 0xFF03, 0xFF03, 0xFEE3, 0xFEE3,
  0xFF03, 0xFF03, 0xFF03, 0xFF03, 0xFEE3, 0xFEE3, 0xFF03, 0xFEE3, 0xFEE3, 0xFEE3, 0xFEE3, 0xFEE3,
  0xFDE2, 0xFE22, 0xFE22, 0xFE22, 0xFE22, 0xFE22, 0xFE22, 0xFE22, 0xFE22, 0xFE22, 0xFE22, 0xFE22,
  0xFE22, 0xFE22, 0xFE22, 0xFE02, 0xD4A0, 0xD440, 0xD440, 0xD460, 0x0820, 0x0000, 0x0000, 0x0000,
  0x0000, 0x0000, 0x0000, 0x0000, 0x0000, 0x0000, 0x0000, 0x0000, 0x0000, 0x0000, 0x0000, 0x0000,
  0x0000, 0x0000, 0x0000, 0x0000, 0x0000, 0x0000, 0x0000, 0x0000, 0x0000, 0x0000, 0x0000, 0x0000,
  0x0000, 0x0000, 0x0000, 0x0000, 0x0000, 0x0000, 0x0000, 0x0000, 0x0000, 0x0000, 0x0000, 0x0000,
  0x0000, 0x0000, 0x0000, 0x0000, 0x0000, 0x0000, 0x0000, 0x0000, 0x0000, 0x0000, 0x0000, 0x0000,
  0x0000, 0x0000, 0x0000, 0x0000, 0x0000, 0x0000, 0x0000, 0x0000, 0x0000, 0x0000, 0x0000, 0x0000,
  0x0000, 0x0000, 0x0000, 0x0000, 0x0000, 0x0000, 0x0000, 0x0000, 0x0000, 0x0000, 0x0000, 0x0000,
  0x0000, 0x0000, 0x0000, 0x0000, 0x0000, 0x0000, 0x0000, 0x0000, 0x0000, 0x0000, 0x0000, 0x0000,
  0x0000, 0x0000, 0x0000, 0x0000, 0x0000, 0x0000, 0x0000, 0x0000, 0x0000, 0x0000, 0x0000, 0x0000,
  0x0000, 0x0000, 0x0000, 0x0000, 0x0000, 0x0000, 0x0000, 0x0000, 0x0000, 0x0000, 0x0000, 0x0000,
  0x0000, 0x0000, 0x0000, 0x0000, 0x0000, 0x0000, 0x0000, 0x0000, 0x0000, 0x0000, 0x0000, 0x0000,
  0x0000, 0x0000, 0x0000, 0x0000, 0x0000, 0x0000, 0x0000, 0x0000, 0x0000, 0x0000, 0x0000, 0x0000,
  0x0000, 0x0000, 0x0000, 0x0000, 0x0000, 0x0000, 0x0000, 0x0000, 0x0000, 0x0000, 0x0000, 0x0000,
  0x0000, 0x0000, 0x0000, 0x0000, 0x0000, 0xCCE0, 0xED80, 0xED80, 0xED60, 0xFEE3, 0xFEE3, 0xFEE3,
  0xFEE3, 0xFF03, 0xFF03, 0xFEE3, 0xFF03, 0xFEE3, 0xFEE3, 0xFF72, 0xFF72, 0xFF72, 0xFF73, 0xFF72,
  0xFF72, 0xFF72, 0xFF72, 0xFF72, 0xFF73, 0xFF72, 0xFF73, 0xFF6F, 0xFEE3, 0xFEE3, 0xFEE3, 0xFEE3,
  0xFEE3, 0xFEE3, 0xFEE3, 0xFEE3, 0xFEE3, 0xFEE3, 0xFEE3, 0xFEE3, 0xFF03, 0xFEE3, 0xFF03, 0xFEE3,
  0xFEE3, 0xFEE3, 0xFF03, 0xFEE3, 0xFF03, 0xFF03, 0xFEE3, 0xFEE3, 0xFF03, 0xFEE3, 0xFF03, 0xFF03,
  0xFEE3, 0xFEE3, 0xFEE3, 0xFF03, 0xFF03, 0xFEE3, 0xFEE3, 0xFEE3, 0xFEE3, 0xFEE3, 0xFEE3, 0xFEE3,
  0xFE02, 0xFE02, 0xFE22, 0xFE22, 0xFE22, 0xFE22, 0xFE22, 0xFE22, 0xFE22, 0xFE22, 0xFE22, 0xFE22,
  0xFE22, 0xFE22, 0xFE22, 0xFE02, 0xD4A0, 0xD440, 0xD460, 0xDC60, 0x0820, 0x0000, 0x0000, 0x0000,
  0x0000, 0x0000, 0x0000, 0x0000, 0x0000, 0x0000, 0x0000, 0x0000, 0x0000, 0x0000, 0x0000, 0x0000,
  0x0000, 0x0000, 0x0000, 0x0000, 0x0000, 0x0000, 0x0000, 0x0000, 0x0000, 0x0000, 0x0000, 0x0000,
  0x0000, 0x0000, 0x0000, 0x0000, 0x0000, 0x0000, 0x0000, 0x0000, 0x0000, 0x0000, 0x0000, 0x0000,
  0x0000, 0x0000, 0x0000, 0x0000, 0x0000, 0x0000, 0x0000, 0x0000, 0x0000, 0x0000, 0x0000, 0x0000,
  0x0000, 0x0000, 0x0000, 0x0000, 0x0000, 0x0000, 0x0000, 0x0000, 0x0000, 0x0000, 0x0000, 0x0000,
  0x0000, 0x0000, 0x0000, 0x0000, 0x0000, 0x0000, 0x0000, 0x0000, 0x0000, 0x0000, 0x0000, 0x0000,
  0x0000, 0x0000, 0x0000, 0x0000, 0x0000, 0x0000, 0x0000, 0x0000, 0x0000, 0x0000, 0x0000, 0x0000,
  0x0000, 0x0000, 0x0000, 0x0000, 0x0000, 0x0000, 0x0000, 0x0000, 0x0000, 0x0000, 0x0000, 0x0000,
  0x0000, 0x0000, 0x0000, 0x0000, 0x0000, 0x0000, 0x0000, 0x0000, 0x0000, 0x0000, 0x0000, 0x0000,
  0x0000, 0x0000, 0x0000, 0x0000, 0x0000, 0x0000, 0x0000, 0x0000, 0x0000, 0x0000, 0x0000, 0x0000,
  0x0000, 0x0000, 0x0000, 0x0000, 0x0000, 0x0000, 0x0000, 0x0000, 0x0000, 0x0000, 0x0000, 0x0000,
  0x0000, 0x0000, 0x0000, 0x0000, 0x0000, 0x0000, 0x0000, 0x0000, 0x0000, 0x0000, 0x0000, 0x0000,
  0x0000, 0x0000, 0x0000, 0x0000, 0x0000, 0xCCE0, 0xED80, 0xED80, 0xED60, 0xFEE3, 0xFEE3, 0xFEE3,
  0xFEE3, 0xFF03, 0xFF03, 0xFF03, 0xFF03, 0xFEE3, 0xFEE4, 0xFF72, 0xFF72, 0xFF72, 0xFF72, 0xFF72,
  0xFF72, 0xFF72, 0xFF72, 0xFF72, 0xFF72, 0xFF73, 0xFF72, 0xFF4F, 0xFEE3, 0xFEE3, 0xFEE3, 0xFEE3,
  0xFEE3, 0xFEE3, 0xFEE3, 0xFEE3, 0xFEE3, 0xFEE3, 0xFEE3, 0xFEE3, 0xFEE3, 0xFF03, 0xFEE3, 0xFEE3,
  0xFEE3, 0xFEE3, 0xFEE3, 0xFEE3, 0xFEE3, 0xFEE3, 0xFF03, 0xFEE3, 0xFF03, 0xFEE3, 0xFEE3, 0xFEE3,
  0xFEE3, 0xFEE3, 0xFEE3, 0xFEE3, 0xFEE3, 0xFEE3, 0xFEE3, 0xFEE3, 0xFEE3, 0xFEE3, 0xFEE3, 0xFEE3,
  0xFE02, 0xFE02, 0xFE22, 0xFE22, 0xFE22, 0xFE02, 0xFE02, 0xFE22, 0xFE22, 0xFE22, 0xFE22, 0xFE22,
  0xFE22, 0xFE22, 0xFE22, 0xFE02, 0xDCC0, 0xD440, 0xD440, 0xE480, 0x0820, 0x0000, 0x0000, 0x0000,
  0x0000, 0x0000, 0x0000, 0x0000, 0x0000, 0x0000, 0x0000, 0x0000, 0x0000, 0x0000, 0x0000, 0x0000,
  0x0000, 0x0000, 0x0000, 0x0000, 0x0000, 0x0000, 0x0000, 0x0000, 0x0000, 0x0000, 0x0000, 0x0000,
  0x0000, 0x0000, 0x0000, 0x0000, 0x0000, 0x0000, 0x0000, 0x0000, 0x0000, 0x0000, 0x0000, 0x0000,
  0x0000, 0x0000, 0x0000, 0x0000, 0x0000, 0x0000, 0x0000, 0x0000, 0x0000, 0x0000, 0x0000, 0x0000,
  0x0000, 0x0000, 0x0000, 0x0000, 0x0000, 0x0000, 0x0000, 0x0000, 0x0000, 0x0000, 0x0000, 0x0000,
  0x0000, 0x0000, 0x0000, 0x0000, 0x0000, 0x0000, 0x0000, 0x0000, 0x0000, 0x0000, 0x0000, 0x0000,
  0x0000, 0x0000, 0x0000, 0x0000, 0x0000, 0x0000, 0x0000, 0x0000, 0x0000, 0x0000, 0x0000, 0x0000,
  0x0000, 0x0000, 0x0000, 0x0000, 0x0000, 0x0000, 0x0000, 0x0000, 0x0000, 0x0000, 0x0000, 0x0000,
  0x0000, 0x0000, 0x0000, 0x0000, 0x0000, 0x0000, 0x0000, 0x0000, 0x0000, 0x0000, 0x0000, 0x0000,
  0x0000, 0x0000, 0x0000, 0x0000, 0x0000, 0x0000, 0x0000, 0x0000, 0x0000, 0x0000, 0x0000, 0x0000,
  0x0000, 0x0000, 0x0000, 0x0000, 0x0000, 0x0000, 0x0000, 0x0000, 0x0000, 0x0000, 0x0000, 0x0000,
  0x0000, 0x0000, 0x0000, 0x0000, 0x0000, 0x0000, 0x0000, 0x0000, 0x0000, 0x0000, 0x0000, 0x0000,
  0x0000, 0x0000, 0x0000, 0x0000, 0x0000, 0xCCC0, 0xED80, 0xED80, 0xED60, 0xFEE3, 0xFEE3, 0xFEE3,
  0xFEE3, 0xFF03, 0xFEE3, 0xFF03, 0xFEE3, 0xFEE3, 0xFEE3, 0xFF72, 0xFF72, 0xFF73, 0xFF72, 0xFF72,
  0xFF72, 0xFF72, 0xFF72, 0xFF72, 0xFF72, 0xFF72, 0xFF72, 0xFF4F, 0xFEE3, 0xFEE3, 0xFEE3, 0xFEE3,
  0xFEE3, 0xFEE3, 0xFEE3, 0xFEE3, 0xFEE3, 0xFEE3, 0xFEE3, 0xFF03, 0xFEE3, 0xFEE3, 0xFF03, 0xFEE3,
  0xFF03, 0xFEE3, 0xFEE3, 0xFEE3, 0xFEE3, 0xFEE3, 0xFF03, 0xFEE3, 0xFF03, 0xFEE3, 0xFEE3, 0xFEE3,
  0xFEE3, 0xFEE3, 0xFF03, 0xFF03, 0xFEE3, 0xFEE3, 0xFEE3, 0xFEE3, 0xFF03, 0xFEE3, 0xFEE3, 0xFEE3,
  0xFE02, 0xFE02, 0xFE02, 0xFE22, 0xFE22, 0xFE22, 0xFE22, 0xFE22, 0xFE22, 0xFE22, 0xFE22, 0xFE22,
  0xFE22, 0xFE22, 0xFE22, 0xFE02, 0xE501, 0xDC60, 0xD440, 0xE480, 0x0820, 0x0000, 0x0000, 0x0000,
  0x0000, 0x0000, 0x0000, 0x0000, 0x0000, 0x0000, 0x0000, 0x0000, 0x0000, 0x0000, 0x0000, 0x0000,
  0x0000, 0x0000, 0x0000, 0x0000, 0x0000, 0x0000, 0x0000, 0x0000, 0x0000, 0x0000, 0x0000, 0x0000,
  0x0000, 0x0000, 0x0000, 0x0000, 0x0000, 0x0000, 0x0000, 0x0000, 0x0000, 0x0000, 0x0000, 0x0000,
  0x0000, 0x0000, 0x0000, 0x0000, 0x0000, 0x0000, 0x0000, 0x0000, 0x0000, 0x0000, 0x0000, 0x0000,
  0x0000, 0x0000, 0x0000, 0x0000, 0x0000, 0x0000, 0x0000, 0x0000, 0x0000, 0x0000, 0x0000, 0x0000,
  0x0000, 0x0000, 0x0000, 0x0000, 0x0000, 0x0000, 0x0000, 0x0000, 0x0000, 0x0000, 0x0000, 0x0000,
  0x0000, 0x0000, 0x0000, 0x0000, 0x0000, 0x0000, 0x0000, 0x0000, 0x0000, 0x0000, 0x0000, 0x0000,
  0x0000, 0x0000, 0x0000, 0x0000, 0x0000, 0x0000, 0x0000, 0x0000, 0x0000, 0x0000, 0x0000, 0x0000,
  0x0000, 0x0000, 0x0000, 0x0000, 0x0000, 0x0000, 0x0000, 0x0000, 0x0000, 0x0000, 0x0000, 0x0000,
  0x0000, 0x0000, 0x0000, 0x0000, 0x0000, 0x0000, 0x0000, 0x0000, 0x0000, 0x0000, 0x0000, 0x0000,
  0x0000, 0x0000, 0x0000, 0x0000, 0x0000, 0x0000, 0x0000, 0x0000, 0x0000, 0x0000, 0x0000, 0x0000,
  0x0000, 0x0000, 0x0000, 0x0000, 0x0000, 0x0000, 0x0000, 0x0000, 0x0000, 0x0000, 0x0000, 0x0000,
  0x0000, 0x0000, 0x0000, 0x0000, 0x0000, 0xCCE0, 0xED80, 0xED60, 0xED60, 0xFEE3, 0xFF03, 0xFF03,
  0xFF03, 0xFF03, 0xFEE3, 0xFEE3, 0xFF03, 0xFEE3, 0xFEE3, 0xFF72, 0xFF72, 0xFF73, 0xFF72, 0xFF72,
  0xFF72, 0xFF72, 0xFF72, 0xFF72, 0xFF72, 0xFF72, 0xFF73, 0xFF4F, 0xFEE3, 0xFEE3, 0xFEE3, 0xFEE3,
  0xFEE3, 0xFEE3, 0xFEE3, 0xFEE3, 0xFEE3, 0xFF03, 0xFEE3, 0xFEE3, 0xFEE3, 0xFEE3, 0xFF03, 0xFEE3,
  0xFEE3, 0xFEE3, 0xFEE3, 0xFEE3, 0xFF03, 0xFEE3, 0xFEE3, 0xFF03, 0xFEE3, 0xFEE3, 0xFEE3, 0xFEE3,
  0xFEE3, 0xFF03, 0xFEE3, 0xFEE3, 0xFF03, 0xFEE3, 0xFEE3, 0xFEE3, 0xFEE3, 0xFEE3, 0xFEE3, 0xFEE3,
  0xFE02, 0xFE02, 0xFE02, 0xFE02, 0xFE22, 0xFE02, 0xFE22, 0xFE22, 0xFE22, 0xFE22, 0xFE22, 0xFE22,
  0xFE22, 0xFE22, 0xFE22, 0xFE22, 0xE4E1, 0xDC60, 0xD440, 0xDC60, 0x0820, 0x0000, 0x0000, 0x0000,
  0x0000, 0x0000, 0x0000, 0x0000, 0x0000, 0x0000, 0x0000, 0x0000, 0x0000, 0x0000, 0x0000, 0x0000,
  0x0000, 0x0000, 0x0000, 0x0000, 0x0000, 0x0000, 0x0000, 0x0000, 0x0000, 0x0000, 0x0000, 0x0000,
  0x0000, 0x0000, 0x0000, 0x0000, 0x0000, 0x0000, 0x0000, 0x0000, 0x0000, 0x0000, 0x0000, 0x0000,
  0x0000, 0x0000, 0x0000, 0x0000, 0x0000, 0x0000, 0x0000, 0x0000, 0x0000, 0x0000, 0x0000, 0x0000,
  0x0000, 0x0000, 0x0000, 0x0000, 0x0000, 0x0000, 0x0000, 0x0000, 0x0000, 0x0000, 0x0000, 0x0000,
  0x0000, 0x0000, 0x0000, 0x0000, 0x0000, 0x0000, 0x0000, 0x0000, 0x0000, 0x0000, 0x0000, 0x0000,
  0x0000, 0x0000, 0x0000, 0x0000, 0x0000, 0x0000, 0x0000, 0x0000, 0x0000, 0x0000, 0x0000, 0x0000,
  0x0000, 0x0000, 0x0000, 0x0000, 0x0000, 0x0000, 0x0000, 0x0000, 0x0000, 0x0000, 0x0000, 0x0000,
  0x0000, 0x0000, 0x0000, 0x0000, 0x0000, 0x0000, 0x0000, 0x0000, 0x0000, 0x0000, 0x0000, 0x0000,
  0x0000, 0x0000, 0x0000, 0x0000, 0x0000, 0x0000, 0x0000, 0x0000, 0x0000, 0x0000, 0x0000, 0x0000,
  0x0000, 0x0000, 0x0000, 0x0000, 0x0000, 0x0000, 0x0000, 0x0000, 0x0000, 0x0000, 0x0000, 0x0000,
  0x0000, 0x0000, 0x0000, 0x0000, 0x0000, 0x0000, 0x0000, 0x0000, 0x0000, 0x0000, 0x0000, 0x0000,
  0x0000, 0x0000, 0x0000, 0x0000, 0x0000, 0xCCE0, 0xED80, 0xED60, 0xED60, 0xFEE3, 0xFEE3, 0xFEE3,
  0xFF03, 0xFEE3, 0xFEE3, 0xFEE3, 0xFEE3, 0xFEE3, 0xFEE3, 0xFF72, 0xFF72, 0xFF72, 0xFF72, 0xFF72,
  0xFF72, 0xFF72, 0xFF72, 0xFF72, 0xFF72, 0xFF72, 0xFF72, 0xFF72, 0xFF51, 0xFF52, 0xFF54, 0xFEE3,
  0xFEE3, 0xFEE3, 0xFEE3, 0xFEE3, 0xFEE3, 0xFEE3, 0xFEE3, 0xFEE3, 0xFEE3, 0xFEE3, 0xFEE3, 0xFEE3,
  0xFEE3, 0xFEE3, 0xFEE3, 0xFF03, 0xFEE3, 0xFEE3, 0xFEE3, 0xFEE3, 0xFF03, 0xFEE3, 0xFF03, 0xFF03,
  0xFEE3, 0xFEE3, 0xFEE3, 0xFEE3, 0xFEE3, 0xFEE3, 0xFEE3, 0xFF03, 0xFEE3, 0xFEE3, 0xFEE3, 0xFEE3,
  0xFE02, 0xFE02, 0xFE02, 0xFE02, 0xFE02, 0xFE22, 0xFE02, 0xFE22, 0xFE02, 0xFE22, 0xFE22, 0xFE22,
  0xFE22, 0xFE22, 0xFE02, 0xFE22, 0xE501, 0xDC60, 0xD460, 0xDC60, 0x0820, 0x0000, 0x0000, 0x0000,
  0x0000, 0x0000, 0x0000, 0x0000, 0x0000, 0x0000, 0x0000, 0x0000, 0x0000, 0x0000, 0x0000, 0x0000,
  0x0000, 0x0000, 0x0000, 0x0000, 0x0000, 0x0000, 0x0000, 0x0000, 0x0000, 0x0000, 0x0000, 0x0000,
  0x0000, 0x0000, 0x0000, 0x0000, 0x0000, 0x0000, 0x0000, 0x0000, 0x0000, 0x0000, 0x0000, 0x0000,
  0x0000, 0x0000, 0x0000, 0x0000, 0x0000, 0x0000, 0x0000, 0x0000, 0x0000, 0x0000, 0x0000, 0x0000,
  0x0000, 0x0000, 0x0000, 0x0000, 0x0000, 0x0000, 0x0000, 0x0000, 0x0000, 0x0000, 0x0000, 0x0000,
  0x0000, 0x0000, 0x0000, 0x0000, 0x0000, 0x0000, 0x0000, 0x0000, 0x0000, 0x0000, 0x0000, 0x0000,
  0x0000, 0x0000, 0x0000, 0x0000, 0x0000, 0x0000, 0x0000, 0x0000, 0x0000, 0x0000, 0x0000, 0x0000,
  0x0000, 0x0000, 0x0000, 0x0000, 0x0000, 0x0000, 0x0000, 0x0000, 0x0000, 0x0000, 0x0000, 0x0000,
  0x0000, 0x0000, 0x0000, 0x0000, 0x0000, 0x0000, 0x0000, 0x0000, 0x0000, 0x0000, 0x0000, 0x0000,
  0x0000, 0x0000, 0x0000, 0x0000, 0x0000, 0x0000, 0x0000, 0x0000, 0x0000, 0x0000, 0x0000, 0x0000,
  0x0000, 0x0000, 0x0000, 0x0000, 0x0000, 0x0000, 0x0000, 0x0000, 0x0000, 0x0000, 0x0000, 0x0000,
  0x0000, 0x0000, 0x0000, 0x0000, 0x0000, 0x0000, 0x0000, 0x0000, 0x0000, 0x0000, 0x0000, 0x0000,
  0x0000, 0x0000, 0x0000, 0x0000, 0x0000, 0xC4A0, 0xED80, 0xED60, 0xED60, 0xFEE3, 0xFEE3, 0xFF03,
  0xFF03, 0xFEE3, 0xFEE3, 0xFEE3, 0xFF03, 0xFEE3, 0xFEE3, 0xFF72, 0xFF72, 0xFF72, 0xFF72, 0xFF72,
  0xFF72, 0xFF72, 0xFF72, 0xFF72, 0xFF72, 0xFF72, 0xFF72, 0xFF72, 0xFF72, 0xFF72, 0xFF53, 0xFEE3,
  0xFEE3, 0xFEE3, 0xFEE3, 0xFEE3, 0xFEE3, 0xFEE3, 0xFEE3, 0xFEE3, 0xFEE3, 0xFEE3, 0xFEE3, 0xFF03,
  0xFEE3, 0xFEE3, 0xFF03, 0xFEE3, 0xFEE3, 0xFEE3, 0xFEE3, 0xFEE3, 0xFEE3, 0xFF03, 0xFEE3, 0xFF03,
  0xFF03, 0xFEE3, 0xFEE3, 0xFEE3, 0xFEE3, 0xFEE3, 0xFF03, 0xFEE3, 0xFF03, 0xFEE3, 0xFEE3, 0xFEE3,
  0xFE02, 0xFE02, 0xFE22, 0xFE02, 0xFE22, 0xFE22, 0xFE02, 0xFE02, 0xFE22, 0xFE22, 0xFE22, 0xFE22,
  0xFE22, 0xFE22, 0xFE02, 0xFE22, 0xE501, 0xDC60, 0xDC60, 0xDC80, 0x1040, 0x0000, 0x0000, 0x0000,
  0x0000, 0x0000, 0x0000, 0x0000, 0x0000, 0x0000, 0x0000, 0x0000, 0x0000, 0x0000, 0x0000, 0x0000,
  0x0000, 0x0000, 0x0000, 0x0000, 0x0000, 0x0000, 0x0000, 0x0000, 0x0000, 0x0000, 0x0000, 0x0000,
  0x0000, 0x0000, 0x0000, 0x0000, 0x0000, 0x0000, 0x0000, 0x0000, 0x0000, 0x0000, 0x0000, 0x0000,
  0x0000, 0x0000, 0x0000, 0x0000, 0x0000, 0x0000, 0x0000, 0x0000, 0x0000, 0x0000, 0x0000, 0x0000,
  0x0000, 0x0000, 0x0000, 0x0000, 0x0000, 0x0000, 0x0000, 0x0000, 0x0000, 0x0000, 0x0000, 0x0000,
  0x0000, 0x0000, 0x0000, 0x0000, 0x0000, 0x0000, 0x0000, 0x0000, 0x0000, 0x0000, 0x0000, 0x0000,
  0x0000, 0x0000, 0x0000, 0x0000, 0x0000, 0x0000, 0x0000, 0x0000, 0x0000, 0x0000, 0x0000, 0x0000,
  0x0000, 0x0000, 0x0000, 0x0000, 0x0000, 0x0000, 0x0000, 0x0000, 0x0000, 0x0000, 0x0000, 0x0000,
  0x0000, 0x0000, 0x0000, 0x0000, 0x0000, 0x0000, 0x0000, 0x0000, 0x0000, 0x0000, 0x0000, 0x0000,
  0x0000, 0x0000, 0x0000, 0x0000, 0x0000, 0x0000, 0x0000, 0x0000, 0x0000, 0x0000, 0x0000, 0x0000,
  0x0000, 0x0000, 0x0000, 0x0000, 0x0000, 0x0000, 0x0000, 0x0000, 0x0000, 0x0000, 0x0000, 0x0000,
  0x0000, 0x0000, 0x0000, 0x0000, 0x0000, 0x0000, 0x0000, 0x0000, 0x0000, 0x0000, 0x0000, 0x0000,
  0x0000, 0x0000, 0x0000, 0x0000, 0x0000, 0xCCE0, 0xED60, 0xED60, 0xED60, 0xFF03, 0xFEE3, 0xFEE3,
  0xFF03, 0xFEE3, 0xFEE3, 0xFEE3, 0xFEE3, 0xFEE3, 0xFEE3, 0xFF03, 0xFEE3, 0xFEE4, 0xFF4E, 0xFF72,
  0xFF72, 0xFF72, 0xFF72, 0xFF72, 0xFF72, 0xFF72, 0xFF72, 0xFF72, 0xFF72, 0xFF72, 0xFF52, 0xFEE3,
  0xFEE3, 0xFEE3, 0xFEE3, 0xFEE3, 0xFEE3, 0xFEE3, 0xFEE3, 0xFEE3, 0xFEE3, 0xFF03, 0xFEE3, 0xFEE3,
  0xFF03, 0xFEE3, 0xFF03, 0xFEE3, 0xFEE3, 0xFEE3, 0xFEE3, 0xFEE3, 0xFEE3, 0xFEE3, 0xFEE3, 0xFEE3,
  0xFF03, 0xFEE3, 0xFEE3, 0xFF03, 0xFEE3, 0xFEE3, 0xFEE3, 0xFEE3, 0xFEE3, 0xFEE3, 0xFEE3, 0xFEE3,
  0xFF03, 0xFEE3, 0xFEE3, 0xFEE3, 0xFE22, 0xFE22, 0xFE22, 0xFE02, 0xFE02, 0xFE22, 0xFE22, 0xFE22,
  0xFE22, 0xFE22, 0xFE22, 0xFE22, 0xFE22, 0xFE22, 0xFE22, 0xFE01, 0xDC60, 0xE480, 0xF4C0, 0x0000,
  0x0000, 0x0000, 0x0000, 0x0000, 0x0000, 0x0000, 0x0000, 0x0000, 0x0000, 0x0000, 0x0000, 0x0000,
  0x0000, 0x0000, 0x0000, 0x0000, 0x0000, 0x0000, 0x0000, 0x0000, 0x0000, 0x0000, 0x0000, 0x0000,
  0x0000, 0x0000, 0x0000, 0x0000, 0x0000, 0x0000, 0x0000, 0x0000, 0x0000, 0x0000, 0x0000, 0x0000,
  0x0000, 0x0000, 0x0000, 0x0000, 0x0000, 0x0000, 0x0000, 0x0000, 0x0000, 0x0000, 0x0000, 0x0000,
  0x0000, 0x0000, 0x0000, 0x0000, 0x0000, 0x0000, 0x0000, 0x0000, 0x0000, 0x0000, 0x0000, 0x0000,
  0x0000, 0x0000, 0x0000, 0x0000, 0x0000, 0x0000, 0x0000, 0x0000, 0x0000, 0x0000, 0x0000, 0x0000,
  0x0000, 0x0000, 0x0000, 0x0000, 0x0000, 0x0000, 0x0000, 0x0000, 0x0000, 0x0000, 0x0000, 0x0000,
  0x0000, 0x0000, 0x0000, 0x0000, 0x0000, 0x0000, 0x0000, 0x0000, 0x0000, 0x0000, 0x0000, 0x0000,
  0x0000, 0x0000, 0x0000, 0x0000, 0x0000, 0x0000, 0x0000, 0x0000, 0x0000, 0x0000, 0x0000, 0x0000,
  0x0000, 0x0000, 0x0000, 0x0000, 0x0000, 0x0000, 0x0000, 0x0000, 0x0000, 0x0000, 0x0000, 0x0000,
  0x0000, 0x0000, 0x0000, 0x0000, 0x0000, 0x0000, 0x0000, 0x0000, 0x0000, 0x0000, 0x0000, 0x0000,
  0x0000, 0x0000, 0x0000, 0x0000, 0x0000, 0x0000, 0x0000, 0x0000, 0x0000, 0x0000, 0x0000, 0x0000,
  0x0000, 0x0000, 0x0000, 0x0000, 0x0000, 0xCD00, 0xED60, 0xED60, 0xED80, 0xFEE3, 0xFEE3, 0xFEE3,
  0xFF03, 0xFF03, 0xFEE3, 0xFEE3, 0xFEE3, 0xFEE3, 0xFF03, 0xFEE3, 0xFEE3, 0xFEE4, 0xFF4D, 0xFF72,
  0xFF72, 0xFF72, 0xFF72, 0xFF72, 0xFF72, 0xFF72, 0xFF72, 0xFF72, 0xFF72, 0xFF72, 0xFF52, 0xFEE3,
  0xFEE3, 0xFEE3, 0xFEE3, 0xFEE3, 0xFEE3, 0xFEE3, 0xFEE3, 0xFEE3, 0xFEE3, 0xFEE3, 0xFEE3, 0xFF03,
  0xFF03, 0xFF03, 0xFF03, 0xFEE3, 0xFEE3, 0xFEE3, 0xFEE3, 0xFEE3, 0xFEE3, 0xFEE3, 0xFF03, 0xFEE3,
  0xFEE3, 0xFEE3, 0xFEE3, 0xFEE3, 0xFEE3, 0xFEE3, 0xFEE3, 0xFF03, 0xFEE3, 0xFEE3, 0xFEE3, 0xFEE3,
  0xFEE3, 0xFEE3, 0xFEE3, 0xFF03, 0xFE22, 0xFE22, 0xFE22, 0xFE22, 0xFE02, 0xFE22, 0xFE22, 0xFE22,
  0xFE22, 0xFE22, 0xFE22, 0xFE02, 0xFE02, 0xFE22, 0xFE02, 0xFDE1, 0xD420, 0xD440, 0xCC00, 0x0000,
  0x0000, 0x0000, 0x0000, 0x0000, 0x0000, 0x0000, 0x0000, 0x0000, 0x0000, 0x0000, 0x0000, 0x0000,
  0x0000, 0x0000, 0x0000, 0x0000, 0x0000, 0x0000, 0x0000, 0x0000, 0x0000, 0x0000, 0x0000, 0x0000,
  0x0000, 0x0000, 0x0000, 0x0000, 0x0000, 0x0000, 0x0000, 0x0000, 0x0000, 0x0000, 0x0000, 0x0000,
  0x0000, 0x0000, 0x0000, 0x0000, 0x0000, 0x0000, 0x0000, 0x0000, 0x0000, 0x0000, 0x0000, 0x0000,
  0x0000, 0x0000, 0x0000, 0x0000, 0x0000, 0x0000, 0x0000, 0x0000, 0x0000, 0x0000, 0x0000, 0x0000,
  0x0000, 0x0000, 0x0000, 0x0000, 0x0000, 0x0000, 0x0000, 0x0000, 0x0000, 0x0000, 0x0000, 0x0000,
  0x0000, 0x0000, 0x0000, 0x0000, 0x0000, 0x0000, 0x0000, 0x0000, 0x0000, 0x0000, 0x0000, 0x0000,
  0x0000, 0x0000, 0x0000, 0x0000, 0x0000, 0x0000, 0x0000, 0x0000, 0x0000, 0x0000, 0x0000, 0x0000,
  0x0000, 0x0000, 0x0000, 0x0000, 0x0000, 0x0000, 0x0000, 0x0000, 0x0000, 0x0000, 0x0000, 0x0000,
  0x0000, 0x0000, 0x0000, 0x0000, 0x0000, 0x0000, 0x0000, 0x0000, 0x0000, 0x0000, 0x0000, 0x0000,
  0x0000, 0x0000, 0x0000, 0x0000, 0x0000, 0x0000, 0x0000, 0x0000, 0x0000, 0x0000, 0x0000, 0x0000,
  0x0000, 0x0000, 0x0000, 0x0000, 0x0000, 0x0000, 0x0000, 0x0000, 0x0000, 0x0000, 0x0000, 0x0000,
  0x0000, 0x0000, 0x0000, 0x0000, 0x0000, 0xD520, 0xED80, 0xED60, 0xED60, 0xFF03, 0xFF03, 0xFEE3,
  0xFEE3, 0xFEE3, 0xFEE3, 0xFEE3, 0xFEE3, 0xFEE3, 0xFEE3, 0xFEE3, 0xFEE3, 0xFEE3, 0xFF2C, 0xFF72,
  0xFF72, 0xFF72, 0xFF72, 0xFF72, 0xFF72, 0xFF72, 0xFF72, 0xFF72, 0xFF72, 0xFF72, 0xFF73, 0xFEE3,
  0xFEE3, 0xFEE3, 0xFEE3, 0xFEE3, 0xFEE3, 0xFEE3, 0xFEE3, 0xFEE3, 0xFEE3, 0xFEE3, 0xFEE3, 0xFF03,
  0xFEE3, 0xFEE3, 0xFEE3, 0xFEE3, 0xFEE3, 0xFF03, 0xFEE3, 0xFF03, 0xFEE3, 0xFEE3, 0xFF03, 0xFF03,
  0xFF03, 0xFEE3, 0xFF03, 0xFF03, 0xFEE3, 0xFF03, 0xFF03, 0xFEE3, 0xFEE3, 0xFEE3, 0xFEE3, 0xFEE3,
  0xFEE3, 0xFEE3, 0xFEE3, 0xFF03, 0xFE22, 0xFE22, 0xFE22, 0xFE22, 0xFE22, 0xFE22, 0xFE22, 0xFE22,
  0xFE22, 0xFE22, 0xFE22, 0xFE22, 0xFE22, 0xFE02, 0xFE02, 0xFE02, 0xD460, 0xD460, 0xCC00, 0x0000,
  0x0000, 0x0000, 0x0000, 0x0000, 0x0000, 0x0000, 0x0000, 0x0000, 0x0000, 0x0000, 0x0000, 0x0000,
  0x0000, 0x0000, 0x0000, 0x0000, 0x0000, 0x0000, 0x0000, 0x0000, 0x0000, 0x0000, 0x0000, 0x0000,
  0x0000, 0x0000, 0x0000, 0x0000, 0x0000, 0x0000, 0x0000, 0x0000, 0x0000, 0x0000, 0x0000, 0x0000,
  0x0000, 0x0000, 0x0000, 0x0000, 0x0000, 0x0000, 0x0000, 0x0000, 0x0000, 0x0000, 0x0000, 0x0000,
  0x0000, 0x0000, 0x0000, 0x0000, 0x0000, 0x0000, 0x0000, 0x0000, 0x0000, 0x0000, 0x0000, 0x0000,
  0x0000, 0x0000, 0x0000, 0x0000, 0x0000, 0x0000, 0x0000, 0x0000, 0x0000, 0x0000, 0x0000, 0x0000,
  0x0000, 0x0000, 0x0000, 0x0000, 0x0000, 0x0000, 0x0000, 0x0000, 0x0000, 0x0000, 0x0000, 0x0000,
  0x0000, 0x0000, 0x0000, 0x0000, 0x0000, 0x0000, 0x0000, 0x0000, 0x0000, 0x0000, 0x0000, 0x0000,
  0x0000, 0x0000, 0x0000, 0x0000, 0x0000, 0x0000, 0x0000, 0x0000, 0x0000, 0x0000, 0x0000, 0x0000,
  0x0000, 0x0000, 0x0000, 0x0000, 0x0000, 0x0000, 0x0000, 0x0000, 0x0000, 0x0000, 0x0000, 0x0000,
  0x0000, 0x0000, 0x0000, 0x0000, 0x0000, 0x0000, 0x0000, 0x0000, 0x0000, 0x0000, 0x0000, 0x0000,
  0x0000, 0x0000, 0x0000, 0x0000, 0x0000, 0x0000, 0x0000, 0x0000, 0x0000, 0x0000, 0x0000, 0x0000,
  0x0000, 0x0000, 0x0000, 0x0000, 0x0000, 0xD560, 0xF580, 0xED60, 0xED60, 0xFEE3, 0xFEE3, 0xFEE3,
  0xFEE3, 0xFF03, 0xFF03, 0xFEE3, 0xFEE3, 0xFEE3, 0xFEE3, 0xFEE3, 0xFEE3, 0xFEE3, 0xFF2C, 0xFF72,
  0xFF72, 0xFF72, 0xFF72, 0xFF72, 0xFF72, 0xFF72, 0xFF72, 0xFF72, 0xFF72, 0xFF72, 0xFF53, 0xFEE3,
  0xFEE3, 0xFEE3, 0xFEE3, 0xFEE3, 0xFEE3, 0xFEE3, 0xFEE3, 0xFEE3, 0xFF03, 0xFEE3, 0xFF03, 0xFEE3,
  0xFEE3, 0xFEE3, 0xFEE3, 0xFEE3, 0xFEE3, 0xFEE3, 0xFF03, 0xFEE3, 0xFEE3, 0xFEE3, 0xFEE3, 0xFEE3,
  0xFF03, 0xFF03, 0xFEE3, 0xFEE3, 0xFEE3, 0xFEE3, 0xFEE3, 0xFF03, 0xFEE3, 0xFEE3, 0xFEE3, 0xFEE3,
  0xFEE3, 0xFF03, 0xFEE3, 0xFF03, 0xFE02, 0xFE22, 0xFE02, 0xFE02, 0xFE22, 0xFE22, 0xFE22, 0xFE22,
  0xFE22, 0xFE22, 0xFE22, 0xFE22, 0xFE22, 0xFE02, 0xFE22, 0xFE23, 0xDC60, 0xD460, 0xD440, 0x0000,
  0x0000, 0x0000, 0x0000, 0x0000, 0x0000, 0x0000, 0x0000, 0x0000, 0x0000, 0x0000, 0x0000, 0x0000,
  0x0000, 0x0000, 0x0000, 0x0000, 0x0000, 0x0000, 0x0000, 0x0000, 0x0000, 0x0000, 0x0000, 0x0000,
  0x0000, 0x0000, 0x0000, 0x0000, 0x0000, 0x0000, 0x0000, 0x0000, 0x0000, 0x0000, 0x0000, 0x0000,
  0x0000, 0x0000, 0x0000, 0x0000, 0x0000, 0x0000, 0x0000, 0x0000, 0x0000, 0x0000, 0x0000, 0x0000,
  0x0000, 0x0000, 0x0000, 0x0000, 0x0000, 0x0000, 0x0000, 0x0000, 0x0000, 0x0000, 0x0000, 0x0000,
  0x0000, 0x0000, 0x0000, 0x0000, 0x0000, 0x0000, 0x0000, 0x0000, 0x0000, 0x0000, 0x0000, 0x0000,
  0x0000, 0x0000, 0x0000, 0x0000, 0x0000, 0x0000, 0x0000, 0x0000, 0x0000, 0x0000, 0x0000, 0x0000,
  0x0000, 0x0000, 0x0000, 0x0000, 0x0000, 0x0000, 0x0000, 0x0000, 0x0000, 0x0000, 0x0000, 0x0000,
  0x0000, 0x0000, 0x0000, 0x0000, 0x0000, 0x0000, 0x0000, 0x0000, 0x0000, 0x0000, 0x0000, 0x0000,
  0x0000, 0x0000, 0x0000, 0x0000, 0x0000, 0x0000, 0x0000, 0x0000, 0x0000, 0x0000, 0x0000, 0x0000,
  0x0000, 0x0000, 0x0000, 0x0000, 0x0000, 0x0000, 0x0000, 0x0000, 0x0000, 0x0000, 0x0000, 0x0000,
  0x0000, 0x0000, 0x0000, 0x0000, 0x0000, 0x0000, 0x0000, 0x0000, 0x0000, 0x0000, 0x0000, 0x0000,
  0x0000, 0x0000, 0x0000, 0x0000, 0x0000, 0xD560, 0xF5A0, 0xED80, 0xE540, 0xFEE3, 0xFEE3, 0xFEE3,
  0xFEE3, 0xFF03, 0xFEE3, 0xFEE3, 0xFEE3, 0xFEE3, 0xFEE3, 0xFEE3, 0xFEE3, 0xFEE3, 0xFF4C, 0xFF72,
  0xFF72, 0xFF72, 0xFF72, 0xFF72, 0xFF72, 0xFF72, 0xFF72, 0xFF72, 0xFF72, 0xFF72, 0xFF73, 0xFEE3,
  0xFEE3, 0xFEE3, 0xFEE3, 0xFEE3, 0xFEE3, 0xFEE3, 0xFEE3, 0xFEE3, 0xFEE3, 0xFEE3, 0xFF03, 0xFEE3,
  0xFEE3, 0xFEE3, 0xFEE3, 0xFEE3, 0xFEE3, 0xFEE3, 0xFEE3, 0xFF03, 0xFEE3, 0xFEE3, 0xFEE3, 0xFEE3,
  0xFEE3, 0xFF03, 0xFEE3, 0xFEE3, 0xFEE3, 0xFEE3, 0xFF03, 0xFEE3, 0xFEE3, 0xFEE3, 0xFEE3, 0xFEE3,
  0xFEE3, 0xFF03, 0xFEE3, 0xFF03, 0xFE02, 0xFE02, 0xFE02, 0xFE02, 0xFE22, 0xFE22, 0xFE22, 0xFE22,
  0xFE22, 0xFE22, 0xFE22, 0xFE22, 0xFE22, 0xFE22, 0xFE22, 0xFE23, 0xDC60, 0xD440, 0xD440, 0x0000,
  0x0000, 0x0000, 0x0000, 0x0000, 0x0000, 0x0000, 0x0000, 0x0000, 0x0000, 0x0000, 0x0000, 0x0000,
  0x0000, 0x0000, 0x0000, 0x0000, 0x0000, 0x0000, 0x0000, 0x0000, 0x0000, 0x0000, 0x0000, 0x0000,
  0x0000, 0x0000, 0x0000, 0x0000, 0x0000, 0x0000, 0x0000, 0x0000, 0x0000, 0x0000, 0x0000, 0x0000,
  0x0000, 0x0000, 0x0000, 0x0000, 0x0000, 0x0000, 0x0000, 0x0000, 0x0000, 0x0000, 0x0000, 0x0000,
  0x0000, 0x0000, 0x0000, 0x0000, 0x0000, 0x0000, 0x0000, 0x0000, 0x0000, 0x0000, 0x0000, 0x0000,
  0x0000, 0x0000, 0x0000, 0x0000, 0x0000, 0x0000, 0x0000, 0x0000, 0x0000, 0x0000, 0x0000, 0x0000,
  0x0000, 0x0000, 0x0000, 0x0000, 0x0000, 0x0000, 0x0000, 0x0000, 0x0000, 0x0000, 0x0000, 0x0000,
  0x0000, 0x0000, 0x0000, 0x0000, 0x0000, 0x0000, 0x0000, 0x0000, 0x0000, 0x0000, 0x0000, 0x0000,
  0x0000, 0x0000, 0x0000, 0x0000, 0x0000, 0x0000, 0x0000, 0x0000, 0x0000, 0x0000, 0x0000, 0x0000,
  0x0000, 0x0000, 0x0000, 0x0000, 0x0000, 0x0000, 0x0000, 0x0000, 0x0000, 0x0000, 0x0000, 0x0000,
  0x0000, 0x0000, 0x0000, 0x0000, 0x0000, 0x0000, 0x0000, 0x0000, 0x0000, 0x0000, 0x0000, 0x0000,
  0x0000, 0x0000, 0x0000, 0x0000, 0x0000, 0x0000, 0x0000, 0x0000, 0x0000, 0x0000, 0x0000, 0x0000,
  0x0000, 0x0000, 0x0000, 0x0000, 0x0000, 0xC520, 0xED80, 0xF5A1, 0xED61, 0xFEE2, 0xFEE3, 0xFEE3,
  0xFEE3, 0xFEE3, 0xFEE3, 0xFEE3, 0xFF03, 0xFEE3, 0xFEE3, 0xFEE3, 0xFEE3, 0xFEE3, 0xFF4D, 0xFF72,
  0xFF72, 0xFF72, 0xFF72, 0xFF72, 0xFF72, 0xFF72, 0xFF72, 0xFF72, 0xFF72, 0xFF72, 0xFF73, 0xFEE3,
  0xFEE3, 0xFEE3, 0xFEE3, 0xFEE3, 0xFEE3, 0xFEE3, 0xFEE3, 0xFEE3, 0xFEE3, 0xFF03, 0xFEE3, 0xFEE3,
  0xFEE3, 0xFEE3, 0xFF03, 0xFEE3, 0xFEE3, 0xFEE3, 0xFF03, 0xFF03, 0xFF03, 0xFEE3, 0xFEE3, 0xFEE3,
  0xFF03, 0xFEE3, 0xFEE3, 0xFEE3, 0xFEE3, 0xFF03, 0xFF03, 0xFEE3, 0xFEE3, 0xFEE3, 0xFEE3, 0xFF03,
  0xFF03, 0xFF03, 0xFEE3, 0xFF03, 0xFE22, 0xFE02, 0xFE22, 0xFE22, 0xFE22, 0xFE22, 0xFE22, 0xFE22,
  0xFE22, 0xFE22, 0xFE22, 0xFE22, 0xFE22, 0xFE22, 0xFE22, 0xFE02, 0xDC60, 0xD440, 0xC420, 0x0000,
  0x0000, 0x0000, 0x0000, 0x0000, 0x0000, 0x0000, 0x0000, 0x0000, 0x0000, 0x0000, 0x0000, 0x0000,
  0x0000, 0x0000, 0x0000, 0x0000, 0x0000, 0x0000, 0x0000, 0x0000, 0x0000, 0x0000, 0x0000, 0x0000,
  0x0000, 0x0000, 0x0000, 0x0000, 0x0000, 0x0000, 0x0000, 0x0000, 0x0000, 0x0000, 0x0000, 0x0000,
  0x0000, 0x0000, 0x0000, 0x0000, 0x0000, 0x0000, 0x0000, 0x0000, 0x0000, 0x0000, 0x0000, 0x0000,
  0x0000, 0x0000, 0x0000, 0x0000, 0x0000, 0x0000, 0x0000, 0x0000, 0x0000, 0x0000, 0x0000, 0x0000,
  0x0000, 0x0000, 0x0000, 0x0000, 0x0000, 0x0000, 0x0000, 0x0000, 0x0000, 0x0000, 0x0000, 0x0000,
  0x0000, 0x0000, 0x0000, 0x0000, 0x0000, 0x0000, 0x0000, 0x0000, 0x0000, 0x0000, 0x0000, 0x0000,
  0x0000, 0x0000, 0x0000, 0x0000, 0x0000, 0x0000, 0x0000, 0x0000, 0x0000, 0x0000, 0x0000, 0x0000,
  0x0000, 0x0000, 0x0000, 0x0000, 0x0000, 0x0000, 0x0000, 0x0000, 0x0000, 0x0000, 0x0000, 0x0000,
  0x0000, 0x0000, 0x0000, 0x0000, 0x0000, 0x0000, 0x0000, 0x0000, 0x0000, 0x0000, 0x0000, 0x0000,
  0x0000, 0x0000, 0x0000, 0x0000, 0x0000, 0x0000, 0x0000, 0x0000, 0x0000, 0x0000, 0x0000, 0x0000,
  0x0000, 0x0000, 0x0000, 0x0000, 0x0000, 0x0000, 0x0000, 0x0000, 0x0000, 0x0000, 0x0000, 0x0000,
  0x0000, 0x0000, 0x0000, 0x0000, 0x0000, 0x1060, 0x1880, 0x20C0, 0x1080, 0xED80, 0xED80, 0xED80,
  0xFF03, 0xFF03, 0xFF03, 0xFEE3, 0xFEE3, 0xFEE3, 0xFEE3, 0xFEE3, 0xFEE3, 0xFEE3, 0xFF4D, 0xFF72,
  0xFF72, 0xFF72, 0xFF72, 0xFF72, 0xFF72, 0xFF72, 0xFF72, 0xFF72, 0xFF72, 0xFF72, 0xFF73, 0xFEE3,
  0xFEE3, 0xFEE3, 0xFEE3, 0xFEE3, 0xFEE3, 0xFEE3, 0xFEE3, 0xFEE3, 0xFEE3, 0xFEE3, 0xFEE3, 0xFEE3,
  0xFEE3, 0xFF03, 0xFF03, 0xFF03, 0xFEE3, 0xFF03, 0xFEE3, 0xFEE3, 0xFF03, 0xFEE3, 0xFEE3, 0xFEE3,
  0xFEE3, 0xFEE3, 0xFEE3, 0xFF03, 0xFEE3, 0xFEE3, 0xFEE3, 0xFEE3, 0xFEE3, 0xFEE3, 0xFEE3, 0xFEE3,
  0xFEE3, 0xFEE3, 0xFEE3, 0xFF03, 0xFE22, 0xFE02, 0xFE22, 0xFE22, 0xFE22, 0xFE22, 0xFE22, 0xFE22,
  0xFE22, 0xFE22, 0xFE22, 0xFE22, 0xFE22, 0xFE22, 0xFE22, 0xFE02, 0xD460, 0xD460, 0xCC20, 0x0000,
  0x0000, 0x0000, 0x0000, 0x0000, 0x0000, 0x0000, 0x0000, 0x0000, 0x0000, 0x0000, 0x0000, 0x0000,
  0x0000, 0x0000, 0x0000, 0x0000, 0x0000, 0x0000, 0x0000, 0x0000, 0x0000, 0x0000, 0x0000, 0x0000,
  0x0000, 0x0000, 0x0000, 0x0000, 0x0000, 0x0000, 0x0000, 0x0000, 0x0000, 0x0000, 0x0000, 0x0000,
  0x0000, 0x0000, 0x0000, 0x0000, 0x0000, 0x0000, 0x0000, 0x0000, 0x0000, 0x0000, 0x0000, 0x0000,
  0x0000, 0x0000, 0x0000, 0x0000, 0x0000, 0x0000, 0x0000, 0x0000, 0x0000, 0x0000, 0x0000, 0x0000,
  0x0000, 0x0000, 0x0000, 0x0000, 0x0000, 0x0000, 0x0000, 0x0000, 0x0000, 0x0000, 0x0000, 0x0000,
  0x0000, 0x0000, 0x0000, 0x0000, 0x0000, 0x0000, 0x0000, 0x0000, 0x0000, 0x0000, 0x0000, 0x0000,
  0x0000, 0x0000, 0x0000, 0x0000, 0x0000, 0x0000, 0x0000, 0x0000, 0x0000, 0x0000, 0x0000, 0x0000,
  0x0000, 0x0000, 0x0000, 0x0000, 0x0000, 0x0000, 0x0000, 0x0000, 0x0000, 0x0000, 0x0000, 0x0000,
  0x0000, 0x0000, 0x0000, 0x0000, 0x0000, 0x0000, 0x0000, 0x0000, 0x0000, 0x0000, 0x0000, 0x0000,
  0x0000, 0x0000, 0x0000, 0x0000, 0x0000, 0x0000, 0x0000, 0x0000, 0x0000, 0x0000, 0x0000, 0x0000,
  0x0000, 0x0000, 0x0000, 0x0000, 0x0000, 0x0000, 0x0000, 0x0000, 0x0000, 0x0000, 0x0000, 0x0000,
  0x0000, 0x0000, 0x0000, 0x0000, 0x0000, 0x0000, 0x0000, 0x0000, 0x0000, 0xF5A0, 0xED80, 0xED80,
  0xFF23, 0xFEE3, 0xFF03, 0xFEE3, 0xFEE3, 0xFEE3, 0xFEE3, 0xFEE3, 0xFEE3, 0xFEE3, 0xFF4D, 0xFF72,
  0xFF72, 0xFF72, 0xFF72, 0xFF72, 0xFF72, 0xFF72, 0xFF72, 0xFF72, 0xFF72, 0xFF72, 0xFF72, 0xFEE3,
  0xFEE3, 0xFEE3, 0xFEE3, 0xFEE3, 0xFEE3, 0xFEE3, 0xFEE3, 0xFEE3, 0xFEE3, 0xFEE3, 0xFEE3, 0xFEE3,
  0xFEE3, 0xFEE3, 0xFEE3, 0xFF03, 0xFF03, 0xFF03, 0xFF03, 0xFEE3, 0xFF03, 0xFEE3, 0xFF03, 0xFEE3,
  0xFEE3, 0xFEE3, 0xFEE3, 0xFEE3, 0xFEE3, 0xFEE3, 0xFEE3, 0xFEE3, 0xFEE3, 0xFEE3, 0xFEE3, 0xFF03,
  0xFEE3, 0xFEE3, 0xFEE3, 0xFF03, 0xFE22, 0xFE22, 0xFE22, 0xFE22, 0xFE22, 0xFE22, 0xFE22, 0xFE22,
  0xFE22, 0xFE22, 0xFE22, 0xFE22, 0xFE22, 0xFE22, 0xFE22, 0xFE01, 0xD440, 0xDC60, 0xD440, 0x0000,
  0x0000, 0x0000, 0x0000, 0x0000, 0x0000, 0x0000, 0x0000, 0x0000, 0x0000, 0x0000, 0x0000, 0x0000,
  0x0000, 0x0000, 0x0000, 0x0000, 0x0000, 0x0000, 0x0000, 0x0000, 0x0000, 0x0000, 0x0000, 0x0000,
  0x0000, 0x0000, 0x0000, 0x0000, 0x0000, 0x0000, 0x0000, 0x0000, 0x0000, 0x0000, 0x0000, 0x0000,
  0x0000, 0x0000, 0x0000, 0x0000, 0x0000, 0x0000, 0x0000, 0x0000, 0x0000, 0x0000, 0x0000, 0x0000,
  0x0000, 0x0000, 0x0000, 0x0000, 0x0000, 0x0000, 0x0000, 0x0000, 0x0000, 0x0000, 0x0000, 0x0000,
  0x0000, 0x0000, 0x0000, 0x0000, 0x0000, 0x0000, 0x0000, 0x0000, 0x0000, 0x0000, 0x0000, 0x0000,
  0x0000, 0x0000, 0x0000, 0x0000, 0x0000, 0x0000, 0x0000, 0x0000, 0x0000, 0x0000, 0x0000, 0x0000,
  0x0000, 0x0000, 0x0000, 0x0000, 0x0000, 0x0000, 0x0000, 0x0000, 0x0000, 0x0000, 0x0000, 0x0000,
  0x0000, 0x0000, 0x0000, 0x0000, 0x0000, 0x0000, 0x0000, 0x0000, 0x0000, 0x0000, 0x0000, 0x0000,
  0x0000, 0x0000, 0x0000, 0x0000, 0x0000, 0x0000, 0x0000, 0x0000, 0x0000, 0x0000, 0x0000, 0x0000,
  0x0000, 0x0000, 0x0000, 0x0000, 0x0000, 0x0000, 0x0000, 0x0000, 0x0000, 0x0000, 0x0000, 0x0000,
  0x0000, 0x0000, 0x0000, 0x0000, 0x0000, 0x0000, 0x0000, 0x0000, 0x0000, 0x0000, 0x0000, 0x0000,
  0x0000, 0x0000, 0x0000, 0x0000, 0x0000, 0x0000, 0x0000, 0x0000, 0x0000, 0xED80, 0xED80, 0xF580,
  0xFF23, 0xFF03, 0xFEE3, 0xFEE3, 0xFF03, 0xFEE3, 0xFEE3, 0xFEE3, 0xFEE3, 0xFEE3, 0xFF4D, 0xFF72,
  0xFF72, 0xFF72, 0xFF72, 0xFF72, 0xFF72, 0xFF72, 0xFF72, 0xFF72, 0xFF72, 0xFF72, 0xFF72, 0xFEE3,
  0xFEE3, 0xFEE3, 0xFEE3, 0xFEE3, 0xFEE3, 0xFEE3, 0xFEE3, 0xFEE3, 0xFEE3, 0xFEE3, 0xFEE3, 0xFEE3,
  0xFEE3, 0xFF03, 0xFEE3, 0xFEE3, 0xFEE3, 0xFEE3, 0xFF03, 0xFEE3, 0xFEE3, 0xFF03, 0xFEE3, 0xFEE3,
  0xFEE3, 0xFEE3, 0xFEE3, 0xFEE3, 0xFEE3, 0xFEE3, 0xFEE3, 0xFEE3, 0xFEE3, 0xFEE3, 0xFEE3, 0xFEE3,
  0xFEE3, 0xFEE3, 0xFEE3, 0xFEE3, 0xFE22, 0xFE22, 0xFE22, 0xFE22, 0xFE22, 0xFE22, 0xFE22, 0xFE22,
  0xFE22, 0xFE22, 0xFE22, 0xFE22, 0xFE22, 0xFE22, 0xFE22, 0xFE02, 0xD440, 0xD460, 0xDC80, 0x0000,
  0x0000, 0x0000, 0x0000, 0x0000, 0x0000, 0x0000, 0x0000, 0x0000, 0x0000, 0x0000, 0x0000, 0x0000,
  0x0000, 0x0000, 0x0000, 0x0000, 0x0000, 0x0000, 0x0000, 0x0000, 0x0000, 0x0000, 0x0000, 0x0000,
  0x0000, 0x0000, 0x0000, 0x0000, 0x0000, 0x0000, 0x0000, 0x0000, 0x0000, 0x0000, 0x0000, 0x0000,
  0x0000, 0x0000, 0x0000, 0x0000, 0x0000, 0x0000, 0x0000, 0x0000, 0x0000, 0x0000, 0x0000, 0x0000,
  0x0000, 0x0000, 0x0000, 0x0000, 0x0000, 0x0000, 0x0000, 0x0000, 0x0000, 0x0000, 0x0000, 0x0000,
  0x0000, 0x0000, 0x0000, 0x0000, 0x0000, 0x0000, 0x0000, 0x0000, 0x0000, 0x0000, 0x0000, 0x0000,
  0x0000, 0x0000, 0x0000, 0x0000, 0x0000, 0x0000, 0x0000, 0x0000, 0x0000, 0x0000, 0x0000, 0x0000,
  0x0000, 0x0000, 0x0000, 0x0000, 0x0000, 0x0000, 0x0000, 0x0000, 0x0000, 0x0000, 0x0000, 0x0000,
  0x0000, 0x0000, 0x0000, 0x0000, 0x0000, 0x0000, 0x0000, 0x0000, 0x0000, 0x0000, 0x0000, 0x0000,
  0x0000, 0x0000, 0x0000, 0x0000, 0x0000, 0x0000, 0x0000, 0x0000, 0x0000, 0x0000, 0x0000, 0x0000,
  0x0000, 0x0000, 0x0000, 0x0000, 0x0000, 0x0000, 0x0000, 0x0000, 0x0000, 0x0000, 0x0000, 0x0000,
  0x0000, 0x0000, 0x0000, 0x0000, 0x0000, 0x0000, 0x0000, 0x0000, 0x0000, 0x0000, 0x0000, 0x0000,
  0x0000, 0x0000, 0x0000, 0x0000, 0x0000, 0x0000, 0x0000, 0x0000, 0x0000, 0xED81, 0xF5A0, 0xF5A0,
  0xFF03, 0xFEE3, 0xFF03, 0xFF03, 0xFEE3, 0xFEE3, 0xFEE3, 0xFEE3, 0xFEE3, 0xFEE3, 0xFF2C, 0xFF70,
  0xFF72, 0xFF92, 0xFF72, 0xFF72, 0xFF72, 0xFF72, 0xFF72, 0xFF72, 0xFF72, 0xFF72, 0xFF73, 0xFEE3,
  0xFEE3, 0xFEE2, 0xFEE2, 0xFEE3, 0xFEE3, 0xFEE3, 0xFEE3, 0xFEE3, 0xFEE3, 0xFEE3, 0xFEE3, 0xFEE3,
  0xFEE3, 0xFF03, 0xFF03, 0xFEE3, 0xFEE3, 0xFF03, 0xFEE3, 0xFEE3, 0xFEE3, 0xFF03, 0xFEE3, 0xFEE3,
  0xFEE3, 0xFEE3, 0xFEE3, 0xFEE3, 0xFEE3, 0xFEE3, 0xFEE3, 0xFEE3, 0xFEE3, 0xFEE3, 0xFEE3, 0xFEE3,
  0xFEE3, 0xFEE3, 0xFEE3, 0xFEE3, 0xFEE3, 0xFEE3, 0xFEE3, 0xFE02, 0xFE02, 0xFE22, 0xFE22, 0xFE22,
  0xFE22, 0xFE22, 0xFE22, 0xFE22, 0xFE22, 0xFE22, 0xFE22, 0xFE22, 0xFE22, 0xFE21, 0xFE41, 0xD440,
  0xD440, 0xD440, 0x0000, 0x0000, 0x0000, 0x0000, 0x0000, 0x0000, 0x0000, 0x0000, 0x0000, 0x0000,
  0x0000, 0x0000, 0x0000, 0x0000, 0x0000, 0x0000, 0x0000, 0x0000, 0x0000, 0x0000, 0x0000, 0x0000,
  0x0000, 0x0000, 0x0000, 0x0000, 0x0000, 0x0000, 0x0000, 0x0000, 0x0000, 0x0000, 0x0000, 0x0000,
  0x0000, 0x0000, 0x0000, 0x0000, 0x0000, 0x0000, 0x0000, 0x0000, 0x0000, 0x0000, 0x0000, 0x0000,
  0x0000, 0x0000, 0x0000, 0x0000, 0x0000, 0x0000, 0x0000, 0x0000, 0x0000, 0x0000, 0x0000, 0x0000,
  0x0000, 0x0000, 0x0000, 0x0000, 0x0000, 0x0000, 0x0000, 0x0000, 0x0000, 0x0000, 0x0000, 0x0000,
  0x0000, 0x0000, 0x0000, 0x0000, 0x0000, 0x0000, 0x0000, 0x0000, 0x0000, 0x0000, 0x0000, 0x0000,
  0x0000, 0x0000, 0x0000, 0x0000, 0x0000, 0x0000, 0x0000, 0x0000, 0x0000, 0x0000, 0x0000, 0x0000,
  0x0000, 0x0000, 0x0000, 0x0000, 0x0000, 0x0000, 0x0000, 0x0000, 0x0000, 0x0000, 0x0000, 0x0000,
  0x0000, 0x0000, 0x0000, 0x0000, 0x0000, 0x0000, 0x0000, 0x0000, 0x0000, 0x0000, 0x0000, 0x0000,
  0x0000, 0x0000, 0x0000, 0x0000, 0x0000, 0x0000, 0x0000, 0x0000, 0x0000, 0x0000, 0x0000, 0x0000,
  0x0000, 0x0000, 0x0000, 0x0000, 0x0000, 0x0000, 0x0000, 0x0000, 0x0000, 0x0000, 0x0000, 0x0000,
  0x0000, 0x0000, 0x0000, 0x0000, 0x0000, 0x0000, 0x0000, 0x0000, 0x0000, 0xED80, 0xF580, 0xED80,
  0xFF03, 0xFEE3, 0xFF03, 0xFEE3, 0xFEE3, 0xFEE3, 0xFEE3, 0xFEE3, 0xFEE3, 0xFEE3, 0xFEE3, 0xFEE3,
  0xFEE4, 0xFF04, 0xFF72, 0xFF72, 0xFF72, 0xFF72, 0xFF72, 0xFF72, 0xFF72, 0xFF72, 0xFF72, 0xFEE3,
  0xFEE3, 0xFEE3, 0xFEE3, 0xFEE3, 0xFEE3, 0xFEE3, 0xFEE3, 0xFEE3, 0xFEE3, 0xFEE3, 0xFEE3, 0xFEE3,
  0xFEE3, 0xFEE3, 0xFF03, 0xFEE3, 0xFF03, 0xFEE3, 0xFEE3, 0xFEE3, 0xFEE3, 0xFF03, 0xFF03, 0xFEE3,
  0xFEE3, 0xFEE3, 0xFEE3, 0xFEE3, 0xFEE3, 0xFEE3, 0xFEE3, 0xFEE3, 0xFEE3, 0xFEE3, 0xFF03, 0xFEE3,
  0xFF03, 0xFF03, 0xFEE3, 0xFEE3, 0xFEE3, 0xFEE3, 0xFEE3, 0xFE02, 0xFE22, 0xFE22, 0xFE02, 0xFE22,
  0xFE22, 0xFE22, 0xFE22, 0xFE22, 0xFE22, 0xFE22, 0xFE22, 0xFE02, 0xFE22, 0xFE22, 0xFE41, 0xD440,
  0xD440, 0xCC20, 0x0000, 0x0000, 0x0000, 0x0000, 0x0000, 0x0000, 0x0000, 0x0000, 0x0000, 0x0000,
  0x0000, 0x0000, 0x0000, 0x0000, 0x0000, 0x0000, 0x0000, 0x0000, 0x0000, 0x0000, 0x0000, 0x0000,
  0x0000, 0x0000, 0x0000, 0x0000, 0x0000, 0x0000, 0x0000, 0x0000, 0x0000, 0x0000, 0x0000, 0x0000,
  0x0000, 0x0000, 0x0000, 0x0000, 0x0000, 0x0000, 0x0000, 0x0000, 0x0000, 0x0000, 0x0000, 0x0000,
  0x0000, 0x0000, 0x0000, 0x0000, 0x0000, 0x0000, 0x0000, 0x0000, 0x0000, 0x0000, 0x0000, 0x0000,
  0x0000, 0x0000, 0x0000, 0x0000, 0x0000, 0x0000, 0x0000, 0x0000, 0x0000, 0x0000, 0x0000, 0x0000,
  0x0000, 0x0000, 0x0000, 0x0000, 0x0000, 0x0000, 0x0000, 0x0000, 0x0000, 0x0000, 0x0000, 0x0000,
  0x0000, 0x0000, 0x0000, 0x0000, 0x0000, 0x0000, 0x0000, 0x0000, 0x0000, 0x0000, 0x0000, 0x0000,
  0x0000, 0x0000, 0x0000, 0x0000, 0x0000, 0x0000, 0x0000, 0x0000, 0x0000, 0x0000, 0x0000, 0x0000,
  0x0000, 0x0000, 0x0000, 0x0000, 0x0000, 0x0000, 0x0000, 0x0000, 0x0000, 0x0000, 0x0000, 0x0000,
  0x0000, 0x0000, 0x0000, 0x0000, 0x0000, 0x0000, 0x0000, 0x0000, 0x0000, 0x0000, 0x0000, 0x0000,
  0x0000, 0x0000, 0x0000, 0x0000, 0x0000, 0x0000, 0x0000, 0x0000, 0x0000, 0x0000, 0x0000, 0x0000,
  0x0000, 0x0000, 0x0000, 0x0000, 0x0000, 0x0000, 0x0000, 0x0000, 0x0000, 0xED80, 0xED80, 0xED80,
  0xFF03, 0xFEE3, 0xFEE3, 0xFEE3, 0xFEE3, 0xFEE3, 0xFEE3, 0xFEE3, 0xFEE3, 0xFEE3, 0xFEE3, 0xFEE3,
  0xFEE3, 0xFEE2, 0xFF72, 0xFF72, 0xFF72, 0xFF72, 0xFF72, 0xFF72, 0xFF72, 0xFF72, 0xFF72, 0xFEE1,
  0xFEE2, 0xFEE3, 0xFEE3, 0xFEE3, 0xFEE3, 0xFEE3, 0xFEE3, 0xFEE3, 0xFEE3, 0xFEE3, 0xFEE3, 0xFF03,
  0xFF03, 0xFEE3, 0xFF03, 0xFF03, 0xFF03, 0xFEE3, 0xFEE3, 0xFEE3, 0xFEE3, 0xFEE3, 0xFEE3, 0xFEE3,
  0xFEE3, 0xFEE3, 0xFEE3, 0xFEE3, 0xFEE3, 0xFEE3, 0xFEE3, 0xFEE3, 0xFEE3, 0xFEE3, 0xFEE3, 0xFEE3,
  0xFEE3, 0xFEE3, 0xFEE3, 0xFEE3, 0xFEE3, 0xFEE3, 0xFEE3, 0xFE02, 0xFE22, 0xFE02, 0xFE02, 0xFE22,
  0xFE22, 0xFE22, 0xFE22, 0xFE22, 0xFE22, 0xFE22, 0xFE22, 0xFE22, 0xFE22, 0xFE22, 0xFE42, 0xDC60,
  0xD440, 0xCC20, 0x0000, 0x0000, 0x0000, 0x0000, 0x0000, 0x0000, 0x0000, 0x0000, 0x0000, 0x0000,
  0x0000, 0x0000, 0x0000, 0x0000, 0x0000, 0x0000, 0x0000, 0x0000, 0x0000, 0x0000, 0x0000, 0x0000,
  0x0000, 0x0000, 0x0000, 0x0000, 0x0000, 0x0000, 0x0000, 0x0000, 0x0000, 0x0000, 0x0000, 0x0000,
  0x0000, 0x0000, 0x0000, 0x0000, 0x0000, 0x0000, 0x0000, 0x0000, 0x0000, 0x0000, 0x0000, 0x0000,
  0x0000, 0x0000, 0x0000, 0x0000, 0x0000, 0x0000, 0x0000, 0x0000, 0x0000, 0x0000, 0x0000, 0x0000,
  0x0000, 0x0000, 0x0000, 0x0000, 0x0000, 0x0000, 0x0000, 0x0000, 0x0000, 0x0000, 0x0000, 0x0000,
  0x0000, 0x0000, 0x0000, 0x0000, 0x0000, 0x0000, 0x0000, 0x0000, 0x0000, 0x0000, 0x0000, 0x0000,
  0x0000, 0x0000, 0x0000, 0x0000, 0x0000, 0x0000, 0x0000, 0x0000, 0x0000, 0x0000, 0x0000, 0x0000,
  0x0000, 0x0000, 0x0000, 0x0000, 0x0000, 0x0000, 0x0000, 0x0000, 0x0000, 0x0000, 0x0000, 0x0000,
  0x0000, 0x0000, 0x0000, 0x0000, 0x0000, 0x0000, 0x0000, 0x0000, 0x0000, 0x0000, 0x0000, 0x0000,
  0x0000, 0x0000, 0x0000, 0x0000, 0x0000, 0x0000, 0x0000, 0x0000, 0x0000, 0x0000, 0x0000, 0x0000,
  0x0000, 0x0000, 0x0000, 0x0000, 0x0000, 0x0000, 0x0000, 0x0000, 0x0000, 0x0000, 0x0000, 0x0000,
  0x0000, 0x0000, 0x0000, 0x0000, 0x0000, 0x0000, 0x0000, 0x0000, 0x0000, 0xED80, 0xED80, 0xED60,
  0xFF03, 0xFEE3, 0xFEE3, 0xFF03, 0xFEE3, 0xFEE3, 0xFEE3, 0xFEE3, 0xFEE3, 0xFEE3, 0xFEE3, 0xFEE3,
  0xFEE3, 0xFEE1, 0xFF71, 0xFF72, 0xFF72, 0xFF72, 0xFF72, 0xFF72, 0xFF72, 0xFF72, 0xFF72, 0xFF72,
  0xFF72, 0xFF72, 0xFEE2, 0xFEE3, 0xFEE3, 0xFEE3, 0xFEE3, 0xFEE3, 0xFEE3, 0xFEE3, 0xFEE3, 0xFEE3,
  0xFEE3, 0xFEE3, 0xFEE3, 0xFEE3, 0xFF03, 0xFF03, 0xFF03, 0xFF03, 0xFEE3, 0xFEE3, 0xFEE3, 0xFEE3,
  0xFEE3, 0xFEE3, 0xFEE3, 0xFEE3, 0xFEE3, 0xFEE3, 0xFEE3, 0xFEE3, 0xFEE3, 0xFEE3, 0xFEE3, 0xFEE3,
  0xFEE3, 0xFEE3, 0xFEE3, 0xFEE3, 0xFF03, 0xFF03, 0xFEE3, 0xFE02, 0xFE02, 0xFE02, 0xFE22, 0xFE22,
  0xFE22, 0xFE22, 0xFE22, 0xFE22, 0xFE22, 0xFE22, 0xFE22, 0xFE22, 0xFE22, 0xFE22, 0xFE62, 0xD440,
  0xD420, 0xCC40, 0x0000, 0x0000, 0x0000, 0x0000, 0x0000, 0x0000, 0x0000, 0x0000, 0x0000, 0x0000,
  0x0000, 0x0000, 0x0000, 0x0000, 0x0000, 0x0000, 0x0000, 0x0000, 0x0000, 0x0000, 0x0000, 0x0000,
  0x0000, 0x0000, 0x0000, 0x0000, 0x0000, 0x0000, 0x0000, 0x0000, 0x0000, 0x0000, 0x0000, 0x0000,
  0x0000, 0x0000, 0x0000, 0x0000, 0x0000, 0x0000, 0x0000, 0x0000, 0x0000, 0x0000, 0x0000, 0x0000,
  0x0000, 0x0000, 0x0000, 0x0000, 0x0000, 0x0000, 0x0000, 0x0000, 0x0000, 0x0000, 0x0000, 0x0000,
  0x0000, 0x0000, 0x0000, 0x0000, 0x0000, 0x0000, 0x0000, 0x0000, 0x0000, 0x0000, 0x0000, 0x0000,
  0x0000, 0x0000, 0x0000, 0x0000, 0x0000, 0x0000, 0x0000, 0x0000, 0x0000, 0x0000, 0x0000, 0x0000,
  0x0000, 0x0000, 0x0000, 0x0000, 0x0000, 0x0000, 0x0000, 0x0000, 0x0000, 0x0000, 0x0000, 0x0000,
  0x0000, 0x0000, 0x0000, 0x0000, 0x0000, 0x0000, 0x0000, 0x0000, 0x0000, 0x0000, 0x0000, 0x0000,
  0x0000, 0x0000, 0x0000, 0x0000, 0x0000, 0x0000, 0x0000, 0x0000, 0x0000, 0x0000, 0x0000, 0x0000,
  0x0000, 0x0000, 0x0000, 0x0000, 0x0000, 0x0000, 0x0000, 0x0000, 0x0000, 0x0000, 0x0000, 0x0000,
  0x0000, 0x0000, 0x0000, 0x0000, 0x0000, 0x0000, 0x0000, 0x0000, 0x0000, 0x0000, 0x0000, 0x0000,
  0x0000, 0x0000, 0x0000, 0x0000, 0x0000, 0x0000, 0x0000, 0x0000, 0x0000, 0xED80, 0xED80, 0xED60,
  0xFF03, 0xFEE3, 0xFEE3, 0xFEE3, 0xFF03, 0xFEE3, 0xFEE3, 0xFEE3, 0xFEE3, 0xFEE3, 0xFEE3, 0xFEE3,
  0xFEE3, 0xFEE2, 0xFF71, 0xFF72, 0xFF72, 0xFF72, 0xFF72, 0xFF72, 0xFF72, 0xFF72, 0xFF72, 0xFF72,
  0xFF72, 0xFF72, 0xFEE2, 0xFEE3, 0xFEE3, 0xFEE3, 0xFEE3, 0xFEE3, 0xFEE3, 0xFEE3, 0xFEE3, 0xFEE3,
  0xFEE3, 0xFEE3, 0xFEE3, 0xFEE3, 0xFEE3, 0xFF03, 0xFEE3, 0xFF03, 0xFF03, 0xFF03, 0xFEE3, 0xFEE3,
  0xFEE3, 0xFEE3, 0xFEE3, 0xFEE3, 0xFEE3, 0xFEE3, 0xFEE3, 0xFEE3, 0xFEE3, 0xFEE3, 0xFEE3, 0xFEE3,
  0xFEE3, 0xFEE3, 0xFEE3, 0xFEE3, 0xFEE3, 0xFF03, 0xFEE3, 0xFE02, 0xFE02, 0xFE02, 0xFE02, 0xFE22,
  0xFE22, 0xFE22, 0xFE22, 0xFE22, 0xFE22, 0xFE22, 0xFE22, 0xFE22, 0xFE22, 0xFE22, 0xFE42, 0xD420,
  0xD440, 0xD460, 0x0000, 0x0000, 0x0000, 0x0000, 0x0000, 0x0000, 0x0000, 0x0000, 0x0000, 0x0000,
  0x0000, 0x0000, 0x0000, 0x0000, 0x0000, 0x0000, 0x0000, 0x0000, 0x0000, 0x0000, 0x0000, 0x0000,
  0x0000, 0x0000, 0x0000, 0x0000, 0x0000, 0x0000, 0x0000, 0x0000, 0x0000, 0x0000, 0x0000, 0x0000,
  0x0000, 0x0000, 0x0000, 0x0000, 0x0000, 0x0000, 0x0000, 0x0000, 0x0000, 0x0000, 0x0000, 0x0000,
  0x0000, 0x0000, 0x0000, 0x0000, 0x0000, 0x0000, 0x0000, 0x0000, 0x0000, 0x0000, 0x0000, 0x0000,
  0x0000, 0x0000, 0x0000, 0x0000, 0x0000, 0x0000, 0x0000, 0x0000, 0x0000, 0x0000, 0x0000, 0x0000,
  0x0000, 0x0000, 0x0000, 0x0000, 0x0000, 0x0000, 0x0000, 0x0000, 0x0000, 0x0000, 0x0000, 0x0000,
  0x0000, 0x0000, 0x0000, 0x0000, 0x0000, 0x0000, 0x0000, 0x0000, 0x0000, 0x0000, 0x0000, 0x0000,
  0x0000, 0x0000, 0x0000, 0x0000, 0x0000, 0x0000, 0x0000, 0x0000, 0x0000, 0x0000, 0x0000, 0x0000,
  0x0000, 0x0000, 0x0000, 0x0000, 0x0000, 0x0000, 0x0000, 0x0000, 0x0000, 0x0000, 0x0000, 0x0000,
  0x0000, 0x0000, 0x0000, 0x0000, 0x0000, 0x0000, 0x0000, 0x0000, 0x0000, 0x0000, 0x0000, 0x0000,
  0x0000, 0x0000, 0x0000, 0x0000, 0x0000, 0x0000, 0x0000, 0x0000, 0x0000, 0x0000, 0x0000, 0x0000,
  0x0000, 0x0000, 0x0000, 0x0000, 0x0000, 0x0000, 0x0000, 0x0000, 0x0000, 0xED80, 0xED80, 0xED80,
  0xFF03, 0xFEE3, 0xFEE3, 0xFEE3, 0xFEE3, 0xFEE3, 0xFEE3, 0xFEE3, 0xFEE3, 0xFEE3, 0xFEE3, 0xFEE3,
  0xFEE3, 0xFF03, 0xFF71, 0xFF72, 0xFF72, 0xFF72, 0xFF72, 0xFF72, 0xFF72, 0xFF72, 0xFF72, 0xFF72,
  0xFF72, 0xFF72, 0xFF02, 0xFEE3, 0xFEE3, 0xFEE3, 0xFEE3, 0xFEE3, 0xFEE3, 0xFEE3, 0xFEE3, 0xFEE3,
  0xFEE3, 0xFEE3, 0xFEE3, 0xFEE3, 0xFEE3, 0xFEE3, 0xFF03, 0xFEE3, 0xFF03, 0xFEE3, 0xFEE3, 0xFEE3,
  0xFEE3, 0xFEE3, 0xFEE3, 0xFEE3, 0xFEE3, 0xFEE3, 0xFEE3, 0xFEE3, 0xFEE3, 0xFEE3, 0xFEE3, 0xFF03,
  0xFEE3, 0xFEE3, 0xFF03, 0xFEE3, 0xFEE3, 0xFEE3, 0xFEE3, 0xFE02, 0xFE02, 0xFE02, 0xFE22, 0xFE22,
  0xFE22, 0xFE22, 0xFE02, 0xFE22, 0xFE22, 0xFE22, 0xFE22, 0xFE22, 0xFE22, 0xFE22, 0xFE42, 0xD440,
  0xCC20, 0xD440, 0x0820, 0x0840, 0x0840, 0x0000, 0x0000, 0x0000, 0x0000, 0x0000, 0x0000, 0x0000,
  0x0000, 0x0000, 0x0000, 0x0000, 0x0000, 0x0000, 0x0000, 0x0000, 0x0000, 0x0000, 0x0000, 0x0000,
  0x0000, 0x0000, 0x0000, 0x0000, 0x0000, 0x0000, 0x0000, 0x0000, 0x0000, 0x0000, 0x0000, 0x0000,
  0x0000, 0x0000, 0x0000, 0x0000, 0x0000, 0x0000, 0x0000, 0x0000, 0x0000, 0x0000, 0x0000, 0x0000,
  0x0000, 0x0000, 0x0000, 0x0000, 0x0000, 0x0000, 0x0000, 0x0000, 0x0000, 0x0000, 0x0000, 0x0000,
  0x0000, 0x0000, 0x0000, 0x0000, 0x0000, 0x0000, 0x0000, 0x0000, 0x0000, 0x0000, 0x0000, 0x0000,
  0x0000, 0x0000, 0x0000, 0x0000, 0x0000, 0x0000, 0x0000, 0x0000, 0x0000, 0x0000, 0x0000, 0x0000,
  0x0000, 0x0000, 0x0000, 0x0000, 0x0000, 0x0000, 0x0000, 0x0000, 0x0000, 0x0000, 0x0000, 0x0000,
  0x0000, 0x0000, 0x0000, 0x0000, 0x0000, 0x0000, 0x0000, 0x0000, 0x0000, 0x0000, 0x0000, 0x0000,
  0x0000, 0x0000, 0x0000, 0x0000, 0x0000, 0x0000, 0x0000, 0x0000, 0x0000, 0x0000, 0x0000, 0x0000,
  0x0000, 0x0000, 0x0000, 0x0000, 0x0000, 0x0000, 0x0000, 0x0000, 0x0000, 0x0000, 0x0000, 0x0000,
  0x0000, 0x0000, 0x0000, 0x0000, 0x0000, 0x0000, 0x0000, 0x0000, 0x0000, 0x0000, 0x0000, 0x0000,
  0x0000, 0x0000, 0x0000, 0x0000, 0x0000, 0x0000, 0x0000, 0x0000, 0x0000, 0xED60, 0xED80, 0xED80,
  0xFF03, 0xFEE3, 0xFEE3, 0xFEE3, 0xFEE3, 0xFEE3, 0xFEE3, 0xFEE3, 0xFEE3, 0xFEE3, 0xFEE3, 0xFEE3,
  0xFEE3, 0xFF03, 0xFF72, 0xFF72, 0xFF72, 0xFF72, 0xFF72, 0xFF72, 0xFF72, 0xFF72, 0xFF72, 0xFF72,
  0xFF72, 0xFF72, 0xFF02, 0xFEE3, 0xFEE3, 0xFEE3, 0xFEE3, 0xFEE3, 0xFEE3, 0xFEE3, 0xFEE3, 0xFEE3,
  0xFEE3, 0xFEE3, 0xFF03, 0xFF03, 0xFF03, 0xFF03, 0xFEE3, 0xFEE3, 0xFEE3, 0xFEE3, 0xFEE3, 0xFEE3,
  0xFEE3, 0xFEE3, 0xFEE3, 0xFEE3, 0xFEE3, 0xFEE3, 0xFEE3, 0xFEE3, 0xFF03, 0xFEE3, 0xFEE3, 0xFEE3,
  0xFEE3, 0xFF03, 0xFF03, 0xFEE3, 0xFEE3, 0xFEE3, 0xFEE3, 0xFE02, 0xFE22, 0xFE22, 0xFE22, 0xFE22,
  0xFE22, 0xFE02, 0xFE02, 0xFE22, 0xFE22, 0xFE22, 0xFE22, 0xFE22, 0xFE22, 0xFE02, 0xFE02, 0xFE22,
  0xFE21, 0xFE22, 0xD420, 0xD440, 0xCC40, 0x0000, 0x0000, 0x0000, 0x0000, 0x0000, 0x0000, 0x0000,
  0x0000, 0x0000, 0x0000, 0x0000, 0x0000, 0x0000, 0x0000, 0x0000, 0x0000, 0x0000, 0x0000, 0x0000,
  0x0000, 0x0000, 0x0000, 0x0000, 0x0000, 0x0000, 0x0000, 0x0000, 0x0000, 0x0000, 0x0000, 0x0000,
  0x0000, 0x0000, 0x0000, 0x0000, 0x0000, 0x0000, 0x0000, 0x0000, 0x0000, 0x0000, 0x0000, 0x0000,
  0x0000, 0x0000, 0x0000, 0x0000, 0x0000, 0x0000, 0x0000, 0x0000, 0x0000, 0x0000, 0x0000, 0x0000,
  0x0000, 0x0000, 0x0000, 0x0000, 0x0000, 0x0000, 0x0000, 0x0000, 0x0000, 0x0000, 0x0000, 0x0000,
  0x0000, 0x0000, 0x0000, 0x0000, 0x0000, 0x0000, 0x0000, 0x0000, 0x0000, 0x0000, 0x0000, 0x0000,
  0x0000, 0x0000, 0x0000, 0x0000, 0x0000, 0x0000, 0x0000, 0x0000, 0x0000, 0x0000, 0x0000, 0x0000,
  0x0000, 0x0000, 0x0000, 0x0000, 0x0000, 0x0000, 0x0000, 0x0000, 0x0000, 0x0000, 0x0000, 0x0000,
  0x0000, 0x0000, 0x0000, 0x0000, 0x0000, 0x0000, 0x0000, 0x0000, 0x0000, 0x0000, 0x0000, 0x0000,
  0x0000, 0x0000, 0x0000, 0x0000, 0x0000, 0x0000, 0x0000, 0x0000, 0x0000, 0x0000, 0x0000, 0x0000,
  0x0000, 0x0000, 0x0000, 0x0000, 0x0000, 0x0000, 0x0000, 0x0000, 0x0000, 0x0000, 0x0000, 0x0000,
  0x0000, 0x0000, 0x0000, 0x0000, 0x0000, 0x0000, 0x0000, 0x0000, 0x0000, 0xED60, 0xED80, 0xED80,
  0xFF03, 0xFEE3, 0xFEE3, 0xFEE3, 0xFEE3, 0xFEE3, 0xFEE3, 0xFEE3, 0xFF03, 0xFEE3, 0xFEE3, 0xFEE3,
  0xFEE3, 0xFEE2, 0xFF72, 0xFF72, 0xFF72, 0xFF72, 0xFF72, 0xFF72, 0xFF72, 0xFF72, 0xFF72, 0xFF72,
  0xFF72, 0xFF72, 0xFEE3, 0xFEE3, 0xFEE3, 0xFEE3, 0xFEE3, 0xFEE3, 0xFEE3, 0xFEE3, 0xFEE3, 0xFEE3,
  0xFEE3, 0xFEE3, 0xFEE3, 0xFEE3, 0xFEE3, 0xFF03, 0xFEE3, 0xFEE3, 0xFEE3, 0xFEE3, 0xFEE3, 0xFEE3,
  0xFF03, 0xFEE3, 0xFEE3, 0xFEE3, 0xFEE3, 0xFEE3, 0xFEE3, 0xFEE3, 0xFEE3, 0xFEE3, 0xFEE3, 0xFEE3,
  0xFEE3, 0xFEE3, 0xFF03, 0xFEE3, 0xFEE3, 0xFEE3, 0xFEE3, 0xFE02, 0xFE02, 0xFE02, 0xFE22, 0xFE02,
  0xFE22, 0xFE02, 0xFE22, 0xFE22, 0xFE22, 0xFE22, 0xFE22, 0xFE22, 0xFE22, 0xFE02, 0xFE02, 0xFE02,
  0xFE02, 0xFE21, 0xDC60, 0xDC80, 0xD440, 0x0000, 0x0000, 0x0000, 0x0000, 0x0000, 0x0000, 0x0000,
  0x0000, 0x0000, 0x0000, 0x0000, 0x0000, 0x0000, 0x0000, 0x0000, 0x0000, 0x0000, 0x0000, 0x0000,
  0x0000, 0x0000, 0x0000, 0x0000, 0x0000, 0x0000, 0x0000, 0x0000, 0x0000, 0x0000, 0x0000, 0x0000,
  0x0000, 0x0000, 0x0000, 0x0000, 0x0000, 0x0000, 0x0000, 0x0000, 0x0000, 0x0000, 0x0000, 0x0000,
  0x0000, 0x0000, 0x0000, 0x0000, 0x0000, 0x0000, 0x0000, 0x0000, 0x0000, 0x0000, 0x0000, 0x0000,
  0x0000, 0x0000, 0x0000, 0x0000, 0x0000, 0x0000, 0x0000, 0x0000, 0x0000, 0x0000, 0x0000, 0x0000,
  0x0000, 0x0000, 0x0000, 0x0000, 0x0000, 0x0000, 0x0000, 0x0000, 0x0000, 0x0000, 0x0000, 0x0000,
  0x0000, 0x0000, 0x0000, 0x0000, 0x0000, 0x0000, 0x0000, 0x0000, 0x0000, 0x0000, 0x0000, 0x0000,
  0x0000, 0x0000, 0x0000, 0x0000, 0x0000, 0x0000, 0x0000, 0x0000, 0x0000, 0x0000, 0x0000, 0x0000,
  0x0000, 0x0000, 0x0000, 0x0000, 0x0000, 0x0000, 0x0000, 0x0000, 0x0000, 0x0000, 0x0000, 0x0000,
  0x0000, 0x0000, 0x0000, 0x0000, 0x0000, 0x0000, 0x0000, 0x0000, 0x0000, 0x0000, 0x0000, 0x0000,
  0x0000, 0x0000, 0x0000, 0x0000, 0x0000, 0x0000, 0x0000, 0x0000, 0x0000, 0x0000, 0x0000, 0x0000,
  0x0000, 0x0000, 0x0000, 0x0000, 0x0000, 0x0000, 0x0000, 0x0000, 0x0000, 0xED60, 0xED80, 0xF5A0,
  0xFF03, 0xFEE3, 0xFEE3, 0xFEE3, 0xFEE3, 0xFEE3, 0xFEE3, 0xFEE3, 0xFEE3, 0xFEE3, 0xFF03, 0xFEE3,
  0xFEE3, 0xFEE2, 0xFF72, 0xFF72, 0xFF72, 0xFF72, 0xFF72, 0xFF72, 0xFF72, 0xFF72, 0xFF72, 0xFF72,
  0xFF72, 0xFF72, 0xFEE2, 0xFEE3, 0xFEE3, 0xFEE3, 0xFEE3, 0xFEE3, 0xFEE3, 0xFEE3, 0xFEE3, 0xFEE3,
  0xFEE3, 0xFEE3, 0xFF03, 0xFEE3, 0xFEE3, 0xFEE3, 0xFF03, 0xFF03, 0xFF03, 0xFEE3, 0xFF03, 0xFF03,
  0xFEE3, 0xFEE3, 0xFF03, 0xFEE3, 0xFF03, 0xFEE3, 0xFEE3, 0xFEE3, 0xFF03, 0xFEE3, 0xFEE3, 0xFEE3,
  0xFEE3, 0xFEE3, 0xFEE3, 0xFF03, 0xFEE3, 0xFEE3, 0xFEE3, 0xFEE3, 0xFEE3, 0xFEE3, 0xFE02, 0xFE02,
  0xFE02, 0xFE22, 0xFE22, 0xFE22, 0xFE22, 0xFE22, 0xFE22, 0xFE22, 0xFE22, 0xFE22, 0xFE22, 0xFE22,
  0xFE22, 0xFE22, 0xDC40, 0xD440, 0xCC20, 0x0000, 0x0000, 0x0000, 0x0000, 0x0000, 0x0000, 0x0000,
  0x0000, 0x0000, 0x0000, 0x0000, 0x0000, 0x0000, 0x0000, 0x0000, 0x0000, 0x0000, 0x0000, 0x0000,
  0x0000, 0x0000, 0x0000, 0x0000, 0x0000, 0x0000, 0x0000, 0x0000, 0x0000, 0x0000, 0x0000, 0x0000,
  0x0000, 0x0000, 0x0000, 0x0000, 0x0000, 0x0000, 0x0000, 0x0000, 0x0000, 0x0000, 0x0000, 0x0000,
  0x0000, 0x0000, 0x0000, 0x0000, 0x0000, 0x0000, 0x0000, 0x0000, 0x0000, 0x0000, 0x0000, 0x0000,
  0x0000, 0x0000, 0x0000, 0x0000, 0x0000, 0x0000, 0x0000, 0x0000, 0x0000, 0x0000, 0x0000, 0x0000,
  0x0000, 0x0000, 0x0000, 0x0000, 0x0000, 0x0000, 0x0000, 0x0000, 0x0000, 0x0000, 0x0000, 0x0000,
  0x0000, 0x0000, 0x0000, 0x0000, 0x0000, 0x0000, 0x0000, 0x0000, 0x0000, 0x0000, 0x0000, 0x0000,
  0x0000, 0x0000, 0x0000, 0x0000, 0x0000, 0x0000, 0x0000, 0x0000, 0x0000, 0x0000, 0x0000, 0x0000,
  0x0000, 0x0000, 0x0000, 0x0000, 0x0000, 0x0000, 0x0000, 0x0000, 0x0000, 0x0000, 0x0000, 0x0000,
  0x0000, 0x0000, 0x0000, 0x0000, 0x0000, 0x0000, 0x0000, 0x0000, 0x0000, 0x0000, 0x0000, 0x0000,
  0x0000, 0x0000, 0x0000, 0x0000, 0x0000, 0x0000, 0x0000, 0x0000, 0x0000, 0x0000, 0x0000, 0x0000,
  0x0000, 0x0000, 0x0000, 0x0000, 0x0000, 0x0000, 0x0000, 0x0000, 0x0000, 0xED80, 0xED80, 0xF5A0,
  0xFEE3, 0xFEE2, 0xFEE3, 0xFEE3, 0xFEE3, 0xFF03, 0xFEE3, 0xFEE3, 0xFEE3, 0xFEE3, 0xFEE3, 0xFEE3,
  0xFEE3, 0xFEE3, 0xFEE2, 0xFEE3, 0xFF04, 0xFF72, 0xFF73, 0xFF72, 0xFF72, 0xFF72, 0xFF72, 0xFF72,
  0xFF72, 0xFF72, 0xFF4D, 0xFF4E, 0xFF6F, 0xFEE4, 0xFEE3, 0xFEE3, 0xFEE3, 0xFEE3, 0xFEE3, 0xFEE3,
  0xFF03, 0xFF03, 0xFEE3, 0xFEE3, 0xFF03, 0xFEE3, 0xFF03, 0xFEE3, 0xFEE3, 0xFF03, 0xFEE3, 0xFEE3,
  0xFEE3, 0xFEE3, 0xFEE3, 0xFEE3, 0xFEE3, 0xFEE3, 0xFEE3, 0xFEE3, 0xFEE3, 0xFEE3, 0xFEE3, 0xFEE3,
  0xFF03, 0xFF03, 0xFEE3, 0xFEE3, 0xFF03, 0xFEE3, 0xFEE3, 0xFEE3, 0xFEE3, 0xFEE3, 0xFE02, 0xFE22,
  0xFE22, 0xFE22, 0xFE22, 0xFE22, 0xFE22, 0xFE22, 0xFE22, 0xFE22, 0xFE22, 0xFE22, 0xFE22, 0xFE22,
  0xFE22, 0xFE42, 0xD440, 0xD440, 0xD440, 0x0020, 0x0000, 0x0000, 0x0000, 0x0000, 0x0000, 0x0000,
  0x0000, 0x0000, 0x0000, 0x0000, 0x0000, 0x0000, 0x0000, 0x0000, 0x0000, 0x0000, 0x0000, 0x0000,
  0x0000, 0x0000, 0x0000, 0x0000, 0x0000, 0x0000, 0x0000, 0x0000, 0x0000, 0x0000, 0x0000, 0x0000,
  0x0000, 0x0000, 0x0000, 0x0000, 0x0000, 0x0000, 0x0000, 0x0000, 0x0000, 0x0000, 0x0000, 0x0000,
  0x0000, 0x0000, 0x0000, 0x0000, 0x0000, 0x0000, 0x0000, 0x0000, 0x0000, 0x0000, 0x0000, 0x0000,
  0x0000, 0x0000, 0x0000, 0x0000, 0x0000, 0x0000, 0x0000, 0x0000, 0x0000, 0x0000, 0x0000, 0x0000,
  0x0000, 0x0000, 0x0000, 0x0000, 0x0000, 0x0000, 0x0000, 0x0000, 0x0000, 0x0000, 0x0000, 0x0000,
  0x0000, 0x0000, 0x0000, 0x0000, 0x0000, 0x0000, 0x0000, 0x0000, 0x0000, 0x0000, 0x0000, 0x0000,
  0x0000, 0x0000, 0x0000, 0x0000, 0x0000, 0x0000, 0x0000, 0x0000, 0x0000, 0x0000, 0x0000, 0x0000,
  0x0000, 0x0000, 0x0000, 0x0000, 0x0000, 0x0000, 0x0000, 0x0000, 0x0000, 0x0000, 0x0000, 0x0000,
  0x0000, 0x0000, 0x0000, 0x0000, 0x0000, 0x0000, 0x0000, 0x0000, 0x0000, 0x0000, 0x0000, 0x0000,
  0x0000, 0x0000, 0x0000, 0x0000, 0x0000, 0x0000, 0x0000, 0x0000, 0x0000, 0x0000, 0x0000, 0x0000,
  0x0000, 0x0000, 0x0000, 0x0000, 0x0000, 0x0000, 0x0000, 0x0000, 0x0000, 0xF5A0, 0xF5A0, 0xED80,
  0xFEC2, 0xFEE2, 0xFEE3, 0xFEE3, 0xFF03, 0xFEE3, 0xFF03, 0xFEE3, 0xFEE3, 0xFEE3, 0xFEE3, 0xFEE3,
  0xFEE3, 0xFEE3, 0xFEE3, 0xFEE3, 0xFF05, 0xFF73, 0xFF73, 0xFF72, 0xFF72, 0xFF72, 0xFF72, 0xFF72,
  0xFF72, 0xFF72, 0xFF72, 0xFF72, 0xFF73, 0xFF06, 0xFEE3, 0xFEE3, 0xFEE3, 0xFEE3, 0xFEE3, 0xFEE3,
  0xFEE3, 0xFEE3, 0xFEE3, 0xFEE3, 0xFF03, 0xFEE3, 0xFEE3, 0xFEE3, 0xFEE3, 0xFF03, 0xFEE3, 0xFEE3,
  0xFEE3, 0xFEE3, 0xFF03, 0xFEE3, 0xFEE3, 0xFEE3, 0xFF03, 0xFEE3, 0xFEE3, 0xFEE3, 0xFEE3, 0xFEE3,
  0xFEE3, 0xFF03, 0xFEE3, 0xFF03, 0xFEE3, 0xFEE3, 0xFEE3, 0xFEE3, 0xFEE3, 0xFEE3, 0xFE02, 0xFE22,
  0xFE02, 0xFE22, 0xFE22, 0xFE22, 0xFE22, 0xFE22, 0xFE22, 0xFE22, 0xFE22, 0xFE22, 0xFE22, 0xFE22,
  0xFE22, 0xFE42, 0xD440, 0xD440, 0xDC60, 0x0840, 0x0000, 0x0000, 0x0000, 0x0000, 0x0000, 0x0000,
  0x0000, 0x0000, 0x0000, 0x0000, 0x0000, 0x0000, 0x0000, 0x0000, 0x0000, 0x0000, 0x0000, 0x0000,
  0x0000, 0x0000, 0x0000, 0x0000, 0x0000, 0x0000, 0x0000, 0x0000, 0x0000, 0x0000, 0x0000, 0x0000,
  0x0000, 0x0000, 0x0000, 0x0000, 0x0000, 0x0000, 0x0000, 0x0000, 0x0000, 0x0000, 0x0000, 0x0000,
  0x0000, 0x0000, 0x0000, 0x0000, 0x0000, 0x0000, 0x0000, 0x0000, 0x0000, 0x0000, 0x0000, 0x0000,
  0x0000, 0x0000, 0x0000, 0x0000, 0x0000, 0x0000, 0x0000, 0x0000, 0x0000, 0x0000, 0x0000, 0x0000,
  0x0000, 0x0000, 0x0000, 0x0000, 0x0000, 0x0000, 0x0000, 0x0000, 0x0000, 0x0000, 0x0000, 0x0000,
  0x0000, 0x0000, 0x0000, 0x0000, 0x0000, 0x0000, 0x0000, 0x0000, 0x0000, 0x0000, 0x0000, 0x0000,
  0x0000, 0x0000, 0x0000, 0x0000, 0x0000, 0x0000, 0x0000, 0x0000, 0x0000, 0x0000, 0x0000, 0x0000,
  0x0000, 0x0000, 0x0000, 0x0000, 0x0000, 0x0000, 0x0000, 0x0000, 0x0000, 0x0000, 0x0000, 0x0000,
  0x0000, 0x0000, 0x0000, 0x0000, 0x0000, 0x0000, 0x0000, 0x0000, 0x0000, 0x0000, 0x0000, 0x0000,
  0x0000, 0x0000, 0x0000, 0x0000, 0x0000, 0x0000, 0x0000, 0x0000, 0x0000, 0x0000, 0x0000, 0x0000,
  0x0000, 0x0000, 0x0000, 0x0000, 0x0000, 0x0000, 0x0000, 0x0000, 0x0000, 0xF5C0, 0xF5A0, 0xE560,
  0xFEC2, 0xFEE3, 0xFF03, 0xFEE3, 0xFEE3, 0xFF03, 0xFEE3, 0xFEE3, 0xFEE3, 0xFEE3, 0xFEE3, 0xFEE3,
  0xFEE3, 0xFEE3, 0xFEE3, 0xFEE3, 0xFF04, 0xFF73, 0xFF93, 0xFF72, 0xFF72, 0xFF72, 0xFF72, 0xFF72,
  0xFF72, 0xFF72, 0xFF72, 0xFF72, 0xFF72, 0xFF06, 0xFEE3, 0xFEE3, 0xFEE3, 0xFEE3, 0xFEE3, 0xFEE3,
  0xFEE3, 0xFEE3, 0xFEE3, 0xFF03, 0xFF03, 0xFEE3, 0xFEE3, 0xFEE3, 0xFEE3, 0xFEE3, 0xFF03, 0xFF03,
  0xFEE3, 0xFEE3, 0xFEE3, 0xFF03, 0xFF03, 0xFEE3, 0xFEE3, 0xFEE3, 0xFEE3, 0xFEE3, 0xFEE3, 0xFEE3,
  0xFEE3, 0xFEE3, 0xFEE3, 0xFEE3, 0xFEE3, 0xFEE3, 0xFEE3, 0xFEE3, 0xFEE3, 0xFEE3, 0xFE02, 0xFE22,
  0xFE22, 0xFE22, 0xFE22, 0xFE22, 0xFE02, 0xFE22, 0xFE22, 0xFE22, 0xFE22, 0xFE22, 0xFE22, 0xFE22,
  0xFE22, 0xFE42, 0xD460, 0xD440, 0xDC40, 0x0820, 0x0000, 0x0000, 0x0000, 0x0000, 0x0000, 0x0000,
  0x0000, 0x0000, 0x0000, 0x0000, 0x0000, 0x0000, 0x0000, 0x0000, 0x0000, 0x0000, 0x0000, 0x0000,
  0x0000, 0x0000, 0x0000, 0x0000, 0x0000, 0x0000, 0x0000, 0x0000, 0x0000, 0x0000, 0x0000, 0x0000,
  0x0000, 0x0000, 0x0000, 0x0000, 0x0000, 0x0000, 0x0000, 0x0000, 0x0000, 0x0000, 0x0000, 0x0000,
  0x0000, 0x0000, 0x0000, 0x0000, 0x0000, 0x0000, 0x0000, 0x0000, 0x0000, 0x0000, 0x0000, 0x0000,
  0x0000, 0x0000, 0x0000, 0x0000, 0x0000, 0x0000, 0x0000, 0x0000, 0x0000, 0x0000, 0x0000, 0x0000,
  0x0000, 0x0000, 0x0000, 0x0000, 0x0000, 0x0000, 0x0000, 0x0000, 0x0000, 0x0000, 0x0000, 0x0000,
  0x0000, 0x0000, 0x0000, 0x0000, 0x0000, 0x0000, 0x0000, 0x0000, 0x0000, 0x0000, 0x0000, 0x0000,
  0x0000, 0x0000, 0x0000, 0x0000, 0x0000, 0x0000, 0x0000, 0x0000, 0x0000, 0x0000, 0x0000, 0x0000,
  0x0000, 0x0000, 0x0000, 0x0000, 0x0000, 0x0000, 0x0000, 0x0000, 0x0000, 0x0000, 0x0000, 0x0000,
  0x0000, 0x0000, 0x0000, 0x0000, 0x0000, 0x0000, 0x0000, 0x0000, 0x0000, 0x0000, 0x0000, 0x0000,
  0x0000, 0x0000, 0x0000, 0x0000, 0x0000, 0x0000, 0x0000, 0x0000, 0x0000, 0x0000, 0x0000, 0x0000,
  0x0000, 0x0000, 0x0000, 0x0000, 0x0000, 0x0000, 0x0000, 0x0000, 0x0000, 0xAC20, 0xA3E0, 0x9BA0,
  0xF620, 0xF601, 0xF601, 0xF5E1, 0xFEE3, 0xFEE3, 0xFEE3, 0xFEE3, 0xFEE3, 0xFEE3, 0xFEE3, 0xFEE3,
  0xFEE3, 0xFEE3, 0xFEE3, 0xFEE3, 0xFF03, 0xFF4A, 0xFF2B, 0xFF4D, 0xFF72, 0xFF72, 0xFF72, 0xFF72,
  0xFF72, 0xFF72, 0xFF72, 0xFF72, 0xFF72, 0xFF06, 0xFEE3, 0xFEE3, 0xFEE3, 0xFEE3, 0xFEE3, 0xFEE3,
  0xFEE3, 0xFEE3, 0xFF03, 0xFEE3, 0xFEE3, 0xFEE3, 0xFEE3, 0xFEE3, 0xFEE3, 0xFEE3, 0xFF03, 0xFEE3,
  0xFEE3, 0xFEE3, 0xFEE3, 0xFF03, 0xFF03, 0xFEE3, 0xFEE3, 0xFEE3, 0xFF03, 0xFEE3, 0xFEE3, 0xFEE3,
  0xFEE3, 0xFEE3, 0xFEE3, 0xFEE3, 0xFEE3, 0xFEE3, 0xFEE3, 0xFEE3, 0xFEE3, 0xFEE3, 0xF622, 0xFE22,
  0xFE22, 0xFE22, 0xFE22, 0xFE02, 0xFE22, 0xFE02, 0xFE22, 0xFE22, 0xFE22, 0xFE22, 0xFE22, 0xFE22,
  0xFE22, 0xFE22, 0xD460, 0xCC40, 0xCC20, 0x7A40, 0x7260, 0x7A60, 0x1880, 0x0000, 0x0000, 0x0000,
  0x0000, 0x0000, 0x0000, 0x0000, 0x0000, 0x0000, 0x0000, 0x0000, 0x0000, 0x0000, 0x0000, 0x0000,
  0x0000, 0x0000, 0x0000, 0x0000, 0x0000, 0x0000, 0x0000, 0x0000, 0x0000, 0x0000, 0x0000, 0x0000,
  0x0000, 0x0000, 0x0000, 0x0000, 0x0000, 0x0000, 0x0000, 0x0000, 0x0000, 0x0000, 0x0000, 0x0000,
  0x0000, 0x0000, 0x0000, 0x0000, 0x0000, 0x0000, 0x0000, 0x0000, 0x0000, 0x0000, 0x0000, 0x0000,
  0x0000, 0x0000, 0x0000, 0x0000, 0x0000, 0x0000, 0x0000, 0x0000, 0x0000, 0x0000, 0x0000, 0x0000,
  0x0000, 0x0000, 0x0000, 0x0000, 0x0000, 0x0000, 0x0000, 0x0000, 0x0000, 0x0000, 0x0000, 0x0000,
  0x0000, 0x0000, 0x0000, 0x0000, 0x0000, 0x0000, 0x0000, 0x0000, 0x0000, 0x0000, 0x0000, 0x0000,
  0x0000, 0x0000, 0x0000, 0x0000, 0x0000, 0x0000, 0x0000, 0x0000, 0x0000, 0x0000, 0x0000, 0x0000,
  0x0000, 0x0000, 0x0000, 0x0000, 0x0000, 0x0000, 0x0000, 0x0000, 0x0000, 0x0000, 0x0000, 0x0000,
  0x0000, 0x0000, 0x0000, 0x0000, 0x0000, 0x0000, 0x0000, 0x0000, 0x0000, 0x0000, 0x0000, 0x0000,
  0x0000, 0x0000, 0x0000, 0x0000, 0x0000, 0x0000, 0x0000, 0x0000, 0x0000, 0x0000, 0x0000, 0x0000,
  0x0000, 0x0000, 0x0000, 0x0000, 0x0000, 0x0000, 0x0000, 0x0000, 0x0000, 0x0020, 0x0000, 0x0000,
  0xFE20, 0xF580, 0xED80, 0xED60, 0xFEE3, 0xFEE3, 0xFEE3, 0xFEE3, 0xFEE3, 0xFEE3, 0xFEE3, 0xFEE3,
  0xFEE3, 0xFEE3, 0xFEE3, 0xFEE3, 0xFEE3, 0xFEE3, 0xFEE3, 0xFF08, 0xFF72, 0xFF72, 0xFF72, 0xFF72,
  0xFF72, 0xFF72, 0xFF72, 0xFF72, 0xFF72, 0xFF06, 0xFEE3, 0xFEE3, 0xFEE3, 0xFEE3, 0xFEE3, 0xFEE3,
  0xFEE3, 0xFEE3, 0xFEE3, 0xFEE3, 0xFEE3, 0xFEE3, 0xFEE3, 0xFEE3, 0xFEE3, 0xFEE3, 0xFEE3, 0xFEE3,
  0xFEE3, 0xFEE3, 0xFEE3, 0xFEE3, 0xFF03, 0xFF03, 0xFEE3, 0xFEE3, 0xFEE3, 0xFEE3, 0xFEE3, 0xFEE3,
  0xFEE3, 0xFEE3, 0xFEE3, 0xFEE3, 0xFEE3, 0xFEE3, 0xFEE3, 0xFEE3, 0xFEE3, 0xFEE3, 0xFEE3, 0xFEC3,
  0xFEC3, 0xFE22, 0xFE22, 0xFE22, 0xFE02, 0xFE22, 0xFE22, 0xFE22, 0xFE22, 0xFE22, 0xFE22, 0xFE22,
  0xFE22, 0xFE02, 0xFE02, 0xFE02, 0xFE22, 0xCC20, 0xCC20, 0xD460, 0x20C0, 0x0000, 0x0000, 0x0000,
  0x0000, 0x0000, 0x0000, 0x0000, 0x0000, 0x0000, 0x0000, 0x0000, 0x0000, 0x0000, 0x0000, 0x0000,
  0x0000, 0x0000, 0x0000, 0x0000, 0x0000, 0x0000, 0x0000, 0x0000, 0x0000, 0x0000, 0x0000, 0x0000,
  0x0000, 0x0000, 0x0000, 0x0000, 0x0000, 0x0000, 0x0000, 0x0000, 0x0000, 0x0000, 0x0000, 0x0000,
  0x0000, 0x0000, 0x0000, 0x0000, 0x0000, 0x0000, 0x0000, 0x0000, 0x0000, 0x0000, 0x0000, 0x0000,
  0x0000, 0x0000, 0x0000, 0x0000, 0x0000, 0x0000, 0x0000, 0x0000, 0x0000, 0x0000, 0x0000, 0x0000,
  0x0000, 0x0000, 0x0000, 0x0000, 0x0000, 0x0000, 0x0000, 0x0000, 0x0000, 0x0000, 0x0000, 0x0000,
  0x0000, 0x0000, 0x0000, 0x0000, 0x0000, 0x0000, 0x0000, 0x0000, 0x0000, 0x0000, 0x0000, 0x0000,
  0x0000, 0x0000, 0x0000, 0x0000, 0x0000, 0x0000, 0x0000, 0x0000, 0x0000, 0x0000, 0x0000, 0x0000,
  0x0000, 0x0000, 0x0000, 0x0000, 0x0000, 0x0000, 0x0000, 0x0000, 0x0000, 0x0000, 0x0000, 0x0000,
  0x0000, 0x0000, 0x0000, 0x0000, 0x0000, 0x0000, 0x0000, 0x0000, 0x0000, 0x0000, 0x0000, 0x0000,
  0x0000, 0x0000, 0x0000, 0x0000, 0x0000, 0x0000, 0x0000, 0x0000, 0x0000, 0x0000, 0x0000, 0x0000,
  0x0000, 0x0000, 0x0000, 0x0000, 0x0000, 0x0000, 0x0000, 0x0000, 0x0000, 0x0000, 0x0000, 0x0000,
  0xFE60, 0xED80, 0xED60, 0xF580, 0xFEE3, 0xFF03, 0xFEE3, 0xFEE3, 0xFEE3, 0xFEE3, 0xFEE3, 0xFEE3,
  0xFEE3, 0xFEE3, 0xFEE3, 0xFEE3, 0xFEE3, 0xFEE3, 0xFEC3, 0xFF08, 0xFF72, 0xFF72, 0xFF72, 0xFF72,
  0xFF72, 0xFF72, 0xFF72, 0xFF72, 0xFF72, 0xFF06, 0xFEE3, 0xFEE3, 0xFEE3, 0xFEE2, 0xFEE3, 0xFEE3,
  0xFEE3, 0xFEE3, 0xFEE3, 0xFEE3, 0xFEE3, 0xFEE3, 0xFEE3, 0xFEE3, 0xFEE3, 0xFEE3, 0xFEE3, 0xFF03,
  0xFEE3, 0xFEE3, 0xFEE3, 0xFEE3, 0xFEE3, 0xFEE3, 0xFEE3, 0xFEE3, 0xFEE3, 0xFEE3, 0xFEE3, 0xFEE3,
  0xFEE3, 0xFEE3, 0xFEE3, 0xFEE3, 0xFEE3, 0xFEE3, 0xFEE3, 0xFF03, 0xFEE3, 0xFEE3, 0xFEE3, 0xFEE3,
  0xFEE3, 0xFE22, 0xFE02, 0xFE02, 0xFE22, 0xFE22, 0xFE02, 0xFE22, 0xFE22, 0xFE22, 0xFE22, 0xFE22,
  0xFE22, 0xFE02, 0xFE02, 0xFE22, 0xFE22, 0xD440, 0xD440, 0xD440, 0x18A0, 0x0000, 0x0000, 0x0000,
  0x0000, 0x0000, 0x0000, 0x0000, 0x0000, 0x0000, 0x0000, 0x0000, 0x0000, 0x0000, 0x0000, 0x0000,
  0x0000, 0x0000, 0x0000, 0x0000, 0x0000, 0x0000, 0x0000, 0x0000, 0x0000, 0x0000, 0x0000, 0x0000,
  0x0000, 0x0000, 0x0000, 0x0000, 0x0000, 0x0000, 0x0000, 0x0000, 0x0000, 0x0000, 0x0000, 0x0000,
  0x0000, 0x0000, 0x0000, 0x0000, 0x0000, 0x0000, 0x0000, 0x0000, 0x0000, 0x0000, 0x0000, 0x0000,
  0x0000, 0x0000, 0x0000, 0x0000, 0x0000, 0x0000, 0x0000, 0x0000, 0x0000, 0x0000, 0x0000, 0x0000,
  0x0000, 0x0000, 0x0000, 0x0000, 0x0000, 0x0000, 0x0000, 0x0000, 0x0000, 0x0000, 0x0000, 0x0000,
  0x0000, 0x0000, 0x0000, 0x0000, 0x0000, 0x0000, 0x0000, 0x0000, 0x0000, 0x0000, 0x0000, 0x0000,
  0x0000, 0x0000, 0x0000, 0x0000, 0x0000, 0x0000, 0x0000, 0x0000, 0x0000, 0x0000, 0x0000, 0x0000,
  0x0000, 0x0000, 0x0000, 0x0000, 0x0000, 0x0000, 0x0000, 0x0000, 0x0000, 0x0000, 0x0000, 0x0000,
  0x0000, 0x0000, 0x0000, 0x0000, 0x0000, 0x0000, 0x0000, 0x0000, 0x0000, 0x0000, 0x0000, 0x0000,
  0x0000, 0x0000, 0x0000, 0x0000, 0x0000, 0x0000, 0x0000, 0x0000, 0x0000, 0x0000, 0x0000, 0x0000,
  0x0000, 0x0000, 0x0000, 0x0000, 0x0000, 0x0000, 0x0000, 0x0000, 0x0000, 0x0000, 0x0000, 0x0000,
  0xFE80, 0xF5A0, 0xED80, 0xF5A0, 0xFF03, 0xFEE3, 0xFEE3, 0xFEE3, 0xFEE3, 0xFEE3, 0xFEE3, 0xFEE3,
  0xFEE3, 0xFEE3, 0xFEE3, 0xFEE3, 0xFEE3, 0xFEE3, 0xFEC3, 0xFF28, 0xFF72, 0xFF72, 0xFF72, 0xFF72,
  0xFF72, 0xFF72, 0xFF72, 0xFF72, 0xFF72, 0xFF06, 0xFEE3, 0xFEE3, 0xFEE3, 0xFEE3, 0xFEE3, 0xFEE3,
  0xFEE3, 0xFEE3, 0xFEE3, 0xFEE3, 0xFEE3, 0xFEE3, 0xFEE3, 0xFF03, 0xFEE3, 0xFEE3, 0xFF03, 0xFF03,
  0xFEE3, 0xFEE3, 0xFEE3, 0xFF03, 0xFEE3, 0xFEE3, 0xFEE3, 0xFEE3, 0xFEE3, 0xFEE3, 0xFEE3, 0xFEE3,
  0xFEE3, 0xFEE3, 0xFEE3, 0xFEE3, 0xFEE3, 0xFEE3, 0xFEE3, 0xFEE3, 0xFEE3, 0xFEE3, 0xFEE3, 0xFEE3,
  0xFEE3, 0xFE22, 0xFE22, 0xFE02, 0xFE02, 0xFE02, 0xFE22, 0xFE02, 0xFE22, 0xFE22, 0xFE22, 0xFE22,
  0xFE22, 0xFE22, 0xFE22, 0xFE22, 0xFE01, 0xD420, 0xD440, 0xCC20, 0x1880, 0x0000, 0x0000, 0x0000,
  0x0000, 0x0000, 0x0000, 0x0000, 0x0000, 0x0000, 0x0000, 0x0000, 0x0000, 0x0000, 0x0000, 0x0000,
  0x0000, 0x0000, 0x0000, 0x0000, 0x0000, 0x0000, 0x0000, 0x0000, 0x0000, 0x0000, 0x0000, 0x0000,
  0x0000, 0x0000, 0x0000, 0x0000, 0x0000, 0x0000, 0x0000, 0x0000, 0x0000, 0x0000, 0x0000, 0x0000,
  0x0000, 0x0000, 0x0000, 0x0000, 0x0000, 0x0000, 0x0000, 0x0000, 0x0000, 0x0000, 0x0000, 0x0000,
  0x0000, 0x0000, 0x0000, 0x0000, 0x0000, 0x0000, 0x0000, 0x0000, 0x0000, 0x0000, 0x0000, 0x0000,
  0x0000, 0x0000, 0x0000, 0x0000, 0x0000, 0x0000, 0x0000, 0x0000, 0x0000, 0x0000, 0x0000, 0x0000,
  0x0000, 0x0000, 0x0000, 0x0000, 0x0000, 0x0000, 0x0000, 0x0000, 0x0000, 0x0000, 0x0000, 0x0000,
  0x0000, 0x0000, 0x0000, 0x0000, 0x0000, 0x0000, 0x0000, 0x0000, 0x0000, 0x0000, 0x0000, 0x0000,
  0x0000, 0x0000, 0x0000, 0x0000, 0x0000, 0x0000, 0x0000, 0x0000, 0x0000, 0x0000, 0x0000, 0x0000,
  0x0000, 0x0000, 0x0000, 0x0000, 0x0000, 0x0000, 0x0000, 0x0000, 0x0000, 0x0000, 0x0000, 0x0000,
  0x0000, 0x0000, 0x0000, 0x0000, 0x0000, 0x0000, 0x0000, 0x0000, 0x0000, 0x0000, 0x0000, 0x0000,
  0x0000, 0x0000, 0x0000, 0x0000, 0x0000, 0x0000, 0x0000, 0x0000, 0x0000, 0x0000, 0x0000, 0x0000,
  0xFE80, 0xF580, 0xF580, 0xF5A0, 0xFEE3, 0xFEE3, 0xFEE3, 0xFEE3, 0xFEE3, 0xFEE3, 0xFEE3, 0xFEE3,
  0xFEE3, 0xFEE3, 0xFEE3, 0xFEE3, 0xFEE3, 0xFEE3, 0xFEE3, 0xFF07, 0xFF72, 0xFF72, 0xFF72, 0xFF72,
  0xFF72, 0xFF72, 0xFF72, 0xFF72, 0xFF72, 0xFF06, 0xFEE3, 0xFEE3, 0xFEE3, 0xFEE3, 0xFEE3, 0xFEE3,
  0xFEE3, 0xFEE3, 0xFEE3, 0xFEE3, 0xFEE3, 0xFEE3, 0xFEE3, 0xFEE3, 0xFEE3, 0xFEE3, 0xFEE3, 0xFEE3,
  0xFF03, 0xFEE3, 0xFEE3, 0xFEE3, 0xFEE3, 0xFEE3, 0xFEE3, 0xFEE3, 0xFEE3, 0xFEE3, 0xFEE3, 0xFEE3,
  0xFEE3, 0xFEE3, 0xFEE3, 0xFEE3, 0xFEE3, 0xFEE3, 0xFEE3, 0xFEE3, 0xFEE3, 0xFEE3, 0xFEE3, 0xFEE3,
  0xFEE3, 0xFE22, 0xFE22, 0xFE02, 0xFE02, 0xFE02, 0xFE02, 0xFE02, 0xFE22, 0xFE02, 0xFE22, 0xFE22,
  0xFE22, 0xFE22, 0xFE22, 0xFE22, 0xFE01, 0xCC20, 0xD440, 0xD460, 0x20C0, 0x0000, 0x0000, 0x0000,
  0x0000, 0x0000, 0x0000, 0x0000, 0x0000, 0x0000, 0x0000, 0x0000, 0x0000, 0x0000, 0x0000, 0x0000,
  0x0000, 0x0000, 0x0000, 0x0000, 0x0000, 0x0000, 0x0000, 0x0000, 0x0000, 0x0000, 0x0000, 0x0000,
  0x0000, 0x0000, 0x0000, 0x0000, 0x0000, 0x0000, 0x0000, 0x0000, 0x0000, 0x0000, 0x0000, 0x0000,
  0x0000, 0x0000, 0x0000, 0x0000, 0x0000, 0x0000, 0x0000, 0x0000, 0x0000, 0x0000, 0x0000, 0x0000,
  0x0000, 0x0000, 0x0000, 0x0000, 0x0000, 0x0000, 0x0000, 0x0000, 0x0000, 0x0000, 0x0000, 0x0000,
  0x0000, 0x0000, 0x0000, 0x0000, 0x0000, 0x0000, 0x0000, 0x0000, 0x0000, 0x0000, 0x0000, 0x0000,
  0x0000, 0x0000, 0x0000, 0x0000, 0x0000, 0x0000, 0x0000, 0x0000, 0x0000, 0x0000, 0x0000, 0x0000,
  0x0000, 0x0000, 0x0000, 0x0000, 0x0000, 0x0000, 0x0000, 0x0000, 0x0000, 0x0000, 0x0000, 0x0000,
  0x0000, 0x0000, 0x0000, 0x0000, 0x0000, 0x0000, 0x0000, 0x0000, 0x0000, 0x0000, 0x0000, 0x0000,
  0x0000, 0x0000, 0x0000, 0x0000, 0x0000, 0x0000, 0x0000, 0x0000, 0x0000, 0x0000, 0x0000, 0x0000,
  0x0000, 0x0000, 0x0000, 0x0000, 0x0000, 0x0000, 0x0000, 0x0000, 0x0000, 0x0000, 0x0000, 0x0000,
  0x0000, 0x0000, 0x0000, 0x0000, 0x0000, 0x0000, 0x0000, 0x0000, 0x0000, 0x0000, 0x0000, 0x0000,
  0xFE80, 0xED80, 0xED80, 0xF580, 0xFEE3, 0xFEE2, 0xFEE3, 0xFEE3, 0xFEE3, 0xFEE3, 0xFEE3, 0xFEE3,
  0xFEE3, 0xFEE3, 0xFEE3, 0xFEE3, 0xFEE3, 0xFEE3, 0xFEE3, 0xFF07, 0xFF72, 0xFF72, 0xFF72, 0xFF72,
  0xFF72, 0xFF72, 0xFF72, 0xFF72, 0xFF72, 0xFF06, 0xFEE3, 0xFEE2, 0xFEE2, 0xFEE3, 0xFEE3, 0xFEE3,
  0xFEE3, 0xFEE3, 0xFEE3, 0xFEE3, 0xFEE3, 0xFEE3, 0xFEE3, 0xFEE3, 0xFEE3, 0xFEE3, 0xFEE3, 0xFEE3,
  0xFF03, 0xFF03, 0xFEE3, 0xFEE3, 0xFF03, 0xFEE3, 0xFEE3, 0xFEE3, 0xFEE3, 0xFEE3, 0xFEE3, 0xFEE3,
  0xFEE3, 0xFEE3, 0xFEE3, 0xFEE3, 0xFEE3, 0xFEE3, 0xFEE3, 0xFEE3, 0xFEE3, 0xFEE3, 0xFEE3, 0xFEE3,
  0xFEE3, 0xFE22, 0xFE22, 0xFE02, 0xFE02, 0xFE02, 0xFE02, 0xFE02, 0xFE22, 0xFE22, 0xFE22, 0xFE22,
  0xFE22, 0xFE22, 0xFE22, 0xFE02, 0xFE01, 0xD420, 0xD460, 0xDC60, 0x28C0, 0x0000, 0x0000, 0x0000,
  0x0000, 0x0000, 0x0000, 0x0000, 0x0000, 0x0000, 0x0000, 0x0000, 0x0000, 0x0000, 0x0000, 0x0000,
  0x0000, 0x0000, 0x0000, 0x0000, 0x0000, 0x0000, 0x0000, 0x0000, 0x0000, 0x0000, 0x0000, 0x0000,
  0x0000, 0x0000, 0x0000, 0x0000, 0x0000, 0x0000, 0x0000, 0x0000, 0x0000, 0x0000, 0x0000, 0x0000,
  0x0000, 0x0000, 0x0000, 0x0000, 0x0000, 0x0000, 0x0000, 0x0000, 0x0000, 0x0000, 0x0000, 0x0000,
  0x0000, 0x0000, 0x0000, 0x0000, 0x0000, 0x0000, 0x0000, 0x0000, 0x0000, 0x0000, 0x0000, 0x0000,
  0x0000, 0x0000, 0x0000, 0x0000, 0x0000, 0x0000, 0x0000, 0x0000, 0x0000, 0x0000, 0x0000, 0x0000,
  0x0000, 0x0000, 0x0000, 0x0000, 0x0000, 0x0000, 0x0000, 0x0000, 0x0000, 0x0000, 0x0000, 0x0000,
  0x0000, 0x0000, 0x0000, 0x0000, 0x0000, 0x0000, 0x0000, 0x0000, 0x0000, 0x0000, 0x0000, 0x0000,
  0x0000, 0x0000, 0x0000, 0x0000, 0x0000, 0x0000, 0x0000, 0x0000, 0x0000, 0x0000, 0x0000, 0x0000,
  0x0000, 0x0000, 0x0000, 0x0000, 0x0000, 0x0000, 0x0000, 0x0000, 0x0000, 0x0000, 0x0000, 0x0000,
  0x0000, 0x0000, 0x0000, 0x0000, 0x0000, 0x0000, 0x0000, 0x0000, 0x0000, 0x0000, 0x0000, 0x0000,
  0x0000, 0x0000, 0x0000, 0x0000, 0x0000, 0x0000, 0x0000, 0x0000, 0x0000, 0x0000, 0x0000, 0x0000,
  0xFE80, 0xED80, 0xF5A0, 0xED80, 0xFEE2, 0xFEE3, 0xFEE3, 0xFEE3, 0xFEE3, 0xFEE3, 0xFEE3, 0xFEE3,
  0xFEE3, 0xFEE3, 0xFEE3, 0xFEE3, 0xFEE3, 0xFEE3, 0xFEE3, 0xFF07, 0xFF71, 0xFF72, 0xFF72, 0xFF72,
  0xFF72, 0xFF72, 0xFF72, 0xFF72, 0xFF72, 0xFF06, 0xFEE3, 0xFEE2, 0xFEE3, 0xFEE3, 0xFEE3, 0xFEE3,
  0xFEE3, 0xFEE3, 0xFEE3, 0xFEE3, 0xFEE3, 0xFEE3, 0xFEE3, 0xFEE3, 0xFF03, 0xFEE3, 0xFEE3, 0xFF03,
  0xFF03, 0xFF03, 0xFEE3, 0xFEE3, 0xFEE3, 0xFEE3, 0xFEE3, 0xFEE3, 0xFEE3, 0xFEE3, 0xFEE3, 0xFEE3,
  0xFEE3, 0xFEE3, 0xFEE3, 0xFEE3, 0xFEE3, 0xFEE3, 0xFEE3, 0xFEE3, 0xFEE3, 0xFEE3, 0xFEE3, 0xFEE3,
  0xFEE3, 0xFE22, 0xFE02, 0xFE02, 0xFE02, 0xFE02, 0xFE02, 0xFE22, 0xFE22, 0xFE22, 0xFE22, 0xFE22,
  0xFE22, 0xFE22, 0xFE22, 0xFE02, 0xF601, 0xD460, 0xD460, 0xD440, 0x18A0, 0x0000, 0x0000, 0x0000,
  0x0000, 0x0000, 0x0000, 0x0000, 0x0000, 0x0000, 0x0000, 0x0000, 0x0000, 0x0000, 0x0000, 0x0000,
  0x0000, 0x0000, 0x0000, 0x0000, 0x0000, 0x0000, 0x0000, 0x0000, 0x0000, 0x0000, 0x0000, 0x0000,
  0x0000, 0x0000, 0x0000, 0x0000, 0x0000, 0x0000, 0x0000, 0x0000, 0x0000, 0x0000, 0x0000, 0x0000,
  0x0000, 0x0000, 0x0000, 0x0000, 0x0000, 0x0000, 0x0000, 0x0000, 0x0000, 0x0000, 0x0000, 0x0000,
  0x0000, 0x0000, 0x0000, 0x0000, 0x0000, 0x0000, 0x0000, 0x0000, 0x0000, 0x0000, 0x0000, 0x0000,
  0x0000, 0x0000, 0x0000, 0x0000, 0x0000, 0x0000, 0x0000, 0x0000, 0x0000, 0x0000, 0x0000, 0x0000,
  0x0000, 0x0000, 0x0000, 0x0000, 0x0000, 0x0000, 0x0000, 0x0000, 0x0000, 0x0000, 0x0000, 0x0000,
  0x0000, 0x0000, 0x0000, 0x0000, 0x0000, 0x0000, 0x0000, 0x0000, 0x0000, 0x0000, 0x0000, 0x0000,
  0x0000, 0x0000, 0x0000, 0x0000, 0x0000, 0x0000, 0x0000, 0x0000, 0x0000, 0x0000, 0x0000, 0x0000,
  0x0000, 0x0000, 0x0000, 0x0000, 0x0000, 0x0000, 0x0000, 0x0000, 0x0000, 0x0000, 0x0000, 0x0000,
  0x0000, 0x0000, 0x0000, 0x0000, 0x0000, 0x0000, 0x0000, 0x0000, 0x0000, 0x0000, 0x0000, 0x0000,
  0x0000, 0x0000, 0x0000, 0x0000, 0x0000, 0x0000, 0x0000, 0x0000, 0x0000, 0x0000, 0x0000, 0x0000,
  0xFE60, 0xED80, 0xF5A0, 0xED80, 0xFEE3, 0xFF03, 0xFF03, 0xFEE3, 0xFEE3, 0xFEE3, 0xFEE3, 0xFEE3,
  0xFEE3, 0xFEE3, 0xFEE3, 0xFEE3, 0xFEE3, 0xFEE3, 0xFEE3, 0xFEE3, 0xFF29, 0xFF71, 0xFF72, 0xFF72,
  0xFF72, 0xFF72, 0xFF72, 0xFF72, 0xFF72, 0xFF06, 0xFEE3, 0xFEE3, 0xFEE3, 0xFEE3, 0xFEE3, 0xFEE3,
  0xFEE3, 0xFEE3, 0xFEE3, 0xFEE3, 0xFEE3, 0xFEE3, 0xFEE3, 0xFEE3, 0xFEE3, 0xFEE3, 0xFF03, 0xFEE3,
  0xFEE3, 0xFEE3, 0xFEE3, 0xFEE3, 0xFEE3, 0xFEE3, 0xFEE3, 0xFEE3, 0xFEE3, 0xFEE3, 0xFEE3, 0xFEE3,
  0xFEE3, 0xFEE3, 0xFEE3, 0xFEE3, 0xFEE3, 0xFEE3, 0xFEE3, 0xFEE3, 0xFEE3, 0xFEE3, 0xFEE3, 0xFEE3,
  0xFEE3, 0xF662, 0xFE22, 0xFE22, 0xFE22, 0xFE02, 0xFE02, 0xFE02, 0xFE22, 0xFE22, 0xFE22, 0xFE22,
  0xFE22, 0xFE22, 0xFE22, 0xFE22, 0xFE22, 0xD460, 0xD440, 0xCC40, 0x30C0, 0x2080, 0x20A0, 0x0000,
  0x0000, 0x0000, 0x0000, 0x0000, 0x0000, 0x0000, 0x0000, 0x0000, 0x0000, 0x0000, 0x0000, 0x0000,
  0x0000, 0x0000, 0x0000, 0x0000, 0x0000, 0x0000, 0x0000, 0x0000, 0x0000, 0x0000, 0x0000, 0x0000,
  0x0000, 0x0000, 0x0000, 0x0000, 0x0000, 0x0000, 0x0000, 0x0000, 0x0000, 0x0000, 0x0000, 0x0000,
  0x0000, 0x0000, 0x0000, 0x0000, 0x0000, 0x0000, 0x0000, 0x0000, 0x0000, 0x0000, 0x0000, 0x0000,
  0x0000, 0x0000, 0x0000, 0x0000, 0x0000, 0x0000, 0x0000, 0x0000, 0x0000, 0x0000, 0x0000, 0x0000,
  0x0000, 0x0000, 0x0000, 0x0000, 0x0000, 0x0000, 0x0000, 0x0000, 0x0000, 0x0000, 0x0000, 0x0000,
  0x0000, 0x0000, 0x0000, 0x0000, 0x0000, 0x0000, 0x0000, 0x0000, 0x0000, 0x0000, 0x0000, 0x0000,
  0x0000, 0x0000, 0x0000, 0x0000, 0x0000, 0x0000, 0x0000, 0x0000, 0x0000, 0x0000, 0x0000, 0x0000,
  0x0000, 0x0000, 0x0000, 0x0000, 0x0000, 0x0000, 0x0000, 0x0000, 0x0000, 0x0000, 0x0000, 0x0000,
  0x0000, 0x0000, 0x0000, 0x0000, 0x0000, 0x0000, 0x0000, 0x0000, 0x0000, 0x0000, 0x0000, 0x0000,
  0x0000, 0x0000, 0x0000, 0x0000, 0x0000, 0x0000, 0x0000, 0x0000, 0x0000, 0x0000, 0x0000, 0x0000,
  0x0000, 0x0000, 0x0000, 0x0000, 0x0000, 0x0000, 0x0000, 0x0000, 0x0000, 0x0000, 0x0000, 0x0000,
  0xFE40, 0xED80, 0xEDA0, 0xED80, 0xFEE3, 0xFF03, 0xFF03, 0xFEE3, 0xFEE3, 0xFEE3, 0xFEE3, 0xFEE3,
  0xFEE3, 0xFEE3, 0xFEE3, 0xFEE3, 0xFEE3, 0xFEE3, 0xFEE3, 0xFEE3, 0xFEE3, 0xFF71, 0xFF72, 0xFF72,
  0xFF72, 0xFF72, 0xFF72, 0xFF72, 0xFF72, 0xFF06, 0xFEE3, 0xFEE3, 0xFEE3, 0xFEE3, 0xFEE3, 0xFEE3,
  0xFEE3, 0xFEE3, 0xFEE3, 0xFEE3, 0xFEE3, 0xFEE3, 0xFEE3, 0xFEE3, 0xFEE3, 0xFEE3, 0xFEE3, 0xFEE3,
  0xFEE3, 0xFEE3, 0xFEE3, 0xFEE3, 0xFEE3, 0xFF03, 0xFEE3, 0xFEE3, 0xFEE3, 0xFEE3, 0xFEE3, 0xFEE3,
  0xFEE3, 0xFF03, 0xFEE3, 0xFEE3, 0xFF03, 0xFEE3, 0xFEE3, 0xFEE3, 0xFEE3, 0xFEE3, 0xFF03, 0xFEE3,
  0xFEE3, 0xFEE3, 0xFEC3, 0xFEE3, 0xFEA2, 0xFE22, 0xFE22, 0xFE22, 0xFE02, 0xFE22, 0xFE22, 0xFE22,
  0xFE22, 0xFE22, 0xFE22, 0xFE22, 0xFE22, 0xFE02, 0xFE22, 0xF601, 0xCC20, 0xCC20, 0xCC40, 0x0000,
  0x0000, 0x0000, 0x0000, 0x0000, 0x0000, 0x0000, 0x0000, 0x0000, 0x0000, 0x0000, 0x0000, 0x0000,
  0x0000, 0x0000, 0x0000, 0x0000, 0x0000, 0x0000, 0x0000, 0x0000, 0x0000, 0x0000, 0x0000, 0x0000,
  0x0000, 0x0000, 0x0000, 0x0000, 0x0000, 0x0000, 0x0000, 0x0000, 0x0000, 0x0000, 0x0000, 0x0000,
  0x0000, 0x0000, 0x0000, 0x0000, 0x0000, 0x0000, 0x0000, 0x0000, 0x0000, 0x0000, 0x0000, 0x0000,
  0x0000, 0x0000, 0x0000, 0x0000, 0x0000, 0x0000, 0x0000, 0x0000, 0x0000, 0x0000, 0x0000, 0x0000,
  0x0000, 0x0000, 0x0000, 0x0000, 0x0000, 0x0000, 0x0000, 0x0000, 0x0000, 0x0000, 0x0000, 0x0000,
  0x0000, 0x0000, 0x0000, 0x0000, 0x0000, 0x0000, 0x0000, 0x0000, 0x0000, 0x0000, 0x0000, 0x0000,
  0x0000, 0x0000, 0x0000, 0x0000, 0x0000, 0x0000, 0x0000, 0x0000, 0x0000, 0x0000, 0x0000, 0x0000,
  0x0000, 0x0000, 0x0000, 0x0000, 0x0000, 0x0000, 0x0000, 0x0000, 0x0000, 0x0000, 0x0000, 0x0000,
  0x0000, 0x0000, 0x0000, 0x0000, 0x0000, 0x0000, 0x0000, 0x0000, 0x0000, 0x0000, 0x0000, 0x0000,
  0x0000, 0x0000, 0x0000, 0x0000, 0x0000, 0x0000, 0x0000, 0x0000, 0x0000, 0x0000, 0x0000, 0x0000,
  0x0000, 0x0000, 0x0000, 0x0000, 0x0000, 0x0000, 0x0000, 0x0000, 0x0000, 0x0000, 0x0000, 0x0000,
  0xFE60, 0xF5C0, 0xED80, 0xED60, 0xFEE3, 0xFF03, 0xFEE3, 0xFEE3, 0xFF03, 0xFF03, 0xFEE3, 0xFEE3,
  0xFF03, 0xFEE3, 0xFEE3, 0xFEE3, 0xFEE3, 0xFEE3, 0xFEE3, 0xFEE3, 0xFEE3, 0xFF71, 0xFF72, 0xFF72,
  0xFF72, 0xFF72, 0xFF72, 0xFF72, 0xFF72, 0xFEE6, 0xFEE3, 0xFEE3, 0xFEE3, 0xFEE3, 0xFEE3, 0xFEE3,
  0xFEE3, 0xFEE3, 0xFEE3, 0xFEE3, 0xFEE3, 0xFEE3, 0xFEE3, 0xFEE3, 0xFEE3, 0xFEE3, 0xFEE3, 0xFEE3,
  0xFEE3, 0xFEE3, 0xFEE3, 0xFEE3, 0xFEE3, 0xFEE3, 0xFEE3, 0xFEE3, 0xFEE3, 0xFEE3, 0xFEE3, 0xFEE3,
  0xFEE3, 0xFEE3, 0xFF03, 0xFEE3, 0xFEE3, 0xFEE3, 0xFEE3, 0xFEE3, 0xFEE3, 0xFEE3, 0xFEE3, 0xFEE3,
  0xFEE3, 0xFEE3, 0xFEC3, 0xFEC3, 0xFEA2, 0xFE02, 0xFE22, 0xFE02, 0xFE02, 0xFE02, 0xFE22, 0xFE22,
  0xFE22, 0xFE22, 0xFE22, 0xFE22, 0xFE22, 0xFE22, 0xFE02, 0xFE02, 0xD440, 0xCC40, 0xCC20, 0x0000,
  0x0000, 0x0000, 0x0000, 0x0000, 0x0000, 0x0000, 0x0000, 0x0000, 0x0000, 0x0000, 0x0000, 0x0000,
  0x0000, 0x0000, 0x0000, 0x0000, 0x0000, 0x0000, 0x0000, 0x0000, 0x0000, 0x0000, 0x0000, 0x0000,
  0x0000, 0x0000, 0x0000, 0x0000, 0x0000, 0x0000, 0x0000, 0x0000, 0x0000, 0x0000, 0x0000, 0x0000,
  0x0000, 0x0000, 0x0000, 0x0000, 0x0000, 0x0000, 0x0000, 0x0000, 0x0000, 0x0000, 0x0000, 0x0000,
  0x0000, 0x0000, 0x0000, 0x0000, 0x0000, 0x0000, 0x0000, 0x0000, 0x0000, 0x0000, 0x0000, 0x0000,
  0x0000, 0x0000, 0x0000, 0x0000, 0x0000, 0x0000, 0x0000, 0x0000, 0x0000, 0x0000, 0x0000, 0x0000,
  0x0000, 0x0000, 0x0000, 0x0000, 0x0000, 0x0000, 0x0000, 0x0000, 0x0000, 0x0000, 0x0000, 0x0000,
  0x0000, 0x0000, 0x0000, 0x0000, 0x0000, 0x0000, 0x0000, 0x0000, 0x0000, 0x0000, 0x0000, 0x0000,
  0x0000, 0x0000, 0x0000, 0x0000, 0x0000, 0x0000, 0x0000, 0x0000, 0x0000, 0x0000, 0x0000, 0x0000,
  0x0000, 0x0000, 0x0000, 0x0000, 0x0000, 0x0000, 0x0000, 0x0000, 0x0000, 0x0000, 0x0000, 0x0000,
  0x0000, 0x0000, 0x0000, 0x0000, 0x0000, 0x0000, 0x0000, 0x0000, 0x0000, 0x0000, 0x0000, 0x0000,
  0x0000, 0x0000, 0x0000, 0x0000, 0x0000, 0x0000, 0x0000, 0x0000, 0x0000, 0x0000, 0x0000, 0x0000,
  0xFF00, 0xFE20, 0xF5C0, 0xED80, 0xFF03, 0xFF04, 0xFF03, 0xFEE3, 0xFEE3, 0xFF03, 0xFEE3, 0xFEE3,
  0xFEE3, 0xFEE3, 0xFEE3, 0xFEE3, 0xFEE3, 0xFEE3, 0xFEE3, 0xFEE3, 0xFEE3, 0xFF72, 0xFF93, 0xFF72,
  0xFF72, 0xFF72, 0xFF72, 0xFF72, 0xFF72, 0xFF06, 0xFEE2, 0xFEE3, 0xFEE2, 0xFEE2, 0xFEE3, 0xFEE3,
  0xFEE3, 0xFEE3, 0xFEE3, 0xFEE3, 0xFEE3, 0xFEE3, 0xFEE3, 0xFEE3, 0xFEE3, 0xFEE3, 0xFEE3, 0xFEE3,
  0xFEE3, 0xFEE3, 0xFEE3, 0xFEE3, 0xFEE3, 0xFEE3, 0xFEE3, 0xFEE3, 0xFEE3, 0xFEE3, 0xFEE3, 0xFEE3,
  0xFEE3, 0xFEE3, 0xFEE3, 0xFEE3, 0xFEE3, 0xFEE3, 0xFEE3, 0xFEE3, 0xFF03, 0xFEE3, 0xFEE3, 0xFEE3,
  0xFEE3, 0xFEE3, 0xFEE3, 0xFEE3, 0xFEA3, 0xFE02, 0xFE02, 0xFE22, 0xFE22, 0xFE22, 0xFE22, 0xFE22,
  0xFE22, 0xFE22, 0xFE22, 0xFE22, 0xFE22, 0xFE22, 0xFE22, 0xFE02, 0xD440, 0xD440, 0xD440, 0x1040,
  0x0840, 0x0020, 0x0000, 0x0000, 0x0000, 0x0000, 0x0000, 0x0000, 0x0000, 0x0000, 0x0000, 0x0000,
  0x0000, 0x0000, 0x0000, 0x0000, 0x0000, 0x0000, 0x0000, 0x0000, 0x0000, 0x0000, 0x0000, 0x0000,
  0x0000, 0x0000, 0x0000, 0x0000, 0x0000, 0x0000, 0x0000, 0x0000, 0x0000, 0x0000, 0x0000, 0x0000,
  0x0000, 0x0000, 0x0000, 0x0000, 0x0000, 0x0000, 0x0000, 0x0000, 0x0000, 0x0000, 0x0000, 0x0000,
  0x0000, 0x0000, 0x0000, 0x0000, 0x0000, 0x0000, 0x0000, 0x0000, 0x0000, 0x0000, 0x0000, 0x0000,
  0x0000, 0x0000, 0x0000, 0x0000, 0x0000, 0x0000, 0x0000, 0x0000, 0x0000, 0x0000, 0x0000, 0x0000,
  0x0000, 0x0000, 0x0000, 0x0000, 0x0000, 0x0000, 0x0000, 0x0000, 0x0000, 0x0000, 0x0000, 0x0000,
  0x0000, 0x0000, 0x0000, 0x0000, 0x0000, 0x0000, 0x0000, 0x0000, 0x0000, 0x0000, 0x0000, 0x0000,
  0x0000, 0x0000, 0x0000, 0x0000, 0x0000, 0x0000, 0x0000, 0x0000, 0x0000, 0x0000, 0x0000, 0x0000,
  0x0000, 0x0000, 0x0000, 0x0000, 0x0000, 0x0000, 0x0000, 0x0000, 0x0000, 0x0000, 0x0000, 0x0000,
  0x0000, 0x0000, 0x0000, 0x0000, 0x0000, 0x0000, 0x0000, 0x0000, 0x0000, 0x0000, 0x0000, 0x0000,
  0x0000, 0x0000, 0x0000, 0x0000, 0x0000, 0x0000, 0x0000, 0x0000, 0x0000, 0x0000, 0x0000, 0x0000,
  0x0820, 0x0840, 0x0820, 0x0820, 0xED80, 0xF5A0, 0xED80, 0xFEE3, 0xFF03, 0xFF03, 0xFEE3, 0xFEE3,
  0xFF03, 0xFEE3, 0xFEE3, 0xFEE3, 0xFEE3, 0xFEE3, 0xFEE3, 0xFEE3, 0xFEE2, 0xFEE3, 0xFEE4, 0xFEC3,
  0xFF72, 0xFF72, 0xFF72, 0xFF72, 0xFF73, 0xFF72, 0xFF71, 0xFF51, 0xFF73, 0xFEE3, 0xFEE3, 0xFEE3,
  0xFEE3, 0xFEE3, 0xFEE3, 0xFEE3, 0xFEE3, 0xFEE3, 0xFEE3, 0xFEE3, 0xFEE3, 0xFEE3, 0xFEE3, 0xFEE3,
  0xFEE3, 0xFEE3, 0xFEE3, 0xFEE3, 0xFEE3, 0xFEE3, 0xFEE3, 0xFEE3, 0xFEE3, 0xFEE3, 0xFEE3, 0xFEE3,
  0xFEE3, 0xFEE3, 0xFEE3, 0xFEE3, 0xFEE3, 0xFEE3, 0xFEE3, 0xFEE3, 0xFEE3, 0xFEE3, 0xFEE3, 0xFEE3,
  0xFEE3, 0xFEE3, 0xFEE3, 0xFEE3, 0xFEE3, 0xFEE3, 0xFEE3, 0xFEE3, 0xFE02, 0xFE22, 0xFE22, 0xFE22,
  0xFE22, 0xFE22, 0xFE22, 0xFE22, 0xFE22, 0xFE22, 0xFE02, 0xFE22, 0xFE22, 0xFE22, 0xFE43, 0xDC80,
  0xDC80, 0xD480, 0x0840, 0x0000, 0x0000, 0x0000, 0x0000, 0x0000, 0x0000, 0x0000, 0x0000, 0x0000,
  0x0000, 0x0000, 0x0000, 0x0000, 0x0000, 0x0000, 0x0000, 0x0000, 0x0000, 0x0000, 0x0000, 0x0000,
  0x0000, 0x0000, 0x0000, 0x0000, 0x0000, 0x0000, 0x0000, 0x0000, 0x0000, 0x0000, 0x0000, 0x0000,
  0x0000, 0x0000, 0x0000, 0x0000, 0x0000, 0x0000, 0x0000, 0x0000, 0x0000, 0x0000, 0x0000, 0x0000,
  0x0000, 0x0000, 0x0000, 0x0000, 0x0000, 0x0000, 0x0000, 0x0000, 0x0000, 0x0000, 0x0000, 0x0000,
  0x0000, 0x0000, 0x0000, 0x0000, 0x0000, 0x0000, 0x0000, 0x0000, 0x0000, 0x0000, 0x0000, 0x0000,
  0x0000, 0x0000, 0x0000, 0x0000, 0x0000, 0x0000, 0x0000, 0x0000, 0x0000, 0x0000, 0x0000, 0x0000,
  0x0000, 0x0000, 0x0000, 0x0000, 0x0000, 0x0000, 0x0000, 0x0000, 0x0000, 0x0000, 0x0000, 0x0000,
  0x0000, 0x0000, 0x0000, 0x0000, 0x0000, 0x0000, 0x0000, 0x0000, 0x0000, 0x0000, 0x0000, 0x0000,
  0x0000, 0x0000, 0x0000, 0x0000, 0x0000, 0x0000, 0x0000, 0x0000, 0x0000, 0x0000, 0x0000, 0x0000,
  0x0000, 0x0000, 0x0000, 0x0000, 0x0000, 0x0000, 0x0000, 0x0000, 0x0000, 0x0000, 0x0000, 0x0000,
  0x0000, 0x0000, 0x0000, 0x0000, 0x0000, 0x0000, 0x0000, 0x0000, 0x0000, 0x0000, 0x0000, 0x0000,
  0x0000, 0x0000, 0x0000, 0x0020, 0xF5A0, 0xF5A0, 0xED80, 0xFEE3, 0xFEE3, 0xFEE3, 0xFEE3, 0xFEE3,
  0xFEE3, 0xFEE3, 0xFF03, 0xFEE3, 0xFEE3, 0xFEE3, 0xFEE3, 0xFEE3, 0xFEE3, 0xFEE3, 0xFEE3, 0xFEE3,
  0xFF72, 0xFF72, 0xFF72, 0xFF72, 0xFF72, 0xFF72, 0xFF72, 0xFF72, 0xFF73, 0xFEE3, 0xFEE3, 0xFEE3,
  0xFEE3, 0xFEE3, 0xFEE3, 0xFEE3, 0xFEE3, 0xFEE3, 0xFEE3, 0xFEE3, 0xFEE3, 0xFEE3, 0xFEE3, 0xFEE3,
  0xFEE3, 0xFEE3, 0xFEE3, 0xFEE3, 0xFEE3, 0xFEE3, 0xFEE3, 0xFEE3, 0xFEE3, 0xFEE3, 0xFEE3, 0xFEE3,
  0xFEE3, 0xFEE3, 0xFEE3, 0xFF03, 0xFF03, 0xFEE3, 0xFEE3, 0xFEE3, 0xFEE3, 0xFEE3, 0xFEE3, 0xFEE3,
  0xFEE3, 0xFEE3, 0xFEE3, 0xFEE3, 0xFEE3, 0xFEE3, 0xFEE3, 0xFF03, 0xFE02, 0xFE02, 0xFE02, 0xFE22,
  0xFE22, 0xFE22, 0xFE22, 0xFE22, 0xFE22, 0xFE22, 0xFE22, 0xFE22, 0xFE22, 0xFE22, 0xFE63, 0xDC60,
  0xD460, 0xDC81, 0x0840, 0x0000, 0x0000, 0x0000, 0x0000, 0x0000, 0x0000, 0x0000, 0x0000, 0x0000,
  0x0000, 0x0000, 0x0000, 0x0000, 0x0000, 0x0000, 0x0000, 0x0000, 0x0000, 0x0000, 0x0000, 0x0000,
  0x0000, 0x0000, 0x0000, 0x0000, 0x0000, 0x0000, 0x0000, 0x0000, 0x0000, 0x0000, 0x0000, 0x0000,
  0x0000, 0x0000, 0x0000, 0x0000, 0x0000, 0x0000, 0x0000, 0x0000, 0x0000, 0x0000, 0x0000, 0x0000,
  0x0000, 0x0000, 0x0000, 0x0000, 0x0000, 0x0000, 0x0000, 0x0000, 0x0000, 0x0000, 0x0000, 0x0000,
  0x0000, 0x0000, 0x0000, 0x0000, 0x0000, 0x0000, 0x0000, 0x0000, 0x0000, 0x0000, 0x0000, 0x0000,
  0x0000, 0x0000, 0x0000, 0x0000, 0x0000, 0x0000, 0x0000, 0x0000, 0x0000, 0x0000, 0x0000, 0x0000,
  0x0000, 0x0000, 0x0000, 0x0000, 0x0000, 0x0000, 0x0000, 0x0000, 0x0000, 0x0000, 0x0000, 0x0000,
  0x0000, 0x0000, 0x0000, 0x0000, 0x0000, 0x0000, 0x0000, 0x0000, 0x0000, 0x0000, 0x0000, 0x0000,
  0x0000, 0x0000, 0x0000, 0x0000, 0x0000, 0x0000, 0x0000, 0x0000, 0x0000, 0x0000, 0x0000, 0x0000,
  0x0000, 0x0000, 0x0000, 0x0000, 0x0000, 0x0000, 0x0000, 0x0000, 0x0000, 0x0000, 0x0000, 0x0000,
  0x0000, 0x0000, 0x0000, 0x0000, 0x0000, 0x0000, 0x0000, 0x0000, 0x0000, 0x0000, 0x0000, 0x0000,
  0x0000, 0x0000, 0x0000, 0x1060, 0xF5A0, 0xED80, 0xF5A0, 0xFF03, 0xFF03, 0xFEE3, 0xFEE3, 0xFEE3,
  0xFF03, 0xFEE3, 0xFEE3, 0xFEE3, 0xFEE3, 0xFEE3, 0xFEE3, 0xFEE3, 0xFEE3, 0xFEE3, 0xFEE3, 0xFF04,
  0xFF72, 0xFF72, 0xFF72, 0xFF72, 0xFF72, 0xFF72, 0xFF72, 0xFF72, 0xFF73, 0xFEE3, 0xFEE3, 0xFEE3,
  0xFEE3, 0xFEE3, 0xFEE3, 0xFEE3, 0xFEE3, 0xFEE3, 0xFEE3, 0xFEE3, 0xFEE3, 0xFEE3, 0xFEE3, 0xFEE3,
  0xFEE3, 0xFEE3, 0xFEE3, 0xFEE3, 0xFEE3, 0xFEE3, 0xFEE3, 0xFEE3, 0xFEE3, 0xFEE3, 0xFEE3, 0xFEE3,
  0xFEE3, 0xFEE3, 0xFEE3, 0xFEE3, 0xFEE3, 0xFEE3, 0xFEE3, 0xFEE3, 0xFEE3, 0xFEE3, 0xFEE3, 0xFEE3,
  0xFEE3, 0xFEE3, 0xFEE3, 0xFEE3, 0xFEE3, 0xFEE3, 0xFEE3, 0xFF03, 0xFE02, 0xFE22, 0xFE02, 0xFE22,
  0xFE22, 0xFE22, 0xFE22, 0xFE22, 0xFE22, 0xFE22, 0xFE22, 0xFE22, 0xFE22, 0xFE22, 0xFE42, 0xD480,
  0xD460, 0xD461, 0x0840, 0x0000, 0x0000, 0x0000, 0x0000, 0x0000, 0x0000, 0x0000, 0x0000, 0x0000,
  0x0000, 0x0000, 0x0000, 0x0000, 0x0000, 0x0000, 0x0000, 0x0000, 0x0000, 0x0000, 0x0000, 0x0000,
  0x0000, 0x0000, 0x0000, 0x0000, 0x0000, 0x0000, 0x0000, 0x0000, 0x0000, 0x0000, 0x0000, 0x0000,
  0x0000, 0x0000, 0x0000, 0x0000, 0x0000, 0x0000, 0x0000, 0x0000, 0x0000, 0x0000, 0x0000, 0x0000,
  0x0000, 0x0000, 0x0000, 0x0000, 0x0000, 0x0000, 0x0000, 0x0000, 0x0000, 0x0000, 0x0000, 0x0000,
  0x0000, 0x0000, 0x0000, 0x0000, 0x0000, 0x0000, 0x0000, 0x0000, 0x0000, 0x0000, 0x0000, 0x0000,
  0x0000, 0x0000, 0x0000, 0x0000, 0x0000, 0x0000, 0x0000, 0x0000, 0x0000, 0x0000, 0x0000, 0x0000,
  0x0000, 0x0000, 0x0000, 0x0000, 0x0000, 0x0000, 0x0000, 0x0000, 0x0000, 0x0000, 0x0000, 0x0000,
  0x0000, 0x0000, 0x0000, 0x0000, 0x0000, 0x0000, 0x0000, 0x0000, 0x0000, 0x0000, 0x0000, 0x0000,
  0x0000, 0x0000, 0x0000, 0x0000, 0x0000, 0x0000, 0x0000, 0x0000, 0x0000, 0x0000, 0x0000, 0x0000,
  0x0000, 0x0000, 0x0000, 0x0000, 0x0000, 0x0000, 0x0000, 0x0000, 0x0000, 0x0000, 0x0000, 0x0000,
  0x0000, 0x0000, 0x0000, 0x0000, 0x0000, 0x0000, 0x0000, 0x0000, 0x0000, 0x0000, 0x0000, 0x0000,
  0x0000, 0x0000, 0x0000, 0x0840, 0xED80, 0xED80, 0xF5A0, 0xFF03, 0xFEE3, 0xFEE3, 0xFEE3, 0xFEE3,
  0xFEE3, 0xFEE3, 0xFF03, 0xFF03, 0xFEE3, 0xFEE3, 0xFEE3, 0xFEE3, 0xFEE3, 0xFF03, 0xFEE3, 0xFF03,
  0xFF72, 0xFF72, 0xFF72, 0xFF72, 0xFF72, 0xFF72, 0xFF72, 0xFF72, 0xFF72, 0xFEE3, 0xFEE3, 0xFEE3,
  0xFEE3, 0xFEE3, 0xFEE3, 0xFEE3, 0xFEE3, 0xFEE3, 0xFEE3, 0xFEE3, 0xFEE3, 0xFEE3, 0xFEE3, 0xFEE3,
  0xFEE3, 0xFEE3, 0xFEE3, 0xFEE3, 0xFEE3, 0xFEE3, 0xFEE3, 0xFEE3, 0xFEE3, 0xFEE3, 0xFEE3, 0xFEE3,
  0xFEE3, 0xFEE3, 0xFEE3, 0xFEE3, 0xFEE3, 0xFEE3, 0xFEE3, 0xFEE3, 0xFEE3, 0xFEE3, 0xFEE3, 0xFEE3,
  0xFEE3, 0xFEE3, 0xFEE3, 0xFEE3, 0xFEE3, 0xFEE3, 0xFEE3, 0xFEE3, 0xFE02, 0xFE02, 0xFE02, 0xFE22,
  0xFE22, 0xFE22, 0xFE22, 0xFE22, 0xFE22, 0xFE22, 0xFE22, 0xFE22, 0xFE22, 0xFE22, 0xFE42, 0xDC80,
  0xD460, 0xDC80, 0x1880, 0x0020, 0x0000, 0x0000, 0x0000, 0x0000, 0x0000, 0x0000, 0x0000, 0x0000,
  0x0000, 0x0000, 0x0000, 0x0000, 0x0000, 0x0000, 0x0000, 0x0000, 0x0000, 0x0000, 0x0000, 0x0000,
  0x0000, 0x0000, 0x0000, 0x0000, 0x0000, 0x0000, 0x0000, 0x0000, 0x0000, 0x0000, 0x0000, 0x0000,
  0x0000, 0x0000, 0x0000, 0x0000, 0x0000, 0x0000, 0x0000, 0x0000, 0x0000, 0x0000, 0x0000, 0x0000,
  0x0000, 0x0000, 0x0000, 0x0000, 0x0000, 0x0000, 0x0000, 0x0000, 0x0000, 0x0000, 0x0000, 0x0000,
  0x0000, 0x0000, 0x0000, 0x0000, 0x0000, 0x0000, 0x0000, 0x0000, 0x0000, 0x0000, 0x0000, 0x0000,
  0x0000, 0x0000, 0x0000, 0x0000, 0x0000, 0x0000, 0x0000, 0x0000, 0x0000, 0x0000, 0x0000, 0x0000,
  0x0000, 0x0000, 0x0000, 0x0000, 0x0000, 0x0000, 0x0000, 0x0000, 0x0000, 0x0000, 0x0000, 0x0000,
  0x0000, 0x0000, 0x0000, 0x0000, 0x0000, 0x0000, 0x0000, 0x0000, 0x0000, 0x0000, 0x0000, 0x0000,
  0x0000, 0x0000, 0x0000, 0x0000, 0x0000, 0x0000, 0x0000, 0x0000, 0x0000, 0x0000, 0x0000, 0x0000,
  0x0000, 0x0000, 0x0000, 0x0000, 0x0000, 0x0000, 0x0000, 0x0000, 0x0000, 0x0000, 0x0000, 0x0000,
  0x0000, 0x0000, 0x0000, 0x0000, 0x0000, 0x0000, 0x0000, 0x0000, 0x0000, 0x0000, 0x0000, 0x0000,
  0x0000, 0x0000, 0x0000, 0x0020, 0xED60, 0xED80, 0xF5A0, 0xFEE3, 0xFEE3, 0xFEE3, 0xFEE3, 0xFF03,
  0xFEE3, 0xFEE3, 0xFEE3, 0xFEE3, 0xFEE3, 0xFEE3, 0xFEE3, 0xFEE3, 0xFEE3, 0xFF03, 0xFEE3, 0xFEE3,
  0xFF72, 0xFF72, 0xFF72, 0xFF72, 0xFF72, 0xFF72, 0xFF72, 0xFF72, 0xFF72, 0xFEE2, 0xFEE3, 0xFEE3,
  0xFEE3, 0xFEE3, 0xFEE3, 0xFEE3, 0xFEE3, 0xFEE3, 0xFEE3, 0xFEE3, 0xFEE3, 0xFEE3, 0xFEE3, 0xFEE3,
  0xFEE3, 0xFEE3, 0xFEE3, 0xFEE3, 0xFEE3, 0xFEE3, 0xFEE3, 0xFEE3, 0xFEE3, 0xFEE3, 0xFEE3, 0xFEE3,
  0xFF03, 0xFEE3, 0xFEE3, 0xFEE3, 0xFEE3, 0xFEE3, 0xFEE3, 0xFEE3, 0xFEE3, 0xFEE3, 0xFEE3, 0xFEE3,
  0xFEE3, 0xFF03, 0xFEE3, 0xFEE3, 0xFEE3, 0xFEE3, 0xFEE3, 0xFEE3, 0xFEE2, 0xFEE2, 0xFEE2, 0xFE01,
  0xFE02, 0xFE22, 0xFE22, 0xFE22, 0xFE22, 0xFE22, 0xFE22, 0xFE22, 0xFE22, 0xFE22, 0xFE22, 0xFE22,
  0xFE22, 0xE4A0, 0xDC80, 0xCC40, 0x0000, 0x0000, 0x0000, 0x0000, 0x0000, 0x0000, 0x0000, 0x0000,
  0x0000, 0x0000, 0x0000, 0x0000, 0x0000, 0x0000, 0x0000, 0x0000, 0x0000, 0x0000, 0x0000, 0x0000,
  0x0000, 0x0000, 0x0000, 0x0000, 0x0000, 0x0000, 0x0000, 0x0000, 0x0000, 0x0000, 0x0000, 0x0000,
  0x0000, 0x0000, 0x0000, 0x0000, 0x0000, 0x0000, 0x0000, 0x0000, 0x0000, 0x0000, 0x0000, 0x0000,
  0x0000, 0x0000, 0x0000, 0x0000, 0x0000, 0x0000, 0x0000, 0x0000, 0x0000, 0x0000, 0x0000, 0x0000,
  0x0000, 0x0000, 0x0000, 0x0000, 0x0000, 0x0000, 0x0000, 0x0000, 0x0000, 0x0000, 0x0000, 0x0000,
  0x0000, 0x0000, 0x0000, 0x0000, 0x0000, 0x0000, 0x0000, 0x0000, 0x0000, 0x0000, 0x0000, 0x0000,
  0x0000, 0x0000, 0x0000, 0x0000, 0x0000, 0x0000, 0x0000, 0x0000, 0x0000, 0x0000, 0x0000, 0x0000,
  0x0000, 0x0000, 0x0000, 0x0000, 0x0000, 0x0000, 0x0000, 0x0000, 0x0000, 0x0000, 0x0000, 0x0000,
  0x0000, 0x0000, 0x0000, 0x0000, 0x0000, 0x0000, 0x0000, 0x0000, 0x0000, 0x0000, 0x0000, 0x0000,
  0x0000, 0x0000, 0x0000, 0x0000, 0x0000, 0x0000, 0x0000, 0x0000, 0x0000, 0x0000, 0x0000, 0x0000,
  0x0000, 0x0000, 0x0000, 0x0000, 0x0000, 0x0000, 0x0000, 0x0000, 0x0000, 0x0000, 0x0000, 0x0000,
  0x0000, 0x0000, 0x0000, 0x0020, 0xED80, 0xF5A0, 0xED80, 0xFF02, 0xFEE3, 0xFEE3, 0xFF03, 0xFF03,
  0xFEE3, 0xFEE3, 0xFEE3, 0xFEE3, 0xFEE3, 0xFF03, 0xFEE3, 0xFEE3, 0xFEE3, 0xFEE3, 0xFEE3, 0xFEE3,
  0xFF72, 0xFF72, 0xFF72, 0xFF72, 0xFF72, 0xFF72, 0xFF72, 0xFF72, 0xFF73, 0xFEE3, 0xFEE3, 0xFEE3,
  0xFEE3, 0xFEE3, 0xFEE3, 0xFEE3, 0xFEE3, 0xFEE3, 0xFEE3, 0xFEE3, 0xFEE3, 0xFEE3, 0xFEE3, 0xFF03,
  0xFEE3, 0xFEE3, 0xFEE3, 0xFEE3, 0xFEE3, 0xFEE3, 0xFEE3, 0xFEE3, 0xFEE3, 0xFEE3, 0xFEE3, 0xFF03,
  0xFEE3, 0xFEE3, 0xFEE3, 0xFEE3, 0xFEE3, 0xFEE3, 0xFEE3, 0xFEE3, 0xFEE3, 0xFEE3, 0xFEE3, 0xFF03,
  0xFEE3, 0xFEE3, 0xFEE3, 0xFEE3, 0xFEE3, 0xFEE3, 0xFEE3, 0xFEE3, 0xFEE3, 0xFEE3, 0xFEE2, 0xFE01,
  0xFE02, 0xFE22, 0xFE22, 0xFE22, 0xFE22, 0xFE22, 0xFE22, 0xFE22, 0xFE22, 0xFE22, 0xFE22, 0xFE02,
  0xFE22, 0xDC80, 0xD460, 0xCC40, 0x0000, 0x0000, 0x0000, 0x0000, 0x0000, 0x0000, 0x0000, 0x0000,
  0x0000, 0x0000, 0x0000, 0x0000, 0x0000, 0x0000, 0x0000, 0x0000, 0x0000, 0x0000, 0x0000, 0x0000,
  0x0000, 0x0000, 0x0000, 0x0000, 0x0000, 0x0000, 0x0000, 0x0000, 0x0000, 0x0000, 0x0000, 0x0000,
  0x0000, 0x0000, 0x0000, 0x0000, 0x0000, 0x0000, 0x0000, 0x0000, 0x0000, 0x0000, 0x0000, 0x0000,
  0x0000, 0x0000, 0x0000, 0x0000, 0x0000, 0x0000, 0x0000, 0x0000, 0x0000, 0x0000, 0x0000, 0x0000,
  0x0000, 0x0000, 0x0000, 0x0000, 0x0000, 0x0000, 0x0000, 0x0000, 0x0000, 0x0000, 0x0000, 0x0000,
  0x0000, 0x0000, 0x0000, 0x0000, 0x0000, 0x0000, 0x0000, 0x0000, 0x0000, 0x0000, 0x0000, 0x0000,
  0x0000, 0x0000, 0x0000, 0x0000, 0x0000, 0x0000, 0x0000, 0x0000, 0x0000, 0x0000, 0x0000, 0x0000,
  0x0000, 0x0000, 0x0000, 0x0000, 0x0000, 0x0000, 0x0000, 0x0000, 0x0000, 0x0000, 0x0000, 0x0000,
  0x0000, 0x0000, 0x0000, 0x0000, 0x0000, 0x0000, 0x0000, 0x0000, 0x0000, 0x0000, 0x0000, 0x0000,
  0x0000, 0x0000, 0x0000, 0x0000, 0x0000, 0x0000, 0x0000, 0x0000, 0x0000, 0x0000, 0x0000, 0x0000,
  0x0000, 0x0000, 0x0000, 0x0000, 0x0000, 0x0000, 0x0000, 0x0000, 0x0000, 0x0000, 0x0000, 0x0000,
  0x0000, 0x0000, 0x0000, 0x0020, 0xF5A0, 0xF5A0, 0xE540, 0xFF02, 0xFF03, 0xFEE3, 0xFEE3, 0xFEE3,
  0xFEE3, 0xFEE3, 0xFEE3, 0xFF03, 0xFF03, 0xFEE3, 0xFEE3, 0xFEE3, 0xFEE3, 0xFEE3, 0xFEE3, 0xFEE2,
  0xFF72, 0xFF73, 0xFF72, 0xFF72, 0xFF72, 0xFF72, 0xFF72, 0xFF72, 0xFF73, 0xFEE3, 0xFEE2, 0xFEE3,
  0xFEE3, 0xFEE3, 0xFEE3, 0xFEE3, 0xFEE3, 0xFEE3, 0xFEE3, 0xFEE3, 0xFEE3, 0xFEE3, 0xFEE3, 0xFEE3,
  0xFEE3, 0xFF03, 0xFEE3, 0xFEE3, 0xFEE3, 0xFEE3, 0xFEE3, 0xFEE3, 0xFEE3, 0xFEE3, 0xFEE3, 0xFEE3,
  0xFEE3, 0xFEE3, 0xFEE3, 0xFEE3, 0xFEE3, 0xFEE3, 0xFEE3, 0xFEE3, 0xFEE3, 0xFEE3, 0xFEE3, 0xFEE3,
  0xFEE3, 0xFEE3, 0xFEE3, 0xFEE3, 0xFEE3, 0xFEE3, 0xFEE3, 0xFEE3, 0xFEE3, 0xFEE3, 0xFEE2, 0xFE02,
  0xFE02, 0xFE02, 0xFE02, 0xFE22, 0xFE22, 0xFE22, 0xFE22, 0xFE22, 0xFE22, 0xFE22, 0xFE22, 0xFE22,
  0xFE22, 0xD440, 0xCC40, 0xCC20, 0x0000, 0x0820, 0x0000, 0x0000, 0x0000, 0x0000, 0x0000, 0x0000,
  0x0000, 0x0000, 0x0000, 0x0000, 0x0000, 0x0000, 0x0000, 0x0000, 0x0000, 0x0000, 0x0000, 0x0000,
  0x0000, 0x0000, 0x0000, 0x0000, 0x0000, 0x0000, 0x0000, 0x0000, 0x0000, 0x0000, 0x0000, 0x0000,
  0x0000, 0x0000, 0x0000, 0x0000, 0x0000, 0x0000, 0x0000, 0x0000, 0x0000, 0x0000, 0x0000, 0x0000,
  0x0000, 0x0000, 0x0000, 0x0000, 0x0000, 0x0000, 0x0000, 0x0000, 0x0000, 0x0000, 0x0000, 0x0000,
  0x0000, 0x0000, 0x0000, 0x0000, 0x0000, 0x0000, 0x0000, 0x0000, 0x0000, 0x0000, 0x0000, 0x0000,
  0x0000, 0x0000, 0x0000, 0x0000, 0x0000, 0x0000, 0x0000, 0x0000, 0x0000, 0x0000, 0x0000, 0x0000,
  0x0000, 0x0000, 0x0000, 0x0000, 0x0000, 0x0000, 0x0000, 0x0000, 0x0000, 0x0000, 0x0000, 0x0000,
  0x0000, 0x0000, 0x0000, 0x0000, 0x0000, 0x0000, 0x0000, 0x0000, 0x0000, 0x0000, 0x0000, 0x0000,
  0x0000, 0x0000, 0x0000, 0x0000, 0x0000, 0x0000, 0x0000, 0x0000, 0x0000, 0x0000, 0x0000, 0x0000,
  0x0000, 0x0000, 0x0000, 0x0000, 0x0000, 0x0000, 0x0000, 0x0000, 0x0000, 0x0000, 0x0000, 0x0000,
  0x0000, 0x0000, 0x0000, 0x0000, 0x0000, 0x0000, 0x0000, 0x0000, 0x0000, 0x0000, 0x0000, 0x0000,
  0x0000, 0x0000, 0x0000, 0x0000, 0x0820, 0x0000, 0x0000, 0xF5A0, 0xF5C0, 0xF5A1, 0xFEA2, 0xFEE3,
  0xFEE3, 0xFEE3, 0xFEE3, 0xFEE3, 0xFF03, 0xFEE3, 0xFEE3, 0xFEE3, 0xFEE3, 0xFEE3, 0xFEE3, 0xFEE3,
  0xFEE3, 0xFF04, 0xFF93, 0xFF72, 0xFF72, 0xFF72, 0xFF72, 0xFF72, 0xFF73, 0xFF71, 0xFF70, 0xFF70,
  0xFEE3, 0xFEE3, 0xFEE3, 0xFEE3, 0xFEE3, 0xFEE3, 0xFEE3, 0xFEE3, 0xFEE3, 0xFEE3, 0xFEE3, 0xFEE3,
  0xFEE3, 0xFEE3, 0xFEE3, 0xFEE3, 0xFEE3, 0xFEE3, 0xFEE3, 0xFEE3, 0xFEE3, 0xFEE3, 0xFEE3, 0xFEE3,
  0xFEE3, 0xFEE3, 0xFEE3, 0xFEE3, 0xFEE3, 0xFEE3, 0xFEE3, 0xFEE3, 0xFEE3, 0xFEE3, 0xFEE3, 0xFEE3,
  0xFEE3, 0xFEE3, 0xFEE3, 0xFEE3, 0xFEE3, 0xFEE3, 0xFEE3, 0xFEE3, 0xFEE3, 0xFEE3, 0xFEE2, 0xFE02,
  0xFE02, 0xFE02, 0xFE02, 0xFE22, 0xFE22, 0xFE22, 0xFE22, 0xFE22, 0xFE22, 0xFE22, 0xFE22, 0xFE22,
  0xFE22, 0xF5A1, 0xF5A1, 0xF5C1, 0xE4A1, 0xF520, 0xECE0, 0x5160, 0x0000, 0x0000, 0x0000, 0x0000,
  0x0000, 0x0000, 0x0000, 0x0000, 0x0000, 0x0000, 0x0000, 0x0000, 0x0000, 0x0000, 0x0000, 0x0000,
  0x0000, 0x0000, 0x0000, 0x0000, 0x0000, 0x0000, 0x0000, 0x0000, 0x0000, 0x0000, 0x0000, 0x0000,
  0x0000, 0x0000, 0x0000, 0x0000, 0x0000, 0x0000, 0x0000, 0x0000, 0x0000, 0x0000, 0x0000, 0x0000,
  0x0000, 0x0000, 0x0000, 0x0000, 0x0000, 0x0000, 0x0000, 0x0000, 0x0000, 0x0000, 0x0000, 0x0000,
  0x0000, 0x0000, 0x0000, 0x0000, 0x0000, 0x0000, 0x0000, 0x0000, 0x0000, 0x0000, 0x0000, 0x0000,
  0x0000, 0x0000, 0x0000, 0x0000, 0x0000, 0x0000, 0x0000, 0x0000, 0x0000, 0x0000, 0x0000, 0x0000,
  0x0000, 0x0000, 0x0000, 0x0000, 0x0000, 0x0000, 0x0000, 0x0000, 0x0000, 0x0000, 0x0000, 0x0000,
  0x0000, 0x0000, 0x0000, 0x0000, 0x0000, 0x0000, 0x0000, 0x0000, 0x0000, 0x0000, 0x0000, 0x0000,
  0x0000, 0x0000, 0x0000, 0x0000, 0x0000, 0x0000, 0x0000, 0x0000, 0x0000, 0x0000, 0x0000, 0x0000,
  0x0000, 0x0000, 0x0000, 0x0000, 0x0000, 0x0000, 0x0000, 0x0000, 0x0000, 0x0000, 0x0000, 0x0000,
  0x0000, 0x0000, 0x0000, 0x0000, 0x0000, 0x0000, 0x0000, 0x0000, 0x0000, 0x0000, 0x0000, 0x0000,
  0x0000, 0x0000, 0x0000, 0x0000, 0x0000, 0x0000, 0x0820, 0xF5A0, 0xF5C0, 0xF5A0, 0xFEA2, 0xFEE3,
  0xFEE3, 0xFF03, 0xFEE3, 0xFEE3, 0xFEE3, 0xFEE3, 0xFEE3, 0xFEE3, 0xFEE3, 0xFEE3, 0xFEE3, 0xFEE3,
  0xFEE3, 0xFEE4, 0xFF93, 0xFF72, 0xFF72, 0xFF72, 0xFF72, 0xFF72, 0xFF72, 0xFF72, 0xFF72, 0xFF50,
  0xFEE2, 0xFEE3, 0xFEE3, 0xFEE3, 0xFEE3, 0xFEE3, 0xFEE3, 0xFEE3, 0xFEE3, 0xFEE3, 0xFEE3, 0xFEE3,
  0xFEE3, 0xFEE3, 0xFEE3, 0xFEE3, 0xFEE3, 0xFEE3, 0xFEE3, 0xFEE3, 0xFEE3, 0xFEE3, 0xFEE3, 0xFEE3,
  0xFEE3, 0xFEE3, 0xFEE3, 0xFEE3, 0xFEE3, 0xFEE3, 0xFEE3, 0xFEE3, 0xFEE3, 0xFEE3, 0xFEE3, 0xFEE3,
  0xFEE3, 0xFEE3, 0xFEE3, 0xFEE3, 0xFEE3, 0xFEE3, 0xFEE3, 0xFEE3, 0xFEE3, 0xFEE3, 0xFEE2, 0xFE01,
  0xFE02, 0xFE22, 0xFE22, 0xFE22, 0xFE22, 0xFE22, 0xFE22, 0xFE22, 0xFE22, 0xFE22, 0xFE22, 0xFE22,
  0xFE22, 0xFE02, 0xFE02, 0xFE01, 0xD440, 0xDC80, 0xE4A0, 0x4920, 0x0000, 0x0000, 0x0000, 0x0000,
  0x0000, 0x0000, 0x0000, 0x0000, 0x0000, 0x0000, 0x0000, 0x0000, 0x0000, 0x0000, 0x0000, 0x0000,
  0x0000, 0x0000, 0x0000, 0x0000, 0x0000, 0x0000, 0x0000, 0x0000, 0x0000, 0x0000, 0x0000, 0x0000,
  0x0000, 0x0000, 0x0000, 0x0000, 0x0000, 0x0000, 0x0000, 0x0000, 0x0000, 0x0000, 0x0000, 0x0000,
  0x0000, 0x0000, 0x0000, 0x0000, 0x0000, 0x0000, 0x0000, 0x0000, 0x0000, 0x0000, 0x0000, 0x0000,
  0x0000, 0x0000, 0x0000, 0x0000, 0x0000, 0x0000, 0x0000, 0x0000, 0x0000, 0x0000, 0x0000, 0x0000,
  0x0000, 0x0000, 0x0000, 0x0000, 0x0000, 0x0000, 0x0000, 0x0000, 0x0000, 0x0000, 0x0000, 0x0000,
  0x0000, 0x0000, 0x0000, 0x0000, 0x0000, 0x0000, 0x0000, 0x0000, 0x0000, 0x0000, 0x0000, 0x0000,
  0x0000, 0x0000, 0x0000, 0x0000, 0x0000, 0x0000, 0x0000, 0x0000, 0x0000, 0x0000, 0x0000, 0x0000,
  0x0000, 0x0000, 0x0000, 0x0000, 0x0000, 0x0000, 0x0000, 0x0000, 0x0000, 0x0000, 0x0000, 0x0000,
  0x0000, 0x0000, 0x0000, 0x0000, 0x0000, 0x0000, 0x0000, 0x0000, 0x0000, 0x0000, 0x0000, 0x0000,
  0x0000, 0x0000, 0x0000, 0x0000, 0x0000, 0x0000, 0x0000, 0x0000, 0x0000, 0x0000, 0x0000, 0x0000,
  0x0000, 0x0000, 0x0000, 0x0000, 0x0000, 0x0000, 0x0820, 0xEDA0, 0xED80, 0xED80, 0xFEC2, 0xFEE3,
  0xFEE3, 0xFEE3, 0xFF03, 0xFEE3, 0xFEE3, 0xFEE3, 0xFEE3, 0xFEE3, 0xFEE3, 0xFEE3, 0xFEE3, 0xFEE3,
  0xFEE3, 0xFEE3, 0xFF92, 0xFF71, 0xFF72, 0xFF73, 0xFF72, 0xFF72, 0xFF72, 0xFF72, 0xFF72, 0xFF71,
  0xFEE2, 0xFEE3, 0xFEE3, 0xFEE3, 0xFEE3, 0xFEE3, 0xFEE3, 0xFEE3, 0xFEE3, 0xFEE3, 0xFEE3, 0xFEE3,
  0xFEE3, 0xFEE3, 0xFEE3, 0xFEE3, 0xFEE3, 0xFF03, 0xFEE3, 0xFEE3, 0xFEE3, 0xFEE3, 0xFEE3, 0xFEE3,
  0xFEE3, 0xFEE3, 0xFEE3, 0xFEE3, 0xFEE3, 0xFEE3, 0xFEE3, 0xFEE3, 0xFEE3, 0xFEE3, 0xFEE3, 0xFEE3,
  0xFEE3, 0xFEE3, 0xFEE3, 0xFEE3, 0xFEE3, 0xFEE3, 0xFEE3, 0xFEE3, 0xFEE3, 0xFEE3, 0xFEE2, 0xFDE1,
  0xFE02, 0xFE22, 0xFE02, 0xFE02, 0xFE02, 0xFE22, 0xFE22, 0xFE22, 0xFE22, 0xFE22, 0xFE22, 0xFE22,
  0xFE22, 0xFE22, 0xFE22, 0xFE22, 0xDC60, 0xDC80, 0xE4A0, 0x5980, 0x0000, 0x0000, 0x0000, 0x0000,
  0x0000, 0x0000, 0x0000, 0x0000, 0x0000, 0x0000, 0x0000, 0x0000, 0x0000, 0x0000, 0x0000, 0x0000,
  0x0000, 0x0000, 0x0000, 0x0000, 0x0000, 0x0000, 0x0000, 0x0000, 0x0000, 0x0000, 0x0000, 0x0000,
  0x0000, 0x0000, 0x0000, 0x0000, 0x0000, 0x0000, 0x0000, 0x0000, 0x0000, 0x0000, 0x0000, 0x0000,
  0x0000, 0x0000, 0x0000, 0x0000, 0x0000, 0x0000, 0x0000, 0x0000, 0x0000, 0x0000, 0x0000, 0x0000,
  0x0000, 0x0000, 0x0000, 0x0000, 0x0000, 0x0000, 0x0000, 0x0000, 0x0000, 0x0000, 0x0000, 0x0000,
  0x0000, 0x0000, 0x0000, 0x0000, 0x0000, 0x0000, 0x0000, 0x0000, 0x0000, 0x0000, 0x0000, 0x0000,
  0x0000, 0x0000, 0x0000, 0x0000, 0x0000, 0x0000, 0x0000, 0x0000, 0x0000, 0x0000, 0x0000, 0x0000,
  0x0000, 0x0000, 0x0000, 0x0000, 0x0000, 0x0000, 0x0000, 0x0000, 0x0000, 0x0000, 0x0000, 0x0000,
  0x0000, 0x0000, 0x0000, 0x0000, 0x0000, 0x0000, 0x0000, 0x0000, 0x0000, 0x0000, 0x0000, 0x0000,
  0x0000, 0x0000, 0x0000, 0x0000, 0x0000, 0x0000, 0x0000, 0x0000, 0x0000, 0x0000, 0x0000, 0x0000,
  0x0000, 0x0000, 0x0000, 0x0000, 0x0000, 0x0000, 0x0000, 0x0000, 0x0000, 0x0000, 0x0000, 0x0000,
  0x0000, 0x0000, 0x0000, 0x0000, 0x0000, 0x0000, 0x0820, 0xED80, 0xED80, 0xED80, 0xFEC3, 0xFF03,
  0xFF03, 0xFEE3, 0xFF03, 0xFEE3, 0xFEE3, 0xFEE3, 0xFEE3, 0xFEE3, 0xFEE3, 0xFEE3, 0xFEE3, 0xFEE3,
  0xFEE3, 0xFEE3, 0xFF71, 0xFF90, 0xFF72, 0xFF72, 0xFF72, 0xFF72, 0xFF72, 0xFF72, 0xFF72, 0xFF71,
  0xFEE2, 0xFEE3, 0xFEE3, 0xFEE3, 0xFEE3, 0xFEE3, 0xFEE3, 0xFEE3, 0xFEE3, 0xFEE3, 0xFEE3, 0xFF03,
  0xFF03, 0xFEE3, 0xFEE3, 0xFEE3, 0xFEE3, 0xFEE3, 0xFEE3, 0xFEE3, 0xFEE3, 0xFEE3, 0xFEE3, 0xFEE3,
  0xFEE3, 0xFEE3, 0xFEE3, 0xFEE3, 0xFEE3, 0xFEE3, 0xFEE3, 0xFEE3, 0xFEE3, 0xFEE3, 0xFEE3, 0xFEE3,
  0xFEE3, 0xFEE3, 0xFEE3, 0xFEE3, 0xFEE3, 0xFEE3, 0xFEE3, 0xFEE3, 0xFEE3, 0xFEE3, 0xFEE3, 0xF601,
  0xFE02, 0xFE02, 0xFE02, 0xFE02, 0xFE02, 0xFE02, 0xFE22, 0xFE22, 0xFE22, 0xFE22, 0xFE22, 0xFE22,
  0xFE22, 0xFE22, 0xFE22, 0xFE22, 0xDCA0, 0xDC80, 0xDC80, 0x9AE0, 0x7240, 0x6A20, 0x6A40, 0x0000,
  0x0000, 0x0000, 0x0000, 0x0000, 0x0000, 0x0000, 0x0000, 0x0000, 0x0000, 0x0000, 0x0000, 0x0000,
  0x0000, 0x0000, 0x0000, 0x0000, 0x0000, 0x0000, 0x0000, 0x0000, 0x0000, 0x0000, 0x0000, 0x0000,
  0x0000, 0x0000, 0x0000, 0x0000, 0x0000, 0x0000, 0x0000, 0x0000, 0x0000, 0x0000, 0x0000, 0x0000,
  0x0000, 0x0000, 0x0000, 0x0000, 0x0000, 0x0000, 0x0000, 0x0000, 0x0000, 0x0000, 0x0000, 0x0000,
  0x0000, 0x0000, 0x0000, 0x0000, 0x0000, 0x0000, 0x0000, 0x0000, 0x0000, 0x0000, 0x0000, 0x0000,
  0x0000, 0x0000, 0x0000, 0x0000, 0x0000, 0x0000, 0x0000, 0x0000, 0x0000, 0x0000, 0x0000, 0x0000,
  0x0000, 0x0000, 0x0000, 0x0000, 0x0000, 0x0000, 0x0000, 0x0000, 0x0000, 0x0000, 0x0000, 0x0000,
  0x0000, 0x0000, 0x0000, 0x0000, 0x0000, 0x0000, 0x0000, 0x0000, 0x0000, 0x0000, 0x0000, 0x0000,
  0x0000, 0x0000, 0x0000, 0x0000, 0x0000, 0x0000, 0x0000, 0x0000, 0x0000, 0x0000, 0x0000, 0x0000,
  0x0000, 0x0000, 0x0000, 0x0000, 0x0000, 0x0000, 0x0000, 0x0000, 0x0000, 0x0000, 0x0000, 0x0000,
  0x0000, 0x0000, 0x0000, 0x0000, 0x0000, 0x0000, 0x0000, 0x0000, 0x0000, 0x0000, 0x0000, 0x0000,
  0x0000, 0x0000, 0x0000, 0x0000, 0x0000, 0x0000, 0x0820, 0xED80, 0xED80, 0xF5A0, 0xFEA3, 0xFF03,
  0xFF03, 0xFEE3, 0xFF03, 0xFEE3, 0xFEE3, 0xFEE3, 0xFEE3, 0xFEE3, 0xFEE3, 0xFEE3, 0xFEE3, 0xFEE3,
  0xFEE3, 0xFEE3, 0xFEE3, 0xFEE3, 0xFEE3, 0xFF4A, 0xFF72, 0xFF72, 0xFF72, 0xFF72, 0xFF72, 0xFF72,
  0xFF06, 0xFEC2, 0xFEE2, 0xFEE3, 0xFEE3, 0xFEE3, 0xFEE3, 0xFEE3, 0xFEE3, 0xFEE3, 0xFEE3, 0xFEE3,
  0xFEE3, 0xFEE3, 0xFEE3, 0xFEE3, 0xFEE3, 0xFEE3, 0xFF03, 0xFF03, 0xFEE3, 0xFEE3, 0xFEE3, 0xFEE3,
  0xFEE3, 0xFF03, 0xFF03, 0xFEE3, 0xFEE3, 0xFEE3, 0xFEE3, 0xFEE3, 0xFEE3, 0xFEE3, 0xFEE3, 0xFEE3,
  0xFEE3, 0xFEE3, 0xFEE3, 0xFEE3, 0xFEE3, 0xFEE3, 0xFEE3, 0xFEE3, 0xFEE3, 0xFEE3, 0xFEE3, 0xFEE3,
  0xFEE3, 0xFEC2, 0xFE22, 0xFE02, 0xFE02, 0xFE02, 0xFE22, 0xFE22, 0xFE22, 0xFE22, 0xFE22, 0xFE22,
  0xFE22, 0xFE22, 0xFE22, 0xFE22, 0xFE42, 0xFE22, 0xFE02, 0xCC20, 0xDC80, 0xD460, 0xDCA0, 0x0000,
  0x0000, 0x0000, 0x0000, 0x0000, 0x0000, 0x0000, 0x0000, 0x0000, 0x0000, 0x0000, 0x0000, 0x0000,
  0x0000, 0x0000, 0x0000, 0x0000, 0x0000, 0x0000, 0x0000, 0x0000, 0x0000, 0x0000, 0x0000, 0x0000,
  0x0000, 0x0000, 0x0000, 0x0000, 0x0000, 0x0000, 0x0000, 0x0000, 0x0000, 0x0000, 0x0000, 0x0000,
  0x0000, 0x0000, 0x0000, 0x0000, 0x0000, 0x0000, 0x0000, 0x0000, 0x0000, 0x0000, 0x0000, 0x0000,
  0x0000, 0x0000, 0x0000, 0x0000, 0x0000, 0x0000, 0x0000, 0x0000, 0x0000, 0x0000, 0x0000, 0x0000,
  0x0000, 0x0000, 0x0000, 0x0000, 0x0000, 0x0000, 0x0000, 0x0000, 0x0000, 0x0000, 0x0000, 0x0000,
  0x0000, 0x0000, 0x0000, 0x0000, 0x0000, 0x0000, 0x0000, 0x0000, 0x0000, 0x0000, 0x0000, 0x0000,
  0x0000, 0x0000, 0x0000, 0x0000, 0x0000, 0x0000, 0x0000, 0x0000, 0x0000, 0x0000, 0x0000, 0x0000,
  0x0000, 0x0000, 0x0000, 0x0000, 0x0000, 0x0000, 0x0000, 0x0000, 0x0000, 0x0000, 0x0000, 0x0000,
  0x0000, 0x0000, 0x0000, 0x0000, 0x0000, 0x0000, 0x0000, 0x0000, 0x0000, 0x0000, 0x0000, 0x0000,
  0x0000, 0x0000, 0x0000, 0x0000, 0x0000, 0x0000, 0x0000, 0x0000, 0x0000, 0x0000, 0x0000, 0x0000,
  0x0000, 0x0000, 0x0000, 0x0000, 0x0000, 0x0000, 0x0820, 0xED60, 0xF5A0, 0xEDA0, 0xFE82, 0xFEE3,
  0xFF03, 0xFEE3, 0xFEE3, 0xFEE3, 0xFEE3, 0xFEE3, 0xFF03, 0xFEE3, 0xFEE3, 0xFEE3, 0xFEE3, 0xFEE3,
  0xFEE3, 0xFEE3, 0xFEE3, 0xFEE3, 0xFEE3, 0xFF29, 0xFF71, 0xFF73, 0xFF72, 0xFF72, 0xFF72, 0xFF73,
  0xFF27, 0xFEE3, 0xFEE2, 0xFEE3, 0xFEE3, 0xFEE3, 0xFEE3, 0xFEE3, 0xFEE3, 0xFEE3, 0xFEE3, 0xFEE3,
  0xFEE3, 0xFEE3, 0xFF03, 0xFEE3, 0xFEE3, 0xFEE3, 0xFEE3, 0xFEE3, 0xFEE3, 0xFEE3, 0xFEE3, 0xFEE3,
  0xFF03, 0xFEE3, 0xFF03, 0xFF03, 0xFEE3, 0xFEE3, 0xFEE3, 0xFEE3, 0xFEE3, 0xFEE3, 0xFEE3, 0xFEE3,
  0xFEE3, 0xFEE3, 0xFEE3, 0xFEE3, 0xFEE3, 0xFEE3, 0xFEE3, 0xFEE3, 0xFEE3, 0xFEE3, 0xFEE3, 0xFEE3,
  0xFEE3, 0xFEC2, 0xFE22, 0xFE02, 0xFE02, 0xFE02, 0xFE22, 0xFE22, 0xFE22, 0xFE22, 0xFE22, 0xFE22,
  0xFE22, 0xFE22, 0xFE22, 0xFE22, 0xFE22, 0xFE22, 0xFE02, 0xD420, 0xDC60, 0xD460, 0xE4E0, 0x0000,
  0x0000, 0x0000, 0x0000, 0x0000, 0x0000, 0x0000, 0x0000, 0x0000, 0x0000, 0x0000, 0x0000, 0x0000,
  0x0000, 0x0000, 0x0000, 0x0000, 0x0000, 0x0000, 0x0000, 0x0000, 0x0000, 0x0000, 0x0000, 0x0000,
  0x0000, 0x0000, 0x0000, 0x0000, 0x0000, 0x0000, 0x0000, 0x0000, 0x0000, 0x0000, 0x0000, 0x0000,
  0x0000, 0x0000, 0x0000, 0x0000, 0x0000, 0x0000, 0x0000, 0x0000, 0x0000, 0x0000, 0x0000, 0x0000,
  0x0000, 0x0000, 0x0000, 0x0000, 0x0000, 0x0000, 0x0000, 0x0000, 0x0000, 0x0000, 0x0000, 0x0000,
  0x0000, 0x0000, 0x0000, 0x0000, 0x0000, 0x0000, 0x0000, 0x0000, 0x0000, 0x0000, 0x0000, 0x0000,
  0x0000, 0x0000, 0x0000, 0x0000, 0x0000, 0x0000, 0x0000, 0x0000, 0x0000, 0x0000, 0x0000, 0x0000,
  0x0000, 0x0000, 0x0000, 0x0000, 0x0000, 0x0000, 0x0000, 0x0000, 0x0000, 0x0000, 0x0000, 0x0000,
  0x0000, 0x0000, 0x0000, 0x0000, 0x0000, 0x0000, 0x0000, 0x0000, 0x0000, 0x0000, 0x0000, 0x0000,
  0x0000, 0x0000, 0x0000, 0x0000, 0x0000, 0x0000, 0x0000, 0x0000, 0x0000, 0x0000, 0x0000, 0x0000,
  0x0000, 0x0000, 0x0000, 0x0000, 0x0000, 0x0000, 0x0000, 0x0000, 0x0000, 0x0000, 0x0000, 0x0000,
  0x0000, 0x0000, 0x0000, 0x0000, 0x0000, 0x0000, 0x0820, 0xED60, 0xF5A0, 0xED80, 0xFE82, 0xFEE3,
  0xFF03, 0xFF03, 0xFEE3, 0xFEE3, 0xFF03, 0xFF03, 0xFEE3, 0xFEE3, 0xFEE3, 0xFEE3, 0xFEE3, 0xFEE3,
  0xFEE3, 0xFEE3, 0xFEE3, 0xFEE3, 0xFEE3, 0xFF28, 0xFF51, 0xFF72, 0xFF52, 0xFF72, 0xFF72, 0xFF73,
  0xFF28, 0xFEE3, 0xFEE3, 0xFEE3, 0xFEE3, 0xFEE3, 0xFEE3, 0xFEE3, 0xFEE3, 0xFEE3, 0xFEE3, 0xFEE3,
  0xFEE3, 0xFEE3, 0xFEE3, 0xFEE3, 0xFEE3, 0xFEE3, 0xFEE3, 0xFEE3, 0xFEE3, 0xFEE3, 0xFEE3, 0xFEE3,
  0xFEE3, 0xFEE3, 0xFEE3, 0xFEE3, 0xFEE3, 0xFEE3, 0xFEE3, 0xFEE3, 0xFEE3, 0xFEE3, 0xFEE3, 0xFEE3,
  0xFEE3, 0xFEE3, 0xFEE3, 0xFEE3, 0xFEE3, 0xFEE3, 0xFEE3, 0xFEE3, 0xFEE3, 0xFEE3, 0xFEE3, 0xFEE3,
  0xFEE3, 0xFEE3, 0xFE22, 0xFE02, 0xFE02, 0xFE22, 0xFE22, 0xFE22, 0xFE02, 0xFE22, 0xFE22, 0xFE22,
  0xFE22, 0xFE22, 0xFE22, 0xFE22, 0xFE22, 0xFE22, 0xFE22, 0xDC40, 0xDC60, 0xDC80, 0xED00, 0x0000,
  0x0000, 0x0000, 0x0000, 0x0000, 0x0000, 0x0000, 0x0000, 0x0000, 0x0000, 0x0000, 0x0000, 0x0000,
  0x0000, 0x0000, 0x0000, 0x0000, 0x0000, 0x0000, 0x0000, 0x0000, 0x0000, 0x0000, 0x0000, 0x0000,
  0x0000, 0x0000, 0x0000, 0x0000, 0x0000, 0x0000, 0x0000, 0x0000, 0x0000, 0x0000, 0x0000, 0x0000,
  0x0000, 0x0000, 0x0000, 0x0000, 0x0000, 0x0000, 0x0000, 0x0000, 0x0000, 0x0000, 0x0000, 0x0000,
  0x0000, 0x0000, 0x0000, 0x0000, 0x0000, 0x0000, 0x0000, 0x0000, 0x0000, 0x0000, 0x0000, 0x0000,
  0x0000, 0x0000, 0x0000, 0x0000, 0x0000, 0x0000, 0x0000, 0x0000, 0x0000, 0x0000, 0x0000, 0x0000,
  0x0000, 0x0000, 0x0000, 0x0000, 0x0000, 0x0000, 0x0000, 0x0000, 0x0000, 0x0000, 0x0000, 0x0000,
  0x0000, 0x0000, 0x0000, 0x0000, 0x0000, 0x0000, 0x0000, 0x0000, 0x0000, 0x0000, 0x0000, 0x0000,
  0x0000, 0x0000, 0x0000, 0x0000, 0x0000, 0x0000, 0x0000, 0x0000, 0x0000, 0x0000, 0x0000, 0x0000,
  0x0000, 0x0000, 0x0000, 0x0000, 0x0000, 0x0000, 0x0000, 0x0000, 0x0000, 0x0000, 0x0000, 0x0000,
  0x0000, 0x0000, 0x0000, 0x0000, 0x0000, 0x0000, 0x0000, 0x0000, 0x0000, 0x0000, 0x0000, 0x0000,
  0x0000, 0x0000, 0x0000, 0x0000, 0x0000, 0x0000, 0x0020, 0xFE60, 0xFE60, 0xFE20, 0xE540, 0xED60,
  0xED80, 0xF662, 0xFF03, 0xFEE3, 0xFEE3, 0xFEE3, 0xFEE3, 0xFEE3, 0xFEE3, 0xFEE3, 0xFEE3, 0xFEE3,
  0xFEE3, 0xFEE3, 0xFEE3, 0xFEE3, 0xFEE3, 0xFEE3, 0xFEE3, 0xFEE3, 0xFF06, 0xFF72, 0xFF72, 0xFF72,
  0xFF72, 0xFF72, 0xFF71, 0xFF51, 0xFEE2, 0xFEE3, 0xFEE3, 0xFEE3, 0xFEE3, 0xFEE3, 0xFEE3, 0xFEE3,
  0xFEE3, 0xFEE3, 0xFEE3, 0xFEE3, 0xFEE3, 0xFEE3, 0xFEE3, 0xFEE3, 0xFEE3, 0xFEE3, 0xFEE3, 0xFF03,
  0xFEE3, 0xFEE3, 0xFEE3, 0xFEE3, 0xFEE3, 0xFEE3, 0xFEE3, 0xFEE3, 0xFEE3, 0xFEE3, 0xFEE3, 0xFEE3,
  0xFEE3, 0xFEE3, 0xFEE3, 0xFEE3, 0xFEE3, 0xFEE3, 0xFEE3, 0xFEE3, 0xFEE3, 0xFEE3, 0xFEE3, 0xFEE3,
  0xFEE3, 0xFEE3, 0xFEE3, 0xFEE3, 0xFEE3, 0xFE42, 0xFE22, 0xFE02, 0xFE02, 0xFE02, 0xFE22, 0xFE22,
  0xFE22, 0xFE22, 0xFE22, 0xFE22, 0xFE22, 0xFE22, 0xFE22, 0xDC60, 0xD460, 0xD460, 0xFD40, 0x0000,
  0x0000, 0x0000, 0x0000, 0x0000, 0x0000, 0x0000, 0x0000, 0x0000, 0x0000, 0x0000, 0x0000, 0x0000,
  0x0000, 0x0000, 0x0000, 0x0000, 0x0000, 0x0000, 0x0000, 0x0000, 0x0000, 0x0000, 0x0000, 0x0000,
  0x0000, 0x0000, 0x0000, 0x0000, 0x0000, 0x0000, 0x0000, 0x0000, 0x0000, 0x0000, 0x0000, 0x0000,
  0x0000, 0x0000, 0x0000, 0x0000, 0x0000, 0x0000, 0x0000, 0x0000, 0x0000, 0x0000, 0x0000, 0x0000,
  0x0000, 0x0000, 0x0000, 0x0000, 0x0000, 0x0000, 0x0000, 0x0000, 0x0000, 0x0000, 0x0000, 0x0000,
  0x0000, 0x0000, 0x0000, 0x0000, 0x0000, 0x0000, 0x0000, 0x0000, 0x0000, 0x0000, 0x0000, 0x0000,
  0x0000, 0x0000, 0x0000, 0x0000, 0x0000, 0x0000, 0x0000, 0x0000, 0x0000, 0x0000, 0x0000, 0x0000,
  0x0000, 0x0000, 0x0000, 0x0000, 0x0000, 0x0000, 0x0000, 0x0000, 0x0000, 0x0000, 0x0000, 0x0000,
  0x0000, 0x0000, 0x0000, 0x0000, 0x0000, 0x0000, 0x0000, 0x0000, 0x0000, 0x0000, 0x0000, 0x0000,
  0x0000, 0x0000, 0x0000, 0x0000, 0x0000, 0x0000, 0x0000, 0x0000, 0x0000, 0x0000, 0x0000, 0x0000,
  0x0000, 0x0000, 0x0000, 0x0000, 0x0000, 0x0000, 0x0000, 0x0000, 0x0000, 0x0000, 0x0000, 0x0000,
  0x0000, 0x0000, 0x0000, 0x0000, 0x0000, 0x0000, 0x0000, 0x0020, 0x0020, 0x0820, 0xED60, 0xED60,
  0xED40, 0xF621, 0xFF03, 0xFF03, 0xFEE3, 0xFEE3, 0xFEE3, 0xFEE3, 0xFEE3, 0xFEE3, 0xFEE3, 0xFEE3,
  0xFEE3, 0xFEE3, 0xFEE3, 0xFEE3, 0xFEE3, 0xFEE3, 0xFEE3, 0xFEE3, 0xFF05, 0xFF72, 0xFF72, 0xFF72,
  0xFF72, 0xFF72, 0xFF72, 0xFF71, 0xFEC2, 0xFEE3, 0xFEE3, 0xFEE3, 0xFEE3, 0xFEE3, 0xFEE3, 0xFEE3,
  0xFEE3, 0xFEE3, 0xFEE3, 0xFEE3, 0xFEE3, 0xFEE3, 0xFEE3, 0xFEE3, 0xFEE3, 0xFEE3, 0xFEE3, 0xFEE3,
  0xFF03, 0xFEE3, 0xFEE3, 0xFEE3, 0xFEE3, 0xFEE3, 0xFEE3, 0xFEE3, 0xFEE3, 0xFEE3, 0xFEE3, 0xFEE3,
  0xFEE3, 0xFEE3, 0xFEE3, 0xFEE3, 0xFEE3, 0xFEE3, 0xFEE3, 0xFEE3, 0xFEE3, 0xFEE3, 0xFEE3, 0xFEE3,
  0xFEE3, 0xFEE3, 0xFEE3, 0xFEE3, 0xFEE3, 0xFE62, 0xFE02, 0xFE02, 0xFE02, 0xFE02, 0xFE22, 0xFE22,
  0xFE22, 0xFE22, 0xFE22, 0xFE22, 0xFE22, 0xFE22, 0xFE22, 0xDC60, 0xD460, 0xDC60, 0xFD60, 0x0000,
  0x0000, 0x0000, 0x0000, 0x0000, 0x0000, 0x0000, 0x0000, 0x0000, 0x0000, 0x0000, 0x0000, 0x0000,
  0x0000, 0x0000, 0x0000, 0x0000, 0x0000, 0x0000, 0x0000, 0x0000, 0x0000, 0x0000, 0x0000, 0x0000,
  0x0000, 0x0000, 0x0000, 0x0000, 0x0000, 0x0000, 0x0000, 0x0000, 0x0000, 0x0000, 0x0000, 0x0000,
  0x0000, 0x0000, 0x0000, 0x0000, 0x0000, 0x0000, 0x0000, 0x0000, 0x0000, 0x0000, 0x0000, 0x0000,
  0x0000, 0x0000, 0x0000, 0x0000, 0x0000, 0x0000, 0x0000, 0x0000, 0x0000, 0x0000, 0x0000, 0x0000,
  0x0000, 0x0000, 0x0000, 0x0000, 0x0000, 0x0000, 0x0000, 0x0000, 0x0000, 0x0000, 0x0000, 0x0000,
  0x0000, 0x0000, 0x0000, 0x0000, 0x0000, 0x0000, 0x0000, 0x0000, 0x0000, 0x0000, 0x0000, 0x0000,
  0x0000, 0x0000, 0x0000, 0x0000, 0x0000, 0x0000, 0x0000, 0x0000, 0x0000, 0x0000, 0x0000, 0x0000,
  0x0000, 0x0000, 0x0000, 0x0000, 0x0000, 0x0000, 0x0000, 0x0000, 0x0000, 0x0000, 0x0000, 0x0000,
  0x0000, 0x0000, 0x0000, 0x0000, 0x0000, 0x0000, 0x0000, 0x0000, 0x0000, 0x0000, 0x0000, 0x0000,
  0x0000, 0x0000, 0x0000, 0x0000, 0x0000, 0x0000, 0x0000, 0x0000, 0x0000, 0x0000, 0x0000, 0x0000,
  0x0000, 0x0000, 0x0000, 0x0000, 0x0000, 0x0000, 0x0000, 0x0000, 0x0000, 0x0020, 0xF580, 0xED60,
  0xED40, 0xF621, 0xFF03, 0xFF03, 0xFEE3, 0xFEE3, 0xFEE3, 0xFEE3, 0xFEE3, 0xFF03, 0xFEE3, 0xFEE3,
  0xFEE3, 0xFEE3, 0xFEE3, 0xFEE3, 0xFEE3, 0xFEE3, 0xFEE3, 0xFEE3, 0xFF04, 0xFF72, 0xFF72, 0xFF72,
  0xFF72, 0xFF73, 0xFF72, 0xFF72, 0xFEE2, 0xFEE2, 0xFEE3, 0xFEE3, 0xFEE3, 0xFEE3, 0xFEE3, 0xFEE3,
  0xFEE3, 0xFEE3, 0xFEE3, 0xFEE3, 0xFEE3, 0xFEE3, 0xFEE3, 0xFEE3, 0xFEE3, 0xFEE3, 0xFF03, 0xFEE3,
  0xFEE3, 0xFEE3, 0xFEE3, 0xFEE3, 0xFEE3, 0xFEE3, 0xFEE3, 0xFEE3, 0xFEE3, 0xFEE3, 0xFEE3, 0xFEE3,
  0xFEE3, 0xFF03, 0xFEE3, 0xFEE3, 0xFEE3, 0xFF03, 0xFEE3, 0xFEE3, 0xFEE3, 0xFEE3, 0xFEE3, 0xFEE3,
  0xFEE3, 0xFEE3, 0xFEE3, 0xFEE3, 0xFEE3, 0xFE62, 0xFE22, 0xFE02, 0xFE22, 0xFE02, 0xFE22, 0xFE22,
  0xFE22, 0xFE22, 0xFE22, 0xFE22, 0xFE22, 0xFE22, 0xFE22, 0xDC40, 0xDC60, 0xDC80, 0xFD60, 0x0840,
  0x0020, 0x0020, 0x0000, 0x0000, 0x0000, 0x0000, 0x0000, 0x0000, 0x0000, 0x0000, 0x0000, 0x0000,
  0x0000, 0x0000, 0x0000, 0x0000, 0x0000, 0x0000, 0x0000, 0x0000, 0x0000, 0x0000, 0x0000, 0x0000,
  0x0000, 0x0000, 0x0000, 0x0000, 0x0000, 0x0000, 0x0000, 0x0000, 0x0000, 0x0000, 0x0000, 0x0000,
  0x0000, 0x0000, 0x0000, 0x0000, 0x0000, 0x0000, 0x0000, 0x0000, 0x0000, 0x0000, 0x0000, 0x0000,
  0x0000, 0x0000, 0x0000, 0x0000, 0x0000, 0x0000, 0x0000, 0x0000, 0x0000, 0x0000, 0x0000, 0x0000,
  0x0000, 0x0000, 0x0000, 0x0000, 0x0000, 0x0000, 0x0000, 0x0000, 0x0000, 0x0000, 0x0000, 0x0000,
  0x0000, 0x0000, 0x0000, 0x0000, 0x0000, 0x0000, 0x0000, 0x0000, 0x0000, 0x0000, 0x0000, 0x0000,
  0x0000, 0x0000, 0x0000, 0x0000, 0x0000, 0x0000, 0x0000, 0x0000, 0x0000, 0x0000, 0x0000, 0x0000,
  0x0000, 0x0000, 0x0000, 0x0000, 0x0000, 0x0000, 0x0000, 0x0000, 0x0000, 0x0000, 0x0000, 0x0000,
  0x0000, 0x0000, 0x0000, 0x0000, 0x0000, 0x0000, 0x0000, 0x0000, 0x0000, 0x0000, 0x0000, 0x0000,
  0x0000, 0x0000, 0x0000, 0x0000, 0x0000, 0x0000, 0x0000, 0x0000, 0x0000, 0x0000, 0x0000, 0x0000,
  0x0000, 0x0000, 0x0000, 0x0000, 0x0000, 0x0000, 0x0000, 0x0000, 0x0000, 0x0841, 0xE520, 0xED40,
  0xED60, 0xFE42, 0xFF03, 0xFEE3, 0xFEE3, 0xFF03, 0xFEE3, 0xFEE3, 0xFEE3, 0xFEE3, 0xFEE3, 0xFEE3,
  0xFF03, 0xFEE3, 0xFEE3, 0xFEE3, 0xFEE3, 0xFEE3, 0xFEE3, 0xFEE3, 0xFEE4, 0xFF72, 0xFF72, 0xFF73,
  0xFF72, 0xFF72, 0xFF72, 0xFF73, 0xFEE3, 0xFEE2, 0xFEE3, 0xFEE3, 0xFEE3, 0xFEE3, 0xFEE3, 0xFEE3,
  0xFEE3, 0xFEE3, 0xFEE3, 0xFEE3, 0xFEE3, 0xFEE3, 0xFEE3, 0xFEE3, 0xFEE3, 0xFEE3, 0xFEE3, 0xFEE3,
  0xFEE3, 0xFEE3, 0xFEE3, 0xFEE3, 0xFEE3, 0xFEE3, 0xFEE3, 0xFEE3, 0xFEE3, 0xFEE3, 0xFEE3, 0xFEE3,
  0xFEE3, 0xFEE3, 0xFEE3, 0xFEE3, 0xFEE3, 0xFEE3, 0xFEE3, 0xFEE3, 0xFEE3, 0xFEE3, 0xFEE3, 0xFEE3,
  0xFEE3, 0xFEE3, 0xFEE3, 0xFEE3, 0xFEE3, 0xFEE3, 0xFEE3, 0xFEE2, 0xFE22, 0xFE22, 0xFE02, 0xFE22,
  0xFE22, 0xFE22, 0xFE22, 0xFE22, 0xFE22, 0xFE22, 0xFE02, 0xFE02, 0xFE22, 0xFE02, 0xF5E1, 0xCC00,
  0xCC20, 0xD460, 0x0000, 0x0000, 0x0000, 0x0000, 0x0000, 0x0000, 0x0000, 0x0000, 0x0000, 0x0000,
  0x0000, 0x0000, 0x0000, 0x0000, 0x0000, 0x0000, 0x0000, 0x0000, 0x0000, 0x0000, 0x0000, 0x0000,
  0x0000, 0x0000, 0x0000, 0x0000, 0x0000, 0x0000, 0x0000, 0x0000, 0x0000, 0x0000, 0x0000, 0x0000,
  0x0000, 0x0000, 0x0000, 0x0000, 0x0000, 0x0000, 0x0000, 0x0000, 0x0000, 0x0000, 0x0000, 0x0000,
  0x0000, 0x0000, 0x0000, 0x0000, 0x0000, 0x0000, 0x0000, 0x0000, 0x0000, 0x0000, 0x0000, 0x0000,
  0x0000, 0x0000, 0x0000, 0x0000, 0x0000, 0x0000, 0x0000, 0x0000, 0x0000, 0x0000, 0x0000, 0x0000,
  0x0000, 0x0000, 0x0000, 0x0000, 0x0000, 0x0000, 0x0000, 0x0000, 0x0000, 0x0000, 0x0000, 0x0000,
  0x0000, 0x0000, 0x0000, 0x0000, 0x0000, 0x0000, 0x0000, 0x0000, 0x0000, 0x0000, 0x0000, 0x0000,
  0x0000, 0x0000, 0x0000, 0x0000, 0x0000, 0x0000, 0x0000, 0x0000, 0x0000, 0x0000, 0x0000, 0x0000,
  0x0000, 0x0000, 0x0000, 0x0000, 0x0000, 0x0000, 0x0000, 0x0000, 0x0000, 0x0000, 0x0000, 0x0000,
  0x0000, 0x0000, 0x0000, 0x0000, 0x0000, 0x0000, 0x0000, 0x0000, 0x0000, 0x0000, 0x0000, 0x0000,
  0x0000, 0x0000, 0x0000, 0x0000, 0x0000, 0x0000, 0x0000, 0x0000, 0x0000, 0x0020, 0xE500, 0xED60,
  0xED80, 0xFE61, 0xFEE3, 0xFEE3, 0xFEE3, 0xFEE3, 0xFEE3, 0xFEE3, 0xFF03, 0xFEE3, 0xFEE3, 0xFEE3,
  0xFEE3, 0xFEE3, 0xFEE3, 0xFEE3, 0xFEE3, 0xFEE3, 0xFEE3, 0xFEE3, 0xFEE3, 0xFF72, 0xFF72, 0xFF73,
  0xFF72, 0xFF72, 0xFF72, 0xFF73, 0xFEE3, 0xFEE2, 0xFEE3, 0xFEE3, 0xFEE3, 0xFEE3, 0xFEE3, 0xFEE3,
  0xFEE3, 0xFEE3, 0xFEE3, 0xFEE3, 0xFEE3, 0xFEE3, 0xFEE3, 0xFEE3, 0xFEE3, 0xFEE3, 0xFEE3, 0xFEE3,
  0xFEE3, 0xFEE3, 0xFEE3, 0xFEE3, 0xFEE3, 0xFEE3, 0xFEE3, 0xFEE3, 0xFEE3, 0xFEE3, 0xFEE3, 0xFEE3,
  0xFEE3, 0xFEE3, 0xFEE3, 0xFEE3, 0xFEE3, 0xFEE3, 0xFEE3, 0xFEE3, 0xFEE3, 0xFEE3, 0xFEE3, 0xFEE3,
  0xFEE3, 0xFEE3, 0xFEE3, 0xFEE3, 0xFEE3, 0xFEE3, 0xFEE3, 0xFEE3, 0xFE22, 0xFE02, 0xFE02, 0xFE22,
  0xFE22, 0xFE22, 0xFE22, 0xFE22, 0xFE22, 0xFE22, 0xFE22, 0xFE02, 0xFE22, 0xFE02, 0xF5E1, 0xD420,
  0xDC60, 0xE480, 0x0020, 0x0000, 0x0000, 0x0000, 0x0000, 0x0000, 0x0000, 0x0000, 0x0000, 0x0000,
  0x0000, 0x0000, 0x0000, 0x0000, 0x0000, 0x0000, 0x0000, 0x0000, 0x0000, 0x0000, 0x0000, 0x0000,
  0x0000, 0x0000, 0x0000, 0x0000, 0x0000, 0x0000, 0x0000, 0x0000, 0x0000, 0x0000, 0x0000, 0x0000,
  0x0000, 0x0000, 0x0000, 0x0000, 0x0000, 0x0000, 0x0000, 0x0000, 0x0000, 0x0000, 0x0000, 0x0000,
  0x0000, 0x0000, 0x0000, 0x0000, 0x0000, 0x0000, 0x0000, 0x0000, 0x0000, 0x0000, 0x0000, 0x0000,
  0x0000, 0x0000, 0x0000, 0x0000, 0x0000, 0x0000, 0x0000, 0x0000, 0x0000, 0x0000, 0x0000, 0x0000,
  0x0000, 0x0000, 0x0000, 0x0000, 0x0000, 0x0000, 0x0000, 0x0000, 0x0000, 0x0000, 0x0000, 0x0000,
  0x0000, 0x0000, 0x0000, 0x0000, 0x0000, 0x0000, 0x0000, 0x0000, 0x0000, 0x0000, 0x0000, 0x0000,
  0x0000, 0x0000, 0x0000, 0x0000, 0x0000, 0x0000, 0x0000, 0x0000, 0x0000, 0x0000, 0x0000, 0x0000,
  0x0000, 0x0000, 0x0000, 0x0000, 0x0000, 0x0000, 0x0000, 0x0000, 0x0000, 0x0000, 0x0000, 0x0000,
  0x0000, 0x0000, 0x0000, 0x0000, 0x0000, 0x0000, 0x0000, 0x0000, 0x0000, 0x0000, 0x0000, 0x0000,
  0x0000, 0x0000, 0x0000, 0x0000, 0x0000, 0x0000, 0x0000, 0x0000, 0x0000, 0x0000, 0xE520, 0xED80,
  0xED80, 0xF641, 0xFEE2, 0xFEE3, 0xFEE3, 0xFEE3, 0xFEE3, 0xFEE3, 0xFEE3, 0xFF03, 0xFEE3, 0xFEE3,
  0xFEE3, 0xFEE3, 0xFEE3, 0xFEE3, 0xFEE3, 0xFEE3, 0xFEE3, 0xFEE3, 0xFEE3, 0xFF51, 0xFF72, 0xFF73,
  0xFF72, 0xFF72, 0xFF72, 0xFF72, 0xFEE3, 0xFEE2, 0xFEE2, 0xFEE3, 0xFEE3, 0xFEE3, 0xFEE3, 0xFEE3,
  0xFEE3, 0xFEE3, 0xFEE3, 0xFEE3, 0xFEE3, 0xFEE3, 0xFEE3, 0xFEE3, 0xFEE3, 0xFEE3, 0xFEE3, 0xFEE3,
  0xFEE3, 0xFEE3, 0xFEE3, 0xFEE3, 0xFEE3, 0xFEE3, 0xFEE3, 0xFEE3, 0xFEE3, 0xFEE3, 0xFEE3, 0xFEE3,
  0xFEE3, 0xFEE3, 0xFEE3, 0xFEE3, 0xFEE3, 0xFEE3, 0xFEE3, 0xFEE3, 0xFEE3, 0xFEE3, 0xFEE3, 0xFEE3,
  0xFEE3, 0xFEE3, 0xFEE3, 0xFEE3, 0xFEE3, 0xFEE3, 0xFEE3, 0xFEE3, 0xFE22, 0xFE02, 0xFE02, 0xFE02,
  0xFE22, 0xFE22, 0xFE22, 0xFE22, 0xFE22, 0xFE22, 0xFE22, 0xFE22, 0xFE22, 0xFE22, 0xFDE1, 0xDC60,
  0xDC80, 0xDC80, 0x0020, 0x0000, 0x0000, 0x0000, 0x0000, 0x0000, 0x0000, 0x0000, 0x0000, 0x0000,
  0x0000, 0x0000, 0x0000, 0x0000, 0x0000, 0x0000, 0x0000, 0x0000, 0x0000, 0x0000, 0x0000, 0x0000,
  0x0000, 0x0000, 0x0000, 0x0000, 0x0000, 0x0000, 0x0000, 0x0000, 0x0000, 0x0000, 0x0000, 0x0000,
  0x0000, 0x0000, 0x0000, 0x0000, 0x0000, 0x0000, 0x0000, 0x0000, 0x0000, 0x0000, 0x0000, 0x0000,
  0x0000, 0x0000, 0x0000, 0x0000, 0x0000, 0x0000, 0x0000, 0x0000, 0x0000, 0x0000, 0x0000, 0x0000,
  0x0000, 0x0000, 0x0000, 0x0000, 0x0000, 0x0000, 0x0000, 0x0000, 0x0000, 0x0000, 0x0000, 0x0000,
  0x0000, 0x0000, 0x0000, 0x0000, 0x0000, 0x0000, 0x0000, 0x0000, 0x0000, 0x0000, 0x0000, 0x0000,
  0x0000, 0x0000, 0x0000, 0x0000, 0x0000, 0x0000, 0x0000, 0x0000, 0x0000, 0x0000, 0x0000, 0x0000,
  0x0000, 0x0000, 0x0000, 0x0000, 0x0000, 0x0000, 0x0000, 0x0000, 0x0000, 0x0000, 0x0000, 0x0000,
  0x0000, 0x0000, 0x0000, 0x0000, 0x0000, 0x0000, 0x0000, 0x0000, 0x0000, 0x0000, 0x0000, 0x0000,
  0x0000, 0x0000, 0x0000, 0x0000, 0x0000, 0x0000, 0x0000, 0x0000, 0x0000, 0x0000, 0x0000, 0x0000,
  0x0000, 0x0000, 0x0000, 0x0000, 0x0000, 0x0000, 0x0000, 0x0000, 0x0000, 0x0000, 0xE540, 0xED80,
  0xED40, 0xED80, 0xFEC2, 0xFEC2, 0xFEC2, 0xFEE3, 0xFEE3, 0xFF03, 0xFF03, 0xFEE3, 0xFEE3, 0xFEE3,
  0xFEE3, 0xFEE3, 0xFEE3, 0xFEE3, 0xFEE3, 0xFEE3, 0xFEE3, 0xFEE3, 0xFEE3, 0xFEE1, 0xFEE2, 0xFEE3,
  0xFF26, 0xFF72, 0xFF72, 0xFF72, 0xFF73, 0xFF73, 0xFF72, 0xFEE3, 0xFEE3, 0xFEE3, 0xFEE3, 0xFEE3,
  0xFEE3, 0xFEE3, 0xFEE3, 0xFEE3, 0xFEE3, 0xFEE3, 0xFEE3, 0xFEE3, 0xFEE3, 0xFEE3, 0xFEE3, 0xFEE3,
  0xFEE3, 0xFF03, 0xFEE3, 0xFEE3, 0xFEE3, 0xFEE3, 0xFEE3, 0xFEE3, 0xFEE3, 0xFEE3, 0xFEE3, 0xFEE3,
  0xFEE3, 0xFEE3, 0xFEE3, 0xFEE3, 0xFEE3, 0xFEE3, 0xFEE3, 0xFEE3, 0xFEE3, 0xFEE3, 0xFEE3, 0xFEE3,
  0xFEE3, 0xFEE3, 0xFEE3, 0xFEE3, 0xFEE3, 0xFEE3, 0xFEE3, 0xFEE3, 0xFF03, 0xFF03, 0xFE22, 0xFE22,
  0xFE22, 0xFE22, 0xFE22, 0xFE22, 0xFE22, 0xFE22, 0xFE22, 0xFE22, 0xFE22, 0xFE02, 0xFE22, 0xFE43,
  0xFE23, 0xFE42, 0xDC80, 0xDC60, 0xD440, 0x0000, 0x0000, 0x0000, 0x0000, 0x0000, 0x0000, 0x0000,
  0x0000, 0x0000, 0x0000, 0x0000, 0x0000, 0x0000, 0x0000, 0x0000, 0x0000, 0x0000, 0x0000, 0x0000,
  0x0000, 0x0000, 0x0000, 0x0000, 0x0000, 0x0000, 0x0000, 0x0000, 0x0000, 0x0000, 0x0000, 0x0000,
  0x0000, 0x0000, 0x0000, 0x0000, 0x0000, 0x0000, 0x0000, 0x0000, 0x0000, 0x0000, 0x0000, 0x0000,
  0x0000, 0x0000, 0x0000, 0x0000, 0x0000, 0x0000, 0x0000, 0x0000, 0x0000, 0x0000, 0x0000, 0x0000,
  0x0000, 0x0000, 0x0000, 0x0000, 0x0000, 0x0000, 0x0000, 0x0000, 0x0000, 0x0000, 0x0000, 0x0000,
  0x0000, 0x0000, 0x0000, 0x0000, 0x0000, 0x0000, 0x0000, 0x0000, 0x0000, 0x0000, 0x0000, 0x0000,
  0x0000, 0x0000, 0x0000, 0x0000, 0x0000, 0x0000, 0x0000, 0x0000, 0x0000, 0x0000, 0x0000, 0x0000,
  0x0000, 0x0000, 0x0000, 0x0000, 0x0000, 0x0000, 0x0000, 0x0000, 0x0000, 0x0000, 0x0000, 0x0000,
  0x0000, 0x0000, 0x0000, 0x0000, 0x0000, 0x0000, 0x0000, 0x0000, 0x0000, 0x0000, 0x0000, 0x0000,
  0x0000, 0x0000, 0x0000, 0x0000, 0x0000, 0x0000, 0x0000, 0x0000, 0x0000, 0x0000, 0x0000, 0x0000,
  0x0000, 0x0000, 0x0000, 0x0000, 0x0000, 0x0000, 0x0000, 0x0000, 0x0000, 0x0000, 0x0840, 0x0840,
  0x0840, 0xED60, 0xED40, 0xED40, 0xED60, 0xFEE3, 0xFF03, 0xFF03, 0xFEE3, 0xFEE3, 0xFF03, 0xFF03,
  0xFEE3, 0xFEE3, 0xFEE3, 0xFEE3, 0xFEE3, 0xFEE3, 0xFEE3, 0xFEE3, 0xFEE3, 0xFEE3, 0xFEE3, 0xFEE4,
  0xFF27, 0xFF72, 0xFF72, 0xFF72, 0xFF72, 0xFF72, 0xFF71, 0xFEE2, 0xFEE3, 0xFEE3, 0xFEE3, 0xFEE3,
  0xFEE3, 0xFEE3, 0xFEE3, 0xFEE3, 0xFEE3, 0xFEE3, 0xFEE3, 0xFEE3, 0xFEE3, 0xFEE3, 0xFEE3, 0xFEE3,
  0xFEE3, 0xFEE3, 0xFEE3, 0xFEE3, 0xFEE3, 0xFEE3, 0xFEE3, 0xFEE3, 0xFEE3, 0xFEE3, 0xFEE3, 0xFEE3,
  0xFEE3, 0xFEE3, 0xFEE3, 0xFEE3, 0xFEE3, 0xFEE3, 0xFEE3, 0xFEE3, 0xFEE3, 0xFEE3, 0xFEE3, 0xFEE3,
  0xFEE3, 0xFEE3, 0xFEE3, 0xFEE3, 0xFEE3, 0xFEE3, 0xFEE3, 0xFEE3, 0xFEE3, 0xFF03, 0xFE22, 0xFE22,
  0xFE02, 0xFE22, 0xFE22, 0xFE22, 0xFE22, 0xFE22, 0xFE22, 0xFE22, 0xFE02, 0xFE22, 0xFE22, 0xFE22,
  0xFE02, 0xFE21, 0xCC20, 0xD440, 0xD440, 0x0000, 0x0000, 0x0000, 0x0000, 0x0000, 0x0000, 0x0000,
  0x0000, 0x0000, 0x0000, 0x0000, 0x0000, 0x0000, 0x0000, 0x0000, 0x0000, 0x0000, 0x0000, 0x0000,
  0x0000, 0x0000, 0x0000, 0x0000, 0x0000, 0x0000, 0x0000, 0x0000, 0x0000, 0x0000, 0x0000, 0x0000,
  0x0000, 0x0000, 0x0000, 0x0000, 0x0000, 0x0000, 0x0000, 0x0000, 0x0000, 0x0000, 0x0000, 0x0000,
  0x0000, 0x0000, 0x0000, 0x0000, 0x0000, 0x0000, 0x0000, 0x0000, 0x0000, 0x0000, 0x0000, 0x0000,
  0x0000, 0x0000, 0x0000, 0x0000, 0x0000, 0x0000, 0x0000, 0x0000, 0x0000, 0x0000, 0x0000, 0x0000,
  0x0000, 0x0000, 0x0000, 0x0000, 0x0000, 0x0000, 0x0000, 0x0000, 0x0000, 0x0000, 0x0000, 0x0000,
  0x0000, 0x0000, 0x0000, 0x0000, 0x0000, 0x0000, 0x0000, 0x0000, 0x0000, 0x0000, 0x0000, 0x0000,
  0x0000, 0x0000, 0x0000, 0x0000, 0x0000, 0x0000, 0x0000, 0x0000, 0x0000, 0x0000, 0x0000, 0x0000,
  0x0000, 0x0000, 0x0000, 0x0000, 0x0000, 0x0000, 0x0000, 0x0000, 0x0000, 0x0000, 0x0000, 0x0000,
  0x0000, 0x0000, 0x0000, 0x0000, 0x0000, 0x0000, 0x0000, 0x0000, 0x0000, 0x0000, 0x0000, 0x0000,
  0x0000, 0x0000, 0x0000, 0x0000, 0x0000, 0x0000, 0x0000, 0x0000, 0x0000, 0x0000, 0x0000, 0x0000,
  0x0000, 0xF580, 0xED60, 0xED60, 0xF580, 0xFEE3, 0xFF03, 0xFEE3, 0xFEE3, 0xFEE3, 0xFF03, 0xFEE3,
  0xFF03, 0xFEE3, 0xFEE3, 0xFEE3, 0xFEE3, 0xFEE3, 0xFEE3, 0xFEE3, 0xFEE3, 0xFEE3, 0xFEE3, 0xFEE3,
  0xFF05, 0xFF72, 0xFF72, 0xFF72, 0xFF72, 0xFF72, 0xFF72, 0xFEE4, 0xFEE3, 0xFEE3, 0xFEE3, 0xFEE3,
  0xFEE3, 0xFEE3, 0xFEE3, 0xFEE3, 0xFEE3, 0xFEE3, 0xFEE3, 0xFEE3, 0xFEE3, 0xFEE3, 0xFEE3, 0xFEE3,
  0xFEE3, 0xFEE3, 0xFEE3, 0xFEE3, 0xFEE3, 0xFEE3, 0xFEE3, 0xFEE3, 0xFEE3, 0xFEE3, 0xFEE3, 0xFEE3,
  0xFEE3, 0xFEE3, 0xFEE3, 0xFEE3, 0xFEE3, 0xFEE3, 0xFEE3, 0xFEE3, 0xFEE3, 0xFEE3, 0xFEE3, 0xFEE3,
  0xFEE3, 0xFEE3, 0xFEE3, 0xFEE3, 0xFEE3, 0xFEE3, 0xFEE3, 0xFEE3, 0xFEE3, 0xFF03, 0xFE22, 0xFE02,
  0xFE22, 0xFE22, 0xFE02, 0xFE22, 0xFE22, 0xFE22, 0xFE22, 0xFE22, 0xFE22, 0xFE22, 0xFE22, 0xFE22,
  0xFE02, 0xFE21, 0xD440, 0xDC60, 0xDC80, 0x0000, 0x0000, 0x0000, 0x0000, 0x0000, 0x0000, 0x0000,
  0x0000, 0x0000, 0x0000, 0x0000, 0x0000, 0x0000, 0x0000, 0x0000, 0x0000, 0x0000, 0x0000, 0x0000,
  0x0000, 0x0000, 0x0000, 0x0000, 0x0000, 0x0000, 0x0000, 0x0000, 0x0000, 0x0000, 0x0000, 0x0000,
  0x0000, 0x0000, 0x0000, 0x0000, 0x0000, 0x0000, 0x0000, 0x0000, 0x0000, 0x0000, 0x0000, 0x0000,
  0x0000, 0x0000, 0x0000, 0x0000, 0x0000, 0x0000, 0x0000, 0x0000, 0x0000, 0x0000, 0x0000, 0x0000,
  0x0000, 0x0000, 0x0000, 0x0000, 0x0000, 0x0000, 0x0000, 0x0000, 0x0000, 0x0000, 0x0000, 0x0000,
  0x0000, 0x0000, 0x0000, 0x0000, 0x0000, 0x0000, 0x0000, 0x0000, 0x0000, 0x0000, 0x0000, 0x0000,
  0x0000, 0x0000, 0x0000, 0x0000, 0x0000, 0x0000, 0x0000, 0x0000, 0x0000, 0x0000, 0x0000, 0x0000,
  0x0000, 0x0000, 0x0000, 0x0000, 0x0000, 0x0000, 0x0000, 0x0000, 0x0000, 0x0000, 0x0000, 0x0000,
  0x0000, 0x0000, 0x0000, 0x0000, 0x0000, 0x0000, 0x0000, 0x0000, 0x0000, 0x0000, 0x0000, 0x0000,
  0x0000, 0x0000, 0x0000, 0x0000, 0x0000, 0x0000, 0x0000, 0x0000, 0x0000, 0x0000, 0x0000, 0x0000,
  0x0000, 0x0000, 0x0000, 0x0000, 0x0000, 0x0000, 0x0000, 0x0000, 0x0000, 0x0000, 0x0000, 0x0000,
  0x0000, 0xF5A0, 0xED60, 0xED60, 0xF5A0, 0xFEE3, 0xFEE3, 0xFEE3, 0xFEE3, 0xFEE3, 0xFEE3, 0xFEE3,
  0xFEE3, 0xFEE3, 0xFEE3, 0xFEE3, 0xFF03, 0xFEE3, 0xFEE3, 0xFEE3, 0xFEE3, 0xFEE3, 0xFEE3, 0xFEE3,
  0xFEE2, 0xFF72, 0xFF72, 0xFF72, 0xFF72, 0xFF72, 0xFF72, 0xFF29, 0xFF28, 0xFF07, 0xFEE1, 0xFEE3,
  0xFEE3, 0xFEE3, 0xFEE3, 0xFEE3, 0xFEE3, 0xFEE3, 0xFEE3, 0xFEE3, 0xFEE3, 0xFEE3, 0xFEE3, 0xFEE3,
  0xFEE3, 0xFEE3, 0xFEE3, 0xFEE3, 0xFEE3, 0xFEE3, 0xFEE3, 0xFEE3, 0xFEE3, 0xFEE3, 0xFEE3, 0xFEE3,
  0xFEE3, 0xFEE3, 0xFEE3, 0xFEE3, 0xFEE3, 0xFEE3, 0xFEE3, 0xFEE3, 0xFEE3, 0xFF03, 0xFEE3, 0xFEE3,
  0xFEE3, 0xFEE3, 0xFEE3, 0xFEE3, 0xFEE3, 0xFEE3, 0xFEE3, 0xFEE3, 0xFEE3, 0xFEE3, 0xFEC2, 0xFEC3,
  0xFEC2, 0xFE22, 0xFE22, 0xFE22, 0xFE22, 0xFE22, 0xFE22, 0xFE22, 0xFE22, 0xFE22, 0xFE22, 0xFE22,
  0xFE22, 0xFE22, 0xF5C1, 0xF5C1, 0xF5E1, 0xE4C0, 0xDC80, 0xDCA0, 0x2060, 0x0000, 0x0000, 0x0000,
  0x0000, 0x0000, 0x0000, 0x0000, 0x0000, 0x0000, 0x0000, 0x0000, 0x0000, 0x0000, 0x0000, 0x0000,
  0x0000, 0x0000, 0x0000, 0x0000, 0x0000, 0x0000, 0x0000, 0x0000, 0x0000, 0x0000, 0x0000, 0x0000,
  0x0000, 0x0000, 0x0000, 0x0000, 0x0000, 0x0000, 0x0000, 0x0000, 0x0000, 0x0000, 0x0000, 0x0000,
  0x0000, 0x0000, 0x0000, 0x0000, 0x0000, 0x0000, 0x0000, 0x0000, 0x0000, 0x0000, 0x0000, 0x0000,
  0x0000, 0x0000, 0x0000, 0x0000, 0x0000, 0x0000, 0x0000, 0x0000, 0x0000, 0x0000, 0x0000, 0x0000,
  0x0000, 0x0000, 0x0000, 0x0000, 0x0000, 0x0000, 0x0000, 0x0000, 0x0000, 0x0000, 0x0000, 0x0000,
  0x0000, 0x0000, 0x0000, 0x0000, 0x0000, 0x0000, 0x0000, 0x0000, 0x0000, 0x0000, 0x0000, 0x0000,
  0x0000, 0x0000, 0x0000, 0x0000, 0x0000, 0x0000, 0x0000, 0x0000, 0x0000, 0x0000, 0x0000, 0x0000,
  0x0000, 0x0000, 0x0000, 0x0000, 0x0000, 0x0000, 0x0000, 0x0000, 0x0000, 0x0000, 0x0000, 0x0000,
  0x0000, 0x0000, 0x0000, 0x0000, 0x0000, 0x0000, 0x0000, 0x0000, 0x0000, 0x0000, 0x0000, 0x0000,
  0x0000, 0x0000, 0x0000, 0x0000, 0x0000, 0x0000, 0x0000, 0x0000, 0x0000, 0x0000, 0x0000, 0x0000,
  0x0000, 0xF5C0, 0xED80, 0xED60, 0xF5A0, 0xFF03, 0xFEE3, 0xFEE3, 0xFF03, 0xFF03, 0xFEE3, 0xFEE3,
  0xFEE3, 0xFEE3, 0xFEE3, 0xFEE3, 0xFEE3, 0xFEE3, 0xFF03, 0xFEE3, 0xFEE3, 0xFEE3, 0xFEE3, 0xFEE3,
  0xFEE2, 0xFF72, 0xFF72, 0xFF72, 0xFF72, 0xFF72, 0xFF72, 0xFF72, 0xFF73, 0xFF72, 0xFEC1, 0xFEE3,
  0xFEE3, 0xFEE3, 0xFEE3, 0xFEE3, 0xFEE3, 0xFEE3, 0xFEE3, 0xFEE3, 0xFEE3, 0xFEE3, 0xFEE3, 0xFEE3,
  0xFEE3, 0xFEE3, 0xFEE3, 0xFEE3, 0xFEE3, 0xFEE3, 0xFEE3, 0xFEE3, 0xFEE3, 0xFEE3, 0xFEE3, 0xFEE3,
  0xFEE3, 0xFEE3, 0xFEE3, 0xFEE3, 0xFEE3, 0xFEE3, 0xFF03, 0xFEE3, 0xFEE3, 0xFEE3, 0xFEE3, 0xFEE3,
  0xFEE3, 0xFEE3, 0xFEE3, 0xFEE3, 0xFEE3, 0xFEE3, 0xFEE3, 0xFEE3, 0xFEE3, 0xFEE3, 0xFEE3, 0xFEE3,
  0xFEE2, 0xFE22, 0xFE02, 0xFE22, 0xFE22, 0xFE02, 0xFE22, 0xFE22, 0xFE22, 0xFE22, 0xFE22, 0xFE22,
  0xFE22, 0xFE22, 0xFE22, 0xFE22, 0xFE02, 0xDC80, 0xD440, 0xD440, 0x1880, 0x0000, 0x0000, 0x0000,
  0x0000, 0x0000, 0x0000, 0x0000, 0x0000, 0x0000, 0x0000, 0x0000, 0x0000, 0x0000, 0x0000, 0x0000,
  0x0000, 0x0000, 0x0000, 0x0000, 0x0000, 0x0000, 0x0000, 0x0000, 0x0000, 0x0000, 0x0000, 0x0000,
  0x0000, 0x0000, 0x0000, 0x0000, 0x0000, 0x0000, 0x0000, 0x0000, 0x0000, 0x0000, 0x0000, 0x0000,
  0x0000, 0x0000, 0x0000, 0x0000, 0x0000, 0x0000, 0x0000, 0x0000, 0x0000, 0x0000, 0x0000, 0x0000,
  0x0000, 0x0000, 0x0000, 0x0000, 0x0000, 0x0000, 0x0000, 0x0000, 0x0000, 0x0000, 0x0000, 0x0000,
  0x0000, 0x0000, 0x0000, 0x0000, 0x0000, 0x0000, 0x0000, 0x0000, 0x0000, 0x0000, 0x0000, 0x0000,
  0x0000, 0x0000, 0x0000, 0x0000, 0x0000, 0x0000, 0x0000, 0x0000, 0x0000, 0x0000, 0x0000, 0x0000,
  0x0000, 0x0000, 0x0000, 0x0000, 0x0000, 0x0000, 0x0000, 0x0000, 0x0000, 0x0000, 0x0000, 0x0000,
  0x0000, 0x0000, 0x0000, 0x0000, 0x0000, 0x0000, 0x0000, 0x0000, 0x0000, 0x0000, 0x0000, 0x0000,
  0x0000, 0x0000, 0x0000, 0x0000, 0x0000, 0x0000, 0x0000, 0x0000, 0x0000, 0x0000, 0x0000, 0x0000,
  0x0000, 0x0000, 0x0000, 0x0000, 0x0000, 0x0000, 0x0000, 0x0000, 0x0000, 0x0000, 0x0000, 0x0000,
  0x0000, 0xFDC0, 0xED60, 0xED60, 0xED80, 0xFEE3, 0xFEE3, 0xFEE3, 0xFF03, 0xFF03, 0xFEE3, 0xFEE3,
  0xFEE3, 0xFEE3, 0xFF03, 0xFEE3, 0xFEE3, 0xFEE3, 0xFEE3, 0xFEE3, 0xFEE3, 0xFEE3, 0xFEE3, 0xFEE3,
  0xFEE3, 0xFF72, 0xFF72, 0xFF72, 0xFF72, 0xFF72, 0xFF72, 0xFF72, 0xFF72, 0xFF72, 0xFEE1, 0xFEE3,
  0xFEE3, 0xFEE3, 0xFEE3, 0xFEE3, 0xFEE3, 0xFEE3, 0xFEE3, 0xFEE3, 0xFEE3, 0xFEE3, 0xFEE3, 0xFEE3,
  0xFEE3, 0xFEE3, 0xFEE3, 0xFEE3, 0xFEE3, 0xFEE3, 0xFEE3, 0xFEE3, 0xFEE3, 0xFEE3, 0xFEE3, 0xFEE3,
  0xFEE3, 0xFEE3, 0xFEE3, 0xFEE3, 0xFEE3, 0xFEE3, 0xFEE3, 0xFEE3, 0xFEE3, 0xFEE3, 0xFEE3, 0xFEE3,
  0xFEE3, 0xFF03, 0xFEE3, 0xFEE3, 0xFEE3, 0xFEE3, 0xFEE3, 0xFEE3, 0xFEE3, 0xFEE3, 0xFEE3, 0xFEE3,
  0xFEE2, 0xFE02, 0xFE02, 0xFE22, 0xFE22, 0xFE02, 0xFE22, 0xFE22, 0xFE22, 0xFE22, 0xFE22, 0xFE22,
  0xFE22, 0xFE22, 0xFE22, 0xFE22, 0xFE01, 0xDC80, 0xD460, 0xD460, 0x20A0, 0x0000, 0x0000, 0x0000,
  0x0000, 0x0000, 0x0000, 0x0000, 0x0000, 0x0000, 0x0000, 0x0000, 0x0000, 0x0000, 0x0000, 0x0000,
  0x0000, 0x0000, 0x0000, 0x0000, 0x0000, 0x0000, 0x0000, 0x0000, 0x0000, 0x0000, 0x0000, 0x0000,
  0x0000, 0x0000, 0x0000, 0x0000, 0x0000, 0x0000, 0x0000, 0x0000, 0x0000, 0x0000, 0x0000, 0x0000,
  0x0000, 0x0000, 0x0000, 0x0000, 0x0000, 0x0000, 0x0000, 0x0000, 0x0000, 0x0000, 0x0000, 0x0000,
  0x0000, 0x0000, 0x0000, 0x0000, 0x0000, 0x0000, 0x0000, 0x0000, 0x0000, 0x0000, 0x0000, 0x0000,
  0x0000, 0x0000, 0x0000, 0x0000, 0x0000, 0x0000, 0x0000, 0x0000, 0x0000, 0x0000, 0x0000, 0x0000,
  0x0000, 0x0000, 0x0000, 0x0000, 0x0000, 0x0000, 0x0000, 0x0000, 0x0000, 0x0000, 0x0000, 0x0000,
  0x0000, 0x0000, 0x0000, 0x0000, 0x0000, 0x0000, 0x0000, 0x0000, 0x0000, 0x0000, 0x0000, 0x0000,
  0x0000, 0x0000, 0x0000, 0x0000, 0x0000, 0x0000, 0x0000, 0x0000, 0x0000, 0x0000, 0x0000, 0x0000,
  0x0000, 0x0000, 0x0000, 0x0000, 0x0000, 0x0000, 0x0000, 0x0000, 0x0000, 0x0000, 0x0000, 0x0000,
  0x0000, 0x0000, 0x0000, 0x0000, 0x0000, 0x0000, 0x0000, 0x0000, 0x0000, 0x0000, 0x0000, 0x0000,
  0x0000, 0xFE40, 0xFE20, 0xFE00, 0xED40, 0xFE61, 0xFE82, 0xFEA3, 0xFEE3, 0xFF03, 0xFEE3, 0xFEE3,
  0xFEE3, 0xFEE3, 0xFEE3, 0xFEE3, 0xFEE3, 0xFEE3, 0xFEE3, 0xFEE3, 0xFEE3, 0xFEE3, 0xFEE3, 0xFEE3,
  0xFEE3, 0xFF4C, 0xFF4C, 0xFF6D, 0xFF72, 0xFF72, 0xFF72, 0xFF72, 0xFF72, 0xFF72, 0xFEE1, 0xFEE3,
  0xFEE3, 0xFEE3, 0xFEE3, 0xFEE3, 0xFEE3, 0xFEE3, 0xFEE3, 0xFEE3, 0xFEE3, 0xFEE3, 0xFEE3, 0xFEE3,
  0xFEE3, 0xFEE3, 0xFEE3, 0xFEE3, 0xFEE3, 0xFEE3, 0xFEE3, 0xFEE3, 0xFEE3, 0xFEE3, 0xFEE3, 0xFEE3,
  0xFEE3, 0xFEE3, 0xFEE3, 0xFF03, 0xFEE3, 0xFEE3, 0xFEE3, 0xFEE3, 0xFEE3, 0xFF03, 0xFEE3, 0xFEE3,
  0xFEE3, 0xFEE3, 0xFEE3, 0xFEE3, 0xFEE3, 0xFEE3, 0xFEE3, 0xFEE3, 0xFEE3, 0xFEE3, 0xFEE3, 0xFEE3,
  0xFEE2, 0xFE42, 0xFE42, 0xFE42, 0xFE02, 0xFE02, 0xFE22, 0xFE22, 0xFE22, 0xFE22, 0xFE22, 0xFE22,
  0xFE22, 0xFE22, 0xFE22, 0xFE22, 0xFE22, 0xDCC0, 0xDCA0, 0xE4E0, 0xB360, 0xA340, 0xA360, 0x82A0,
  0x0000, 0x0000, 0x0000, 0x0000, 0x0000, 0x0000, 0x0000, 0x0000, 0x0000, 0x0000, 0x0000, 0x0000,
  0x0000, 0x0000, 0x0000, 0x0000, 0x0000, 0x0000, 0x0000, 0x0000, 0x0000, 0x0000, 0x0000, 0x0000,
  0x0000, 0x0000, 0x0000, 0x0000, 0x0000, 0x0000, 0x0000, 0x0000, 0x0000, 0x0000, 0x0000, 0x0000,
  0x0000, 0x0000, 0x0000, 0x0000, 0x0000, 0x0000, 0x0000, 0x0000, 0x0000, 0x0000, 0x0000, 0x0000,
  0x0000, 0x0000, 0x0000, 0x0000, 0x0000, 0x0000, 0x0000, 0x0000, 0x0000, 0x0000, 0x0000, 0x0000,
  0x0000, 0x0000, 0x0000, 0x0000, 0x0000, 0x0000, 0x0000, 0x0000, 0x0000, 0x0000, 0x0000, 0x0000,
  0x0000, 0x0000, 0x0000, 0x0000, 0x0000, 0x0000, 0x0000, 0x0000, 0x0000, 0x0000, 0x0000, 0x0000,
  0x0000, 0x0000, 0x0000, 0x0000, 0x0000, 0x0000, 0x0000, 0x0000, 0x0000, 0x0000, 0x0000, 0x0000,
  0x0000, 0x0000, 0x0000, 0x0000, 0x0000, 0x0000, 0x0000, 0x0000, 0x0000, 0x0000, 0x0000, 0x0000,
  0x0000, 0x0000, 0x0000, 0x0000, 0x0000, 0x0000, 0x0000, 0x0000, 0x0000, 0x0000, 0x0000, 0x0000,
  0x0000, 0x0000, 0x0000, 0x0000, 0x0000, 0x0000, 0x0000, 0x0000, 0x0000, 0x0000, 0x0000, 0x0000,
  0x0000, 0x0000, 0x0020, 0x0000, 0xFDC0, 0xE520, 0xED60, 0xF5A0, 0xFF04, 0xFEE3, 0xFEE3, 0xFEE3,
  0xFF03, 0xFF03, 0xFF03, 0xFEE3, 0xFEE3, 0xFEE3, 0xFEE3, 0xFEE3, 0xFF03, 0xFF03, 0xFEE3, 0xFF03,
  0xFEE3, 0xFEE3, 0xFEE3, 0xFEC2, 0xFF71, 0xFF72, 0xFF72, 0xFF72, 0xFF52, 0xFF72, 0xFEC1, 0xFEC3,
  0xFEE3, 0xFEE3, 0xFEE3, 0xFEE3, 0xFEE3, 0xFEE3, 0xFEE3, 0xFEE3, 0xFEE3, 0xFEE3, 0xFEE3, 0xFEE3,
  0xFEE3, 0xFEE3, 0xFEE3, 0xFEE3, 0xFEE3, 0xFEE3, 0xFEE3, 0xFEE3, 0xFEE3, 0xFEE3, 0xFEE3, 0xFEE3,
  0xFEE3, 0xFEE3, 0xFF03, 0xFF03, 0xFEE3, 0xFEE3, 0xFF03, 0xFF03, 0xFEE3, 0xFEE3, 0xFF03, 0xFEE3,
  0xFF03, 0xFF03, 0xFF03, 0xFEE3, 0xFEE3, 0xFEE3, 0xFEE3, 0xFEE3, 0xFEE3, 0xFEE3, 0xFEE3, 0xFEE3,
  0xFEE3, 0xFEE3, 0xFEE3, 0xFEC3, 0xFE02, 0xFE22, 0xFE22, 0xFE22, 0xFE22, 0xFE02, 0xFE22, 0xFE22,
  0xFE22, 0xFE22, 0xFE22, 0xFE22, 0xFE22, 0xFE22, 0xFE22, 0xFE23, 0xE4A0, 0xDC80, 0xDC80, 0xBBE0,
  0x0000, 0x0000, 0x0000, 0x0000, 0x0000, 0x0000, 0x0000, 0x0000, 0x0000, 0x0000, 0x0000, 0x0000,
  0x0000, 0x0000, 0x0000, 0x0000, 0x0000, 0x0000, 0x0000, 0x0000, 0x0000, 0x0000, 0x0000, 0x0000,
  0x0000, 0x0000, 0x0000, 0x0000, 0x0000, 0x0000, 0x0000, 0x0000, 0x0000, 0x0000, 0x0000, 0x0000,
  0x0000, 0x0000, 0x0000, 0x0000, 0x0000, 0x0000, 0x0000, 0x0000, 0x0000, 0x0000, 0x0000, 0x0000,
  0x0000, 0x0000, 0x0000, 0x0000, 0x0000, 0x0000, 0x0000, 0x0000, 0x0000, 0x0000, 0x0000, 0x0000,
  0x0000, 0x0000, 0x0000, 0x0000, 0x0000, 0x0000, 0x0000, 0x0000, 0x0000, 0x0000, 0x0000, 0x0000,
  0x0000, 0x0000, 0x0000, 0x0000, 0x0000, 0x0000, 0x0000, 0x0000, 0x0000, 0x0000, 0x0000, 0x0000,
  0x0000, 0x0000, 0x0000, 0x0000, 0x0000, 0x0000, 0x0000, 0x0000, 0x0000, 0x0000, 0x0000, 0x0000,
  0x0000, 0x0000, 0x0000, 0x0000, 0x0000, 0x0000, 0x0000, 0x0000, 0x0000, 0x0000, 0x0000, 0x0000,
  0x0000, 0x0000, 0x0000, 0x0000, 0x0000, 0x0000, 0x0000, 0x0000, 0x0000, 0x0000, 0x0000, 0x0000,
  0x0000, 0x0000, 0x0000, 0x0000, 0x0000, 0x0000, 0x0000, 0x0000, 0x0000, 0x0000, 0x0000, 0x0000,
  0x0000, 0x0000, 0x0000, 0x0000, 0xFDE0, 0xED40, 0xED80, 0xF5A0, 0xFF04, 0xFEE3, 0xFEE3, 0xFEE3,
  0xFF03, 0xFEE3, 0xFEE3, 0xFEE3, 0xFEE3, 0xFEE3, 0xFF03, 0xFEE3, 0xFF03, 0xFEE3, 0xFEE3, 0xFEE3,
  0xFEE3, 0xFEE3, 0xFEE3, 0xFEC2, 0xFF51, 0xFF72, 0xFF72, 0xFF72, 0xFF72, 0xFF72, 0xFEC1, 0xFEE3,
  0xFEE3, 0xFEE2, 0xFEE3, 0xFEE3, 0xFEE3, 0xFEE3, 0xFEE3, 0xFEE3, 0xFEE3, 0xFEE3, 0xFEE3, 0xFEE3,
  0xFEE3, 0xFEE3, 0xFEE3, 0xFEE3, 0xFEE3, 0xFEE3, 0xFEE3, 0xFEE3, 0xFEE3, 0xFEE3, 0xFEE3, 0xFF03,
  0xFEE3, 0xFF03, 0xFEE3, 0xFEE3, 0xFEE3, 0xFEE3, 0xFEE3, 0xFEE3, 0xFEE3, 0xFEE3, 0xFEE3, 0xFF03,
  0xFEE3, 0xFEE3, 0xFEE3, 0xFEE3, 0xFEE3, 0xFEE3, 0xFEE3, 0xFEE3, 0xFEE3, 0xFEE3, 0xFF03, 0xFF03,
  0xFEE3, 0xFEE3, 0xFEE3, 0xFEE3, 0xFE02, 0xFE22, 0xFE22, 0xFE22, 0xFE02, 0xFE22, 0xFE22, 0xFE22,
  0xFE22, 0xFE22, 0xFE22, 0xFE22, 0xFE22, 0xFE22, 0xFE22, 0xFE42, 0xE480, 0xDC60, 0xD460, 0xBC00,
  0x0000, 0x0000, 0x0000, 0x0000, 0x0000, 0x0000, 0x0000, 0x0000, 0x0000, 0x0000, 0x0000, 0x0000,
  0x0000, 0x0000, 0x0000, 0x0000, 0x0000, 0x0000, 0x0000, 0x0000, 0x0000, 0x0000, 0x0000, 0x0000,
  0x0000, 0x0000, 0x0000, 0x0000, 0x0000, 0x0000, 0x0000, 0x0000, 0x0000, 0x0000, 0x0000, 0x0000,
  0x0000, 0x0000, 0x0000, 0x0000, 0x0000, 0x0000, 0x0000, 0x0000, 0x0000, 0x0000, 0x0000, 0x0000,
  0x0000, 0x0000, 0x0000, 0x0000, 0x0000, 0x0000, 0x0000, 0x0000, 0x0000, 0x0000, 0x0000, 0x0000,
  0x0000, 0x0000, 0x0000, 0x0000, 0x0000, 0x0000, 0x0000, 0x0000, 0x0000, 0x0000, 0x0000, 0x0000,
  0x0000, 0x0000, 0x0000, 0x0000, 0x0000, 0x0000, 0x0000, 0x0000, 0x0000, 0x0000, 0x0000, 0x0000,
  0x0000, 0x0000, 0x0000, 0x0000, 0x0000, 0x0000, 0x0000, 0x0000, 0x0000, 0x0000, 0x0000, 0x0000,
  0x0000, 0x0000, 0x0000, 0x0000, 0x0000, 0x0000, 0x0000, 0x0000, 0x0000, 0x0000, 0x0000, 0x0000,
  0x0000, 0x0000, 0x0000, 0x0000, 0x0000, 0x0000, 0x0000, 0x0000, 0x0000, 0x0000, 0x0000, 0x0000,
  0x0000, 0x0000, 0x0000, 0x0000, 0x0000, 0x0000, 0x0000, 0x0000, 0x0000, 0x0000, 0x0000, 0x0000,
  0x0000, 0x0000, 0x0000, 0x0000, 0xFE00, 0xED80, 0xED80, 0xED80, 0xFF23, 0xFEE3, 0xFEE3, 0xFEE3,
  0xFF03, 0xFEE3, 0xFEE3, 0xFEE3, 0xFEE3, 0xFEE3, 0xFEE3, 0xFEE3, 0xFEE3, 0xFEE3, 0xFF03, 0xFEE3,
  0xFEE3, 0xFEE3, 0xFEE3, 0xFEE2, 0xFF73, 0xFF94, 0xFF94, 0xFF71, 0xFF72, 0xFF72, 0xFEC1, 0xFEC2,
  0xFEC2, 0xFEC1, 0xFEE2, 0xFEE3, 0xFEE3, 0xFEE3, 0xFEE3, 0xFEE3, 0xFEE3, 0xFEE3, 0xFEE3, 0xFEE3,
  0xFEE3, 0xFEE3, 0xFEE3, 0xFEE3, 0xFEE3, 0xFEE3, 0xFEE3, 0xFEE3, 0xFEE3, 0xFEE3, 0xFF03, 0xFEE3,
  0xFEE3, 0xFF03, 0xFF03, 0xFEE3, 0xFEE3, 0xFEE3, 0xFEE3, 0xFF03, 0xFEE3, 0xFEE3, 0xFEE3, 0xFEE3,
  0xFF03, 0xFEE3, 0xFEE3, 0xFEE3, 0xFEE3, 0xFF03, 0xFEE3, 0xFEE3, 0xFEE3, 0xFEE3, 0xFEE3, 0xFEE3,
  0xFEE3, 0xFEE3, 0xFEE3, 0xFEE3, 0xFE02, 0xFE02, 0xFE02, 0xFE02, 0xFE02, 0xFE02, 0xFE22, 0xFE22,
  0xFE22, 0xFE22, 0xFE22, 0xFE22, 0xFE22, 0xFE22, 0xFE22, 0xFE22, 0xDC60, 0xD440, 0xD460, 0xCC40,
  0x1040, 0x0840, 0x0000, 0x0000, 0x0000, 0x0000, 0x0000, 0x0000, 0x0000, 0x0000, 0x0000, 0x0000,
  0x0000, 0x0000, 0x0000, 0x0000, 0x0000, 0x0000, 0x0000, 0x0000, 0x0000, 0x0000, 0x0000, 0x0000,
  0x0000, 0x0000, 0x0000, 0x0000, 0x0000, 0x0000, 0x0000, 0x0000, 0x0000, 0x0000, 0x0000, 0x0000,
  0x0000, 0x0000, 0x0000, 0x0000, 0x0000, 0x0000, 0x0000, 0x0000, 0x0000, 0x0000, 0x0000, 0x0000,
  0x0000, 0x0000, 0x0000, 0x0000, 0x0000, 0x0000, 0x0000, 0x0000, 0x0000, 0x0000, 0x0000, 0x0000,
  0x0000, 0x0000, 0x0000, 0x0000, 0x0000, 0x0000, 0x0000, 0x0000, 0x0000, 0x0000, 0x0000, 0x0000,
  0x0000, 0x0000, 0x0000, 0x0000, 0x0000, 0x0000, 0x0000, 0x0000, 0x0000, 0x0000, 0x0000, 0x0000,
  0x0000, 0x0000, 0x0000, 0x0000, 0x0000, 0x0000, 0x0000, 0x0000, 0x0000, 0x0000, 0x0000, 0x0000,
  0x0000, 0x0000, 0x0000, 0x0000, 0x0000, 0x0000, 0x0000, 0x0000, 0x0000, 0x0000, 0x0000, 0x0000,
  0x0000, 0x0000, 0x0000, 0x0000, 0x0000, 0x0000, 0x0000, 0x0000, 0x0000, 0x0000, 0x0000, 0x0000,
  0x0000, 0x0000, 0x0000, 0x0000, 0x0000, 0x0000, 0x0000, 0x0000, 0x0000, 0x0000, 0x0000, 0x0000,
  0x0000, 0x0000, 0x0000, 0x0000, 0xFE60, 0xED80, 0xED60, 0xED60, 0xFE02, 0xFE42, 0xFE42, 0xFEE3,
  0xFEE3, 0xFF03, 0xFEE3, 0xFEE3, 0xFEE3, 0xFEE3, 0xFF03, 0xFEE3, 0xFEE3, 0xFF03, 0xFEE3, 0xFEE3,
  0xFEE3, 0xFEE3, 0xFEE3, 0xFEE3, 0xFEE3, 0xFEE4, 0xFEC3, 0xFF50, 0xFF72, 0xFF72, 0xFF72, 0xFF72,
  0xFF72, 0xFF4B, 0xFEE3, 0xFEE3, 0xFEE3, 0xFEE3, 0xFEE3, 0xFEE3, 0xFEE3, 0xFEE3, 0xFEE3, 0xFEE3,
  0xFEE3, 0xFEE3, 0xFEE3, 0xFEE3, 0xFEE3, 0xFEE3, 0xFEE3, 0xFEE3, 0xFEE3, 0xFEE3, 0xFEE3, 0xFEE3,
  0xFEE3, 0xFEE3, 0xFEE3, 0xFEE3, 0xFEE3, 0xFEE3, 0xFEE3, 0xFF03, 0xFEE3, 0xFEE3, 0xFEE3, 0xFF03,
  0xFEE3, 0xFEE3, 0xFF03, 0xFF03, 0xFF03, 0xFEE3, 0xFF03, 0xFEE3, 0xFEE3, 0xFEE3, 0xFF03, 0xFEE3,
  0xFEE3, 0xFEE3, 0xFEE3, 0xFEE3, 0xFEE3, 0xFEE3, 0xFEE3, 0xFE02, 0xFE02, 0xFE22, 0xFE22, 0xFE22,
  0xFE22, 0xFE22, 0xFE22, 0xFE22, 0xFE22, 0xFE22, 0xFE22, 0xFE22, 0xFE22, 0xFE01, 0xFE22, 0xE4E0,
  0xDC80, 0xDC80, 0xED20, 0x0000, 0x0000, 0x0000, 0x0000, 0x0000, 0x0000, 0x0000, 0x0000, 0x0000,
  0x0000, 0x0000, 0x0000, 0x0000, 0x0000, 0x0000, 0x0000, 0x0000, 0x0000, 0x0000, 0x0000, 0x0000,
  0x0000, 0x0000, 0x0000, 0x0000, 0x0000, 0x0000, 0x0000, 0x0000, 0x0000, 0x0000, 0x0000, 0x0000,
  0x0000, 0x0000, 0x0000, 0x0000, 0x0000, 0x0000, 0x0000, 0x0000, 0x0000, 0x0000, 0x0000, 0x0000,
  0x0000, 0x0000, 0x0000, 0x0000, 0x0000, 0x0000, 0x0000, 0x0000, 0x0000, 0x0000, 0x0000, 0x0000,
  0x0000, 0x0000, 0x0000, 0x0000, 0x0000, 0x0000, 0x0000, 0x0000, 0x0000, 0x0000, 0x0000, 0x0000,
  0x0000, 0x0000, 0x0000, 0x0000, 0x0000, 0x0000, 0x0000, 0x0000, 0x0000, 0x0000, 0x0000, 0x0000,
  0x0000, 0x0000, 0x0000, 0x0000, 0x0000, 0x0000, 0x0000, 0x0000, 0x0000, 0x0000, 0x0000, 0x0000,
  0x0000, 0x0000, 0x0000, 0x0000, 0x0000, 0x0000, 0x0000, 0x0000, 0x0000, 0x0000, 0x0000, 0x0000,
  0x0000, 0x0000, 0x0000, 0x0000, 0x0000, 0x0000, 0x0000, 0x0000, 0x0000, 0x0000, 0x0000, 0x0000,
  0x0000, 0x0000, 0x0000, 0x0000, 0x0000, 0x0000, 0x0000, 0x0000, 0x0000, 0x0000, 0x0000, 0x0000,
  0x0000, 0x0000, 0x0000, 0x0000, 0xFE80, 0xED80, 0xE540, 0xE540, 0xF5E1, 0xFE42, 0xFE42, 0xFEE3,
  0xFEE3, 0xFF03, 0xFF03, 0xFEE3, 0xFEE3, 0xFEE3, 0xFEE3, 0xFEE3, 0xFEE3, 0xFEE3, 0xFEE3, 0xFEE3,
  0xFEE3, 0xFEE3, 0xFEE3, 0xFEE3, 0xFEE3, 0xFEC3, 0xFEC3, 0xFF51, 0xFF72, 0xFF72, 0xFF72, 0xFF52,
  0xFF72, 0xFF4D, 0xFEE3, 0xFEE3, 0xFEE3, 0xFEE3, 0xFEE3, 0xFEE3, 0xFEE3, 0xFEE3, 0xFEE3, 0xFEE3,
  0xFEE3, 0xFEE3, 0xFEE3, 0xFEE3, 0xFEE3, 0xFEE3, 0xFEE3, 0xFEE3, 0xFEE3, 0xFEE3, 0xFEE3, 0xFEE3,
  0xFEE3, 0xFEE3, 0xFEE3, 0xFEE3, 0xFEE3, 0xFEE3, 0xFEE3, 0xFEE3, 0xFEE3, 0xFEE3, 0xFEE3, 0xFEE3,
  0xFEE3, 0xFF03, 0xFEE3, 0xFF03, 0xFEE3, 0xFEE3, 0xFEE3, 0xFEE3, 0xFEE3, 0xFEE3, 0xFEE3, 0xFEE3,
  0xFEE3, 0xFEE3, 0xFF03, 0xFEE3, 0xFEE3, 0xFEE3, 0xFEE3, 0xFE02, 0xFE02, 0xFE02, 0xFE22, 0xFE22,
  0xFE22, 0xFE22, 0xFE22, 0xFE22, 0xFE22, 0xFE22, 0xFE22, 0xFE22, 0xFE22, 0xFE22, 0xFE22, 0xE500,
  0xD460, 0xD460, 0xE500, 0x0000, 0x0000, 0x0000, 0x0000, 0x0000, 0x0000, 0x0000, 0x0000, 0x0000,
  0x0000, 0x0000, 0x0000, 0x0000, 0x0000, 0x0000, 0x0000, 0x0000, 0x0000, 0x0000, 0x0000, 0x0000,
  0x0000, 0x0000, 0x0000, 0x0000, 0x0000, 0x0000, 0x0000, 0x0000, 0x0000, 0x0000, 0x0000, 0x0000,
  0x0000, 0x0000, 0x0000, 0x0000, 0x0000, 0x0000, 0x0000, 0x0000, 0x0000, 0x0000, 0x0000, 0x0000,
  0x0000, 0x0000, 0x0000, 0x0000, 0x0000, 0x0000, 0x0000, 0x0000, 0x0000, 0x0000, 0x0000, 0x0000,
  0x0000, 0x0000, 0x0000, 0x0000, 0x0000, 0x0000, 0x0000, 0x0000, 0x0000, 0x0000, 0x0000, 0x0000,
  0x0000, 0x0000, 0x0000, 0x0000, 0x0000, 0x0000, 0x0000, 0x0000, 0x0000, 0x0000, 0x0000, 0x0000,
  0x0000, 0x0000, 0x0000, 0x0000, 0x0000, 0x0000, 0x0000, 0x0000, 0x0000, 0x0000, 0x0000, 0x0000,
  0x0000, 0x0000, 0x0000, 0x0000, 0x0000, 0x0000, 0x0000, 0x0000, 0x0000, 0x0000, 0x0000, 0x0000,
  0x0000, 0x0000, 0x0000, 0x0000, 0x0000, 0x0000, 0x0000, 0x0000, 0x0000, 0x0000, 0x0000, 0x0000,
  0x0000, 0x0000, 0x0000, 0x0000, 0x0000, 0x0000, 0x0000, 0x0000, 0x0000, 0x0000, 0x0000, 0x0000,
  0x0000, 0x0000, 0x0000, 0x0000, 0xFE60, 0xE540, 0xE540, 0xE520, 0xF5C1, 0xFE42, 0xFE42, 0xFEE2,
  0xFF03, 0xFF03, 0xFEE3, 0xFEE3, 0xFEE3, 0xFEE3, 0xFEE3, 0xFEE3, 0xFF03, 0xFEE3, 0xFEE3, 0xFEE3,
  0xFEE3, 0xFEE3, 0xFEE3, 0xFEE3, 0xFEE3, 0xFEE3, 0xFEE3, 0xFF52, 0xFF52, 0xFF51, 0xFF52, 0xFF72,
  0xFF72, 0xFF6E, 0xFEE3, 0xFEE3, 0xFEE2, 0xFEE2, 0xFEE3, 0xFEE3, 0xFEE3, 0xFEE3, 0xFEE3, 0xFEE3,
  0xFEE3, 0xFEE3, 0xFEE3, 0xFEE3, 0xFEE3, 0xFEE3, 0xFEE3, 0xFEE3, 0xFEE3, 0xFEE3, 0xFEE3, 0xFF03,
  0xFEE3, 0xFEE3, 0xFEE3, 0xFEE3, 0xFEE3, 0xFEE3, 0xFEE3, 0xFEE3, 0xFF03, 0xFEE3, 0xFF03, 0xFEE3,
  0xFEE3, 0xFF03, 0xFF03, 0xFEE3, 0xFEE3, 0xFEE3, 0xFEE3, 0xFEE3, 0xFEE3, 0xFEE3, 0xFEE3, 0xFEE3,
  0xFF03, 0xFF03, 0xFF03, 0xFEE3, 0xFEE3, 0xFEE3, 0xFEE3, 0xFE02, 0xFE22, 0xFE02, 0xFE22, 0xFE22,
  0xFE02, 0xFE22, 0xFE22, 0xFE22, 0xFE22, 0xFE22, 0xFE22, 0xFE22, 0xFE22, 0xFE22, 0xFE22, 0xE500,
  0xD460, 0xCC40, 0xED00, 0x0020, 0x0020, 0x0000, 0x0000, 0x0000, 0x0000, 0x0000, 0x0000, 0x0000,
  0x0000, 0x0000, 0x0000, 0x0000, 0x0000, 0x0000, 0x0000, 0x0000, 0x0000, 0x0000, 0x0000, 0x0000,
  0x0000, 0x0000, 0x0000, 0x0000, 0x0000, 0x0000, 0x0000, 0x0000, 0x0000, 0x0000, 0x0000, 0x0000,
  0x0000, 0x0000, 0x0000, 0x0000, 0x0000, 0x0000, 0x0000, 0x0000, 0x0000, 0x0000, 0x0000, 0x0000,
  0x0000, 0x0000, 0x0000, 0x0000, 0x0000, 0x0000, 0x0000, 0x0000, 0x0000, 0x0000, 0x0000, 0x0000,
  0x0000, 0x0000, 0x0000, 0x0000, 0x0000, 0x0000, 0x0000, 0x0000, 0x0000, 0x0000, 0x0000, 0x0000,
  0x0000, 0x0000, 0x0000, 0x0000, 0x0000, 0x0000, 0x0000, 0x0000, 0x0000, 0x0000, 0x0000, 0x0000,
  0x0000, 0x0000, 0x0000, 0x0000, 0x0000, 0x0000, 0x0000, 0x0000, 0x0000, 0x0000, 0x0000, 0x0000,
  0x0000, 0x0000, 0x0000, 0x0000, 0x0000, 0x0000, 0x0000, 0x0000, 0x0000, 0x0000, 0x0000, 0x0000,
  0x0000, 0x0000, 0x0000, 0x0000, 0x0000, 0x0000, 0x0000, 0x0000, 0x0000, 0x0000, 0x0000, 0x0000,
  0x0000, 0x0000, 0x0000, 0x0000, 0x0000, 0x0000, 0x0000, 0x0000, 0x0000, 0x0000, 0x0000, 0x0000,
  0x0000, 0x0000, 0x0000, 0x0000, 0x59C0, 0x3900, 0x20A0, 0xA380, 0xF580, 0xFDC1, 0xF5C1, 0xF5C1,
  0xFEE3, 0xFEE3, 0xFEE3, 0xFEE3, 0xFEE3, 0xFEE3, 0xFEE3, 0xFEE3, 0xFEE3, 0xFF03, 0xFEE3, 0xFEE3,
  0xFEE3, 0xFEE3, 0xFEE3, 0xFEE3, 0xFEE3, 0xFEE3, 0xFEE3, 0xFEE3, 0xFEE4, 0xFEE4, 0xFF94, 0xFF72,
  0xFF52, 0xFF72, 0xFF72, 0xFF51, 0xFF51, 0xFEE3, 0xFEE3, 0xFEE3, 0xFEE3, 0xFEE3, 0xFEE3, 0xFEE3,
  0xFEE3, 0xFEE3, 0xFEE3, 0xFEE3, 0xFEE3, 0xFEE3, 0xFEE3, 0xFEE3, 0xFEE3, 0xFEE3, 0xFEE3, 0xFEE3,
  0xFEE3, 0xFEE3, 0xFEE3, 0xFEE3, 0xFEE3, 0xFEE3, 0xFEE3, 0xFF03, 0xFEE3, 0xFEE3, 0xFEE3, 0xFEE3,
  0xFEE3, 0xFEE3, 0xFEE3, 0xFEE3, 0xFEE3, 0xFEE3, 0xFEE3, 0xFEE3, 0xFEE3, 0xFEE3, 0xFEE3, 0xFEE3,
  0xFEE3, 0xFEE3, 0xFEE3, 0xFEE3, 0xFEE3, 0xFEE3, 0xFEE3, 0xFEE3, 0xFEE3, 0xFEE3, 0xFEC3, 0xFE02,
  0xFE02, 0xFE02, 0xFE22, 0xFE22, 0xFE22, 0xFE22, 0xFE22, 0xFE22, 0xFE22, 0xFE22, 0xFE22, 0xFE22,
  0xFE02, 0xFDE2, 0xFE63, 0xE4A0, 0xDCA0, 0xCC40, 0x0000, 0x0000, 0x0000, 0x0000, 0x0000, 0x0000,
  0x0000, 0x0000, 0x0000, 0x0000, 0x0000, 0x0000, 0x0000, 0x0000, 0x0000, 0x0000, 0x0000, 0x0000,
  0x0000, 0x0000, 0x0000, 0x0000, 0x0000, 0x0000, 0x0000, 0x0000, 0x0000, 0x0000, 0x0000, 0x0000,
  0x0000, 0x0000, 0x0000, 0x0000, 0x0000, 0x0000, 0x0000, 0x0000, 0x0000, 0x0000, 0x0000, 0x0000,
  0x0000, 0x0000, 0x0000, 0x0000, 0x0000, 0x0000, 0x0000, 0x0000, 0x0000, 0x0000, 0x0000, 0x0000,
  0x0000, 0x0000, 0x0000, 0x0000, 0x0000, 0x0000, 0x0000, 0x0000, 0x0000, 0x0000, 0x0000, 0x0000,
  0x0000, 0x0000, 0x0000, 0x0000, 0x0000, 0x0000, 0x0000, 0x0000, 0x0000, 0x0000, 0x0000, 0x0000,
  0x0000, 0x0000, 0x0000, 0x0000, 0x0000, 0x0000, 0x0000, 0x0000, 0x0000, 0x0000, 0x0000, 0x0000,
  0x0000, 0x0000, 0x0000, 0x0000, 0x0000, 0x0000, 0x0000, 0x0000, 0x0000, 0x0000, 0x0000, 0x0000,
  0x0000, 0x0000, 0x0000, 0x0000, 0x0000, 0x0000, 0x0000, 0x0000, 0x0000, 0x0000, 0x0000, 0x0000,
  0x0000, 0x0000, 0x0000, 0x0000, 0x0000, 0x0000, 0x0000, 0x0000, 0x0000, 0x0000, 0x0000, 0x0000,
  0x0000, 0x0000, 0x0000, 0x0000, 0x0000, 0x0000, 0x0000, 0x6A60, 0xFDC0, 0xF5C0, 0xF580, 0xED81,
  0xFEE3, 0xFEE3, 0xFEE3, 0xFEE3, 0xFEE3, 0xFEE3, 0xFEE3, 0xFEE3, 0xFEE3, 0xFEE3, 0xFEE3, 0xFEE3,
  0xFEE3, 0xFEE3, 0xFEE3, 0xFEE3, 0xFEE3, 0xFEE3, 0xFEE3, 0xFEE3, 0xFEE3, 0xFEE3, 0xFF74, 0xFF71,
  0xFF51, 0xFF72, 0xFF52, 0xFF51, 0xFF72, 0xFEE3, 0xFEE3, 0xFEE3, 0xFEE3, 0xFEE3, 0xFEE3, 0xFEE3,
  0xFEE3, 0xFEE3, 0xFEE3, 0xFEE3, 0xFEE3, 0xFEE3, 0xFEE3, 0xFEE3, 0xFEE3, 0xFEE3, 0xFEE3, 0xFEE3,
  0xFEE3, 0xFEE3, 0xFEE3, 0xFEE3, 0xFEE3, 0xFEE3, 0xFF03, 0xFEE3, 0xFEE3, 0xFEE3, 0xFEE3, 0xFEE3,
  0xFEE3, 0xFEE3, 0xFF03, 0xFEE3, 0xFF03, 0xFEE3, 0xFEE3, 0xFEE3, 0xFEE3, 0xFEE3, 0xFEE3, 0xFEE3,
  0xFEE3, 0xFF03, 0xFEE3, 0xFEE3, 0xFEE3, 0xFEE3, 0xFEE3, 0xFEE3, 0xFEE3, 0xFEE3, 0xFEE3, 0xFE22,
  0xFE02, 0xFE02, 0xFE22, 0xFE22, 0xFE22, 0xFE22, 0xFE22, 0xFE22, 0xFE22, 0xFE22, 0xFE22, 0xFE22,
  0xFE02, 0xFE02, 0xFE62, 0xDC80, 0xDC80, 0xD460, 0x0000, 0x0000, 0x0000, 0x0000, 0x0000, 0x0000,
  0x0000, 0x0000, 0x0000, 0x0000, 0x0000, 0x0000, 0x0000, 0x0000, 0x0000, 0x0000, 0x0000, 0x0000,
  0x0000, 0x0000, 0x0000, 0x0000, 0x0000, 0x0000, 0x0000, 0x0000, 0x0000, 0x0000, 0x0000, 0x0000,
  0x0000, 0x0000, 0x0000, 0x0000, 0x0000, 0x0000, 0x0000, 0x0000, 0x0000, 0x0000, 0x0000, 0x0000,
  0x0000, 0x0000, 0x0000, 0x0000, 0x0000, 0x0000, 0x0000, 0x0000, 0x0000, 0x0000, 0x0000, 0x0000,
  0x0000, 0x0000, 0x0000, 0x0000, 0x0000, 0x0000, 0x0000, 0x0000, 0x0000, 0x0000, 0x0000, 0x0000,
  0x0000, 0x0000, 0x0000, 0x0000, 0x0000, 0x0000, 0x0000, 0x0000, 0x0000, 0x0000, 0x0000, 0x0000,
  0x0000, 0x0000, 0x0000, 0x0000, 0x0000, 0x0000, 0x0000, 0x0000, 0x0000, 0x0000, 0x0000, 0x0000,
  0x0000, 0x0000, 0x0000, 0x0000, 0x0000, 0x0000, 0x0000, 0x0000, 0x0000, 0x0000, 0x0000, 0x0000,
  0x0000, 0x0000, 0x0000, 0x0000, 0x0000, 0x0000, 0x0000, 0x0000, 0x0000, 0x0000, 0x0000, 0x0000,
  0x0000, 0x0000, 0x0000, 0x0000, 0x0000, 0x0000, 0x0000, 0x0000, 0x0000, 0x0000, 0x0000, 0x0000,
  0x0000, 0x0000, 0x0000, 0x0000, 0x0000, 0x0000, 0x0000, 0x0820, 0x1060, 0xED60, 0xED40, 0xED40,
  0xFEC2, 0xFEE3, 0xFEE3, 0xFEE3, 0xFEE3, 0xFEE3, 0xFEE3, 0xFEE3, 0xFEE3, 0xFEE3, 0xFEE3, 0xFEE3,
  0xFEE3, 0xFEE3, 0xFEE3, 0xFEE3, 0xFEE3, 0xFEE3, 0xFEE3, 0xFEE3, 0xFEE3, 0xFEE3, 0xFF72, 0xFF50,
  0xFF51, 0xFF72, 0xFF52, 0xFF52, 0xFF73, 0xFEE4, 0xFEE4, 0xFEE3, 0xFEE2, 0xFEE3, 0xFEE3, 0xFEE3,
  0xFEE3, 0xFEE3, 0xFEE3, 0xFEE3, 0xFEE3, 0xFEE3, 0xFEE3, 0xFEE3, 0xFEE3, 0xFEE3, 0xFEE3, 0xFEE3,
  0xFEE3, 0xFEE3, 0xFEE3, 0xFEE3, 0xFEE3, 0xFEE3, 0xFF03, 0xFEE3, 0xFEE3, 0xFEE3, 0xFEE3, 0xFEE3,
  0xFEE3, 0xFEE3, 0xFF03, 0xFEE3, 0xFEE3, 0xFF03, 0xFEE3, 0xFEE3, 0xFEE3, 0xFEE3, 0xFEE3, 0xFEE3,
  0xFEE3, 0xFEE3, 0xFEE3, 0xFF03, 0xFF03, 0xFEE3, 0xFEE3, 0xFEE3, 0xFEE3, 0xFEE3, 0xFEC3, 0xFE22,
  0xFE02, 0xFE02, 0xFE22, 0xFE02, 0xFE22, 0xFE02, 0xFE22, 0xFE22, 0xFE22, 0xFE22, 0xFE22, 0xFE22,
  0xFE02, 0xFE22, 0xFE42, 0xDC80, 0xD460, 0xD460, 0x0820, 0x0020, 0x0000, 0x0000, 0x0000, 0x0000,
  0x0000, 0x0000, 0x0000, 0x0000, 0x0000, 0x0000, 0x0000, 0x0000, 0x0000, 0x0000, 0x0000, 0x0000,
  0x0000, 0x0000, 0x0000, 0x0000, 0x0000, 0x0000, 0x0000, 0x0000, 0x0000, 0x0000, 0x0000, 0x0000,
  0x0000, 0x0000, 0x0000, 0x0000, 0x0000, 0x0000, 0x0000, 0x0000, 0x0000, 0x0000, 0x0000, 0x0000,
  0x0000, 0x0000, 0x0000, 0x0000, 0x0000, 0x0000, 0x0000, 0x0000, 0x0000, 0x0000, 0x0000, 0x0000,
  0x0000, 0x0000, 0x0000, 0x0000, 0x0000, 0x0000, 0x0000, 0x0000, 0x0000, 0x0000, 0x0000, 0x0000,
  0x0000, 0x0000, 0x0000, 0x0000, 0x0000, 0x0000, 0x0000, 0x0000, 0x0000, 0x0000, 0x0000, 0x0000,
  0x0000, 0x0000, 0x0000, 0x0000, 0x0000, 0x0000, 0x0000, 0x0000, 0x0000, 0x0000, 0x0000, 0x0000,
  0x0000, 0x0000, 0x0000, 0x0000, 0x0000, 0x0000, 0x0000, 0x0000, 0x0000, 0x0000, 0x0000, 0x0000,
  0x0000, 0x0000, 0x0000, 0x0000, 0x0000, 0x0000, 0x0000, 0x0000, 0x0000, 0x0000, 0x0000, 0x0000,
  0x0000, 0x0000, 0x0000, 0x0000, 0x0000, 0x0000, 0x0000, 0x0000, 0x0000, 0x0000, 0x0000, 0x0000,
  0x0000, 0x0000, 0x0000, 0x0000, 0x0000, 0x0000, 0x0000, 0x0000, 0x0000, 0xE520, 0xED40, 0xED40,
  0xFE62, 0xFE82, 0xFEA2, 0xFEE3, 0xFEE3, 0xFEE3, 0xFEE3, 0xFF03, 0xFEE3, 0xFF03, 0xFEE3, 0xFEE3,
  0xFF03, 0xFEE3, 0xFEE3, 0xFEE3, 0xFEE3, 0xFEE3, 0xFEE3, 0xFEE3, 0xFEE3, 0xFEE3, 0xFEE3, 0xFEE4,
  0xFEE4, 0xFF4C, 0xFF72, 0xFF72, 0xFF73, 0xFF73, 0xFF52, 0xFF53, 0xFEE3, 0xFEE3, 0xFEE3, 0xFEE3,
  0xFEE3, 0xFEE3, 0xFEE3, 0xFEE3, 0xFEE3, 0xFEE3, 0xFEE3, 0xFEE3, 0xFEE3, 0xFEE3, 0xFEE3, 0xFEE3,
  0xFEE3, 0xFEE3, 0xFEE3, 0xFEE3, 0xFEE3, 0xFEE3, 0xFEE3, 0xFEE3, 0xFEE3, 0xFEE3, 0xFEE3, 0xFEE3,
  0xFEE3, 0xFEE3, 0xFEE3, 0xFEE3, 0xFEE3, 0xFEE3, 0xFEE3, 0xFEE3, 0xFEE3, 0xFEE3, 0xFEE3, 0xFEE3,
  0xFEE3, 0xFEE3, 0xFEE3, 0xFEE3, 0xFEE3, 0xFEE3, 0xFEE3, 0xFEE3, 0xFEE3, 0xFEE3, 0xFEE3, 0xFEE3,
  0xFEC3, 0xFEE2, 0xFE02, 0xFE02, 0xFE02, 0xFE02, 0xFE02, 0xFE02, 0xFE22, 0xFE22, 0xFE22, 0xFE22,
  0xFE22, 0xFE22, 0xFE22, 0xFE42, 0xFE22, 0xFE42, 0xDC80, 0xD460, 0xD460, 0x0000, 0x0000, 0x0000,
  0x0000, 0x0000, 0x0000, 0x0000, 0x0000, 0x0000, 0x0000, 0x0000, 0x0000, 0x0000, 0x0000, 0x0000,
  0x0000, 0x0000, 0x0000, 0x0000, 0x0000, 0x0000, 0x0000, 0x0000, 0x0000, 0x0000, 0x0000, 0x0000,
  0x0000, 0x0000, 0x0000, 0x0000, 0x0000, 0x0000, 0x0000, 0x0000, 0x0000, 0x0000, 0x0000, 0x0000,
  0x0000, 0x0000, 0x0000, 0x0000, 0x0000, 0x0000, 0x0000, 0x0000, 0x0000, 0x0000, 0x0000, 0x0000,
  0x0000, 0x0000, 0x0000, 0x0000, 0x0000, 0x0000, 0x0000, 0x0000, 0x0000, 0x0000, 0x0000, 0x0000,
  0x0000, 0x0000, 0x0000, 0x0000, 0x0000, 0x0000, 0x0000, 0x0000, 0x0000, 0x0000, 0x0000, 0x0000,
  0x0000, 0x0000, 0x0000, 0x0000, 0x0000, 0x0000, 0x0000, 0x0000, 0x0000, 0x0000, 0x0000, 0x0000,
  0x0000, 0x0000, 0x0000, 0x0000, 0x0000, 0x0000, 0x0000, 0x0000, 0x0000, 0x0000, 0x0000, 0x0000,
  0x0000, 0x0000, 0x0000, 0x0000, 0x0000, 0x0000, 0x0000, 0x0000, 0x0000, 0x0000, 0x0000, 0x0000,
  0x0000, 0x0000, 0x0000, 0x0000, 0x0000, 0x0000, 0x0000, 0x0000, 0x0000, 0x0000, 0x0000, 0x0000,
  0x0000, 0x0000, 0x0000, 0x0000, 0x0000, 0x0000, 0x0000, 0x0000, 0x0000, 0xE520, 0xED40, 0xED60,
  0xFE82, 0xFEA3, 0xFEA3, 0xFEE3, 0xFEE3, 0xFEE3, 0xFEE3, 0xFEE3, 0xFEE3, 0xFEE3, 0xFEE3, 0xFEE3,
  0xFEE3, 0xFEE3, 0xFEE3, 0xFEE3, 0xFEE3, 0xFEE3, 0xFEE3, 0xFEE3, 0xFEE3, 0xFEE3, 0xFEE3, 0xFEE4,
  0xFEE4, 0xFF4B, 0xFF72, 0xFF72, 0xFF72, 0xFF72, 0xFF72, 0xFF73, 0xFEE3, 0xFEE3, 0xFEE3, 0xFF03,
  0xFEE3, 0xFEE3, 0xFEE3, 0xFEE3, 0xFEE3, 0xFEE3, 0xFEE3, 0xFEE3, 0xFEE3, 0xFEE3, 0xFEE3, 0xFEE3,
  0xFEE3, 0xFEE3, 0xFEE3, 0xFEE3, 0xFEE3, 0xFF03, 0xFEE3, 0xFF03, 0xFEE3, 0xFEE3, 0xFEE3, 0xFEE3,
  0xFEE3, 0xFEE3, 0xFEE3, 0xFEE3, 0xFEE3, 0xFEE3, 0xFEE3, 0xFEE3, 0xFEE3, 0xFEE3, 0xFEE3, 0xFEE3,
  0xFEE3, 0xFEE3, 0xFEE3, 0xFEE3, 0xFEE3, 0xFEE3, 0xFEE3, 0xFF03, 0xFEE3, 0xFEE3, 0xFEE3, 0xFEE3,
  0xFEE3, 0xFF03, 0xFE22, 0xFE02, 0xFE02, 0xFE22, 0xFE22, 0xFE22, 0xFE22, 0xFE22, 0xFE22, 0xFE22,
  0xFE22, 0xFE22, 0xFE22, 0xFE22, 0xFE02, 0xFE22, 0xD460, 0xD460, 0xE4A0, 0x0000, 0x0000, 0x0000,
  0x0000, 0x0000, 0x0000, 0x0000, 0x0000, 0x0000, 0x0000, 0x0000, 0x0000, 0x0000, 0x0000, 0x0000,
  0x0000, 0x0000, 0x0000, 0x0000, 0x0000, 0x0000, 0x0000, 0x0000, 0x0000, 0x0000, 0x0000, 0x0000,
  0x0000, 0x0000, 0x0000, 0x0000, 0x0000, 0x0000, 0x0000, 0x0000, 0x0000, 0x0000, 0x0000, 0x0000,
  0x0000, 0x0000, 0x0000, 0x0000, 0x0000, 0x0000, 0x0000, 0x0000, 0x0000, 0x0000, 0x0000, 0x0000,
  0x0000, 0x0000, 0x0000, 0x0000, 0x0000, 0x0000, 0x0000, 0x0000, 0x0000, 0x0000, 0x0000, 0x0000,
  0x0000, 0x0000, 0x0000, 0x0000, 0x0000, 0x0000, 0x0000, 0x0000, 0x0000, 0x0000, 0x0000, 0x0000,
  0x0000, 0x0000, 0x0000, 0x0000, 0x0000, 0x0000, 0x0000, 0x0000, 0x0000, 0x0000, 0x0000, 0x0000,
  0x0000, 0x0000, 0x0000, 0x0000, 0x0000, 0x0000, 0x0000, 0x0000, 0x0000, 0x0000, 0x0000, 0x0000,
  0x0000, 0x0000, 0x0000, 0x0000, 0x0000, 0x0000, 0x0000, 0x0000, 0x0000, 0x0000, 0x0000, 0x0000,
  0x0000, 0x0000, 0x0000, 0x0000, 0x0000, 0x0000, 0x0000, 0x0000, 0x0000, 0x0000, 0x0000, 0x0000,
  0x0000, 0x0000, 0x0000, 0x0000, 0x0000, 0x0000, 0x0000, 0x0000, 0x0000, 0xE520, 0xED60, 0xED60,
  0xFE82, 0xFEC3, 0xFEE3, 0xFEE3, 0xFEE3, 0xFF03, 0xFF03, 0xFEE3, 0xFEE3, 0xFEE3, 0xFF03, 0xFEE3,
  0xFEE3, 0xFEE3, 0xFEE3, 0xFEE3, 0xFEE3, 0xFEE3, 0xFEE3, 0xFEE3, 0xFEE3, 0xFEE3, 0xFEE3, 0xFF03,
  0xFEE3, 0xFF4B, 0xFF72, 0xFF72, 0xFF72, 0xFF72, 0xFF72, 0xFF73, 0xFEE4, 0xFEE3, 0xFEE3, 0xFF03,
  0xFEE3, 0xFEE3, 0xFEE3, 0xFEE3, 0xFEE3, 0xFEE3, 0xFEE3, 0xFEE3, 0xFEE3, 0xFEE3, 0xFEE3, 0xFEE3,
  0xFEE3, 0xFEE3, 0xFEE3, 0xFF03, 0xFEE3, 0xFEE3, 0xFEE3, 0xFEE3, 0xFEE3, 0xFEE3, 0xFEE3, 0xFEE3,
  0xFEE3, 0xFEE3, 0xFEE3, 0xFF03, 0xFF03, 0xFF03, 0xFEE3, 0xFEE3, 0xFEE3, 0xFEE3, 0xFEE3, 0xFEE3,
  0xFEE3, 0xFEE3, 0xFEE3, 0xFEE3, 0xFEE3, 0xFEE3, 0xFF03, 0xFEE3, 0xFEE3, 0xFEE3, 0xFEE3, 0xFEE3,
  0xFEE3, 0xFF03, 0xFE22, 0xFE02, 0xFE22, 0xFE22, 0xFE02, 0xFE02, 0xFE22, 0xFE22, 0xFE22, 0xFE22,
  0xFE22, 0xFE22, 0xFE22, 0xFE22, 0xFE22, 0xFE42, 0xDCA0, 0xDCA0, 0xDCA0, 0x0000, 0x0000, 0x0000,
  0x0000, 0x0000, 0x0000, 0x0000, 0x0000, 0x0000, 0x0000, 0x0000, 0x0000, 0x0000, 0x0000, 0x0000,
  0x0000, 0x0000, 0x0000, 0x0000, 0x0000, 0x0000, 0x0000, 0x0000, 0x0000, 0x0000, 0x0000, 0x0000,
  0x0000, 0x0000, 0x0000, 0x0000, 0x0000, 0x0000, 0x0000, 0x0000, 0x0000, 0x0000, 0x0000, 0x0000,
  0x0000, 0x0000, 0x0000, 0x0000, 0x0000, 0x0000, 0x0000, 0x0000, 0x0000, 0x0000, 0x0000, 0x0000,
  0x0000, 0x0000, 0x0000, 0x0000, 0x0000, 0x0000, 0x0000, 0x0000, 0x0000, 0x0000, 0x0000, 0x0000,
  0x0000, 0x0000, 0x0000, 0x0000, 0x0000, 0x0000, 0x0000, 0x0000, 0x0000, 0x0000, 0x0000, 0x0000,
  0x0000, 0x0000, 0x0000, 0x0000, 0x0000, 0x0000, 0x0000, 0x0000, 0x0000, 0x0000, 0x0000, 0x0000,
  0x0000, 0x0000, 0x0000, 0x0000, 0x0000, 0x0000, 0x0000, 0x0000, 0x0000, 0x0000, 0x0000, 0x0000,
  0x0000, 0x0000, 0x0000, 0x0000, 0x0000, 0x0000, 0x0000, 0x0000, 0x0000, 0x0000, 0x0000, 0x0000,
  0x0000, 0x0000, 0x0000, 0x0000, 0x0000, 0x0000, 0x0000, 0x0000, 0x0000, 0x0000, 0x0000, 0x0000,
  0x0000, 0x0000, 0x0000, 0x0000, 0x0000, 0x0000, 0x0000, 0x0000, 0x0000, 0xED40, 0xED60, 0xED60,
  0xF5A0, 0xF5C1, 0xF5C1, 0xFF03, 0xFEE3, 0xFEE3, 0xFEE3, 0xFEE3, 0xFEE3, 0xFEE3, 0xFF03, 0xFEE3,
  0xFEE3, 0xFEE3, 0xFEE3, 0xFEE3, 0xFEE3, 0xFEE3, 0xFEE3, 0xFEE3, 0xFEE3, 0xFEE3, 0xFEE3, 0xFEE3,
  0xFEE3, 0xFF4A, 0xFF72, 0xFF72, 0xFF72, 0xFF72, 0xFF72, 0xFF73, 0xFF94, 0xFF72, 0xFF73, 0xFEE3,
  0xFEE3, 0xFEE3, 0xFEE3, 0xFEE3, 0xFEE3, 0xFEE3, 0xFEE3, 0xFEE3, 0xFEE3, 0xFEE3, 0xFEE3, 0xFEE3,
  0xFEE3, 0xFEE3, 0xFEE3, 0xFEE3, 0xFEE3, 0xFEE3, 0xFEE3, 0xFEE3, 0xFEE3, 0xFEE3, 0xFEE3, 0xFEE3,
  0xFEE3, 0xFEE3, 0xFEE3, 0xFEE3, 0xFF03, 0xFF03, 0xFEE3, 0xFEE3, 0xFEE3, 0xFEE3, 0xFEE3, 0xFEE3,
  0xFEE3, 0xFEE3, 0xFF03, 0xFEE3, 0xFEE3, 0xFEE3, 0xFEE3, 0xFEE3, 0xFEE3, 0xFEE3, 0xFEE3, 0xFEE3,
  0xFEE3, 0xFEE3, 0xFF03, 0xFEE3, 0xFEE3, 0xFE22, 0xFE02, 0xFE22, 0xFE22, 0xFE22, 0xFE22, 0xFE22,
  0xFE22, 0xFE22, 0xFE22, 0xFE22, 0xFE22, 0xFE22, 0xFE43, 0xFE42, 0xFE02, 0xCC00, 0xC3E0, 0xC3E0,
  0x0000, 0x0000, 0x0000, 0x0000, 0x0000, 0x0000, 0x0000, 0x0000, 0x0000, 0x0000, 0x0000, 0x0000,
  0x0000, 0x0000, 0x0000, 0x0000, 0x0000, 0x0000, 0x0000, 0x0000, 0x0000, 0x0000, 0x0000, 0x0000,
  0x0000, 0x0000, 0x0000, 0x0000, 0x0000, 0x0000, 0x0000, 0x0000, 0x0000, 0x0000, 0x0000, 0x0000,
  0x0000, 0x0000, 0x0000, 0x0000, 0x0000, 0x0000, 0x0000, 0x0000, 0x0000, 0x0000, 0x0000, 0x0000,
  0x0000, 0x0000, 0x0000, 0x0000, 0x0000, 0x0000, 0x0000, 0x0000, 0x0000, 0x0000, 0x0000, 0x0000,
  0x0000, 0x0000, 0x0000, 0x0000, 0x0000, 0x0000, 0x0000, 0x0000, 0x0000, 0x0000, 0x0000, 0x0000,
  0x0000, 0x0000, 0x0000, 0x0000, 0x0000, 0x0000, 0x0000, 0x0000, 0x0000, 0x0000, 0x0000, 0x0000,
  0x0000, 0x0000, 0x0000, 0x0000, 0x0000, 0x0000, 0x0000, 0x0000, 0x0000, 0x0000, 0x0000, 0x0000,
  0x0000, 0x0000, 0x0000, 0x0000, 0x0000, 0x0000, 0x0000, 0x0000, 0x0000, 0x0000, 0x0000, 0x0000,
  0x0000, 0x0000, 0x0000, 0x0000, 0x0000, 0x0000, 0x0000, 0x0000, 0x0000, 0x0000, 0x0000, 0x0000,
  0x0000, 0x0000, 0x0000, 0x0000, 0x0000, 0x0000, 0x0000, 0x0000, 0x0000, 0xED60, 0xED40, 0xE520,
  0xED60, 0xF5A1, 0xFDE2, 0xFEE3, 0xFEE3, 0xFEE3, 0xFEE3, 0xFEE3, 0xFF03, 0xFEE3, 0xFEE3, 0xFEE3,
  0xFEE3, 0xFEE3, 0xFF03, 0xFEE3, 0xFEE3, 0xFEE3, 0xFEE3, 0xFEE3, 0xFEE3, 0xFEE3, 0xFEE3, 0xFEE3,
  0xFEE3, 0xFF49, 0xFF72, 0xFF72, 0xFF72, 0xFF72, 0xFF72, 0xFF72, 0xFF73, 0xFF72, 0xFF53, 0xFEE3,
  0xFEE3, 0xFEE3, 0xFEE3, 0xFEE3, 0xFEE3, 0xFEE3, 0xFEE3, 0xFEE3, 0xFEE3, 0xFEE3, 0xFEE3, 0xFEE3,
  0xFEE3, 0xFEE3, 0xFEE3, 0xFEE3, 0xFEE3, 0xFEE3, 0xFEE3, 0xFEE3, 0xFEE3, 0xFEE3, 0xFEE3, 0xFEE3,
  0xFEE3, 0xFEE3, 0xFEE3, 0xFEE3, 0xFF03, 0xFEE3, 0xFEE3, 0xFEE3, 0xFF03, 0xFEE3, 0xFEE3, 0xFEE3,
  0xFEE3, 0xFEE3, 0xFEE3, 0xFEE3, 0xFEE3, 0xFEE3, 0xFEE3, 0xFEE3, 0xFEE3, 0xFEE3, 0xFF03, 0xFEE3,
  0xFEE3, 0xFEE3, 0xFEE3, 0xFEE3, 0xFEE3, 0xFE02, 0xFE22, 0xFE22, 0xFE22, 0xFE22, 0xFE22, 0xFE22,
  0xFE22, 0xFE22, 0xFE22, 0xFE22, 0xFE22, 0xFE22, 0xFE22, 0xFE02, 0xFE01, 0xD440, 0xD440, 0xDC60,
  0x0000, 0x0000, 0x0000, 0x0000, 0x0000, 0x0000, 0x0000, 0x0000, 0x0000, 0x0000, 0x0000, 0x0000,
  0x0000, 0x0000, 0x0000, 0x0000, 0x0000, 0x0000, 0x0000, 0x0000, 0x0000, 0x0000, 0x0000, 0x0000,
  0x0000, 0x0000, 0x0000, 0x0000, 0x0000, 0x0000, 0x0000, 0x0000, 0x0000, 0x0000, 0x0000, 0x0000,
  0x0000, 0x0000, 0x0000, 0x0000, 0x0000, 0x0000, 0x0000, 0x0000, 0x0000, 0x0000, 0x0000, 0x0000,
  0x0000, 0x0000, 0x0000, 0x0000, 0x0000, 0x0000, 0x0000, 0x0000, 0x0000, 0x0000, 0x0000, 0x0000,
  0x0000, 0x0000, 0x0000, 0x0000, 0x0000, 0x0000, 0x0000, 0x0000, 0x0000, 0x0000, 0x0000, 0x0000,
  0x0000, 0x0000, 0x0000, 0x0000, 0x0000, 0x0000, 0x0000, 0x0000, 0x0000, 0x0000, 0x0000, 0x0000,
  0x0000, 0x0000, 0x0000, 0x0000, 0x0000, 0x0000, 0x0000, 0x0000, 0x0000, 0x0000, 0x0000, 0x0000,
  0x0000, 0x0000, 0x0000, 0x0000, 0x0000, 0x0000, 0x0000, 0x0000, 0x0000, 0x0000, 0x0000, 0x0000,
  0x0000, 0x0000, 0x0000, 0x0000, 0x0000, 0x0000, 0x0000, 0x0000, 0x0000, 0x0000, 0x0000, 0x0000,
  0x0000, 0x0000, 0x0000, 0x0000, 0x0000, 0x0000, 0x0000, 0x0000, 0x0000, 0x7AE0, 0x9380, 0x8B61,
  0xED60, 0xED80, 0xF5A0, 0xFEE3, 0xFEE3, 0xFEE3, 0xFEE3, 0xFEE3, 0xFF03, 0xFEE3, 0xFEE3, 0xFEE3,
  0xFEE3, 0xFEE3, 0xFEE3, 0xFEE3, 0xFEE3, 0xFEE3, 0xFEE3, 0xFEE3, 0xFEE3, 0xFEE3, 0xFEE3, 0xFEE3,
  0xFEE3, 0xFF49, 0xFF72, 0xFF72, 0xFF72, 0xFF72, 0xFF72, 0xFF72, 0xFF73, 0xFF73, 0xFF73, 0xFEE3,
  0xFEE2, 0xFEE3, 0xFEE3, 0xFEE3, 0xFEE3, 0xFEE3, 0xFEE3, 0xFEE3, 0xFEE3, 0xFEE3, 0xFEE3, 0xFEE3,
  0xFEE3, 0xFEE3, 0xFEE3, 0xFEE3, 0xFEE3, 0xFEE3, 0xFEE3, 0xFEE3, 0xFEE3, 0xFEE3, 0xFEE3, 0xFEE3,
  0xFEE3, 0xFEE3, 0xFEE3, 0xFEE3, 0xFEE3, 0xFEE3, 0xFF03, 0xFEE3, 0xFEE3, 0xFEE3, 0xFEE3, 0xFEE3,
  0xFEE3, 0xFEE3, 0xFEE3, 0xFEE3, 0xFEE3, 0xFEE3, 0xFEE3, 0xFF03, 0xFEE3, 0xFF03, 0xFF03, 0xFEE3,
  0xFEE3, 0xFEE3, 0xFEE3, 0xFEE3, 0xFEE3, 0xFE02, 0xFE22, 0xFE22, 0xFE22, 0xFE02, 0xFE22, 0xFE22,
  0xFE22, 0xFE22, 0xFE22, 0xFE22, 0xFE22, 0xFE22, 0xFE22, 0xFE22, 0xFE01, 0xD460, 0xDC80, 0xDCA0,
  0x0000, 0x0020, 0x0000, 0x0000, 0x0000, 0x0000, 0x0000, 0x0000, 0x0000, 0x0000, 0x0000, 0x0000,
  0x0000, 0x0000, 0x0000, 0x0000, 0x0000, 0x0000, 0x0000, 0x0000, 0x0000, 0x0000, 0x0000, 0x0000,
  0x0000, 0x0000, 0x0000, 0x0000, 0x0000, 0x0000, 0x0000, 0x0000, 0x0000, 0x0000, 0x0000, 0x0000,
  0x0000, 0x0000, 0x0000, 0x0000, 0x0000, 0x0000, 0x0000, 0x0000, 0x0000, 0x0000, 0x0000, 0x0000,
  0x0000, 0x0000, 0x0000, 0x0000, 0x0000, 0x0000, 0x0000, 0x0000, 0x0000, 0x0000, 0x0000, 0x0000,
  0x0000, 0x0000, 0x0000, 0x0000, 0x0000, 0x0000, 0x0000, 0x0000, 0x0000, 0x0000, 0x0000, 0x0000,
  0x0000, 0x0000, 0x0000, 0x0000, 0x0000, 0x0000, 0x0000, 0x0000, 0x0000, 0x0000, 0x0000, 0x0000,
  0x0000, 0x0000, 0x0000, 0x0000, 0x0000, 0x0000, 0x0000, 0x0000, 0x0000, 0x0000, 0x0000, 0x0000,
  0x0000, 0x0000, 0x0000, 0x0000, 0x0000, 0x0000, 0x0000, 0x0000, 0x0000, 0x0000, 0x0000, 0x0000,
  0x0000, 0x0000, 0x0000, 0x0000, 0x0000, 0x0000, 0x0000, 0x0000, 0x0000, 0x0000, 0x0000, 0x0000,
  0x0000, 0x0000, 0x0000, 0x0000, 0x0000, 0x0000, 0x0000, 0x0000, 0x0000, 0x0000, 0x0000, 0x1060,
  0xF581, 0xED80, 0xED60, 0xED80, 0xF5A1, 0xF5A1, 0xFEE3, 0xFEE3, 0xFEE3, 0xFF03, 0xFEE3, 0xFEE3,
  0xFEE3, 0xFEE3, 0xFEE3, 0xFEE3, 0xFEE3, 0xFEE3, 0xFEE3, 0xFEE3, 0xFEE3, 0xFEE3, 0xFEE3, 0xFEE3,
  0xFEE3, 0xFF02, 0xFF03, 0xFEC2, 0xFEE1, 0xFF72, 0xFF72, 0xFF72, 0xFF72, 0xFF73, 0xFF73, 0xFF4E,
  0xFEE1, 0xFEE3, 0xFEE3, 0xFEE3, 0xFEE3, 0xFEE3, 0xFEE3, 0xFEE3, 0xFEE3, 0xFEE3, 0xFEE3, 0xFEE3,
  0xFEE3, 0xFEE3, 0xFEE3, 0xFEE3, 0xFEE3, 0xFEE3, 0xFEE3, 0xFEE3, 0xFEE3, 0xFEE3, 0xFEE3, 0xFEE3,
  0xFEE3, 0xFEE3, 0xFEE3, 0xFEE3, 0xFEE3, 0xFEE3, 0xFEE3, 0xFF03, 0xFEE3, 0xFEE3, 0xFEE3, 0xFEE3,
  0xFF03, 0xFEE3, 0xFF03, 0xFEE3, 0xFF03, 0xFEE3, 0xFEE3, 0xFEE3, 0xFEE3, 0xFF03, 0xFEE3, 0xFEE3,
  0xFEE3, 0xFEE3, 0xFEE3, 0xFEE3, 0xFEE3, 0xFE83, 0xFE82, 0xFE82, 0xFE22, 0xFE22, 0xFE02, 0xFE22,
  0xFE02, 0xFE22, 0xFE22, 0xFE22, 0xFE22, 0xFE22, 0xFE22, 0xFE22, 0xFE02, 0xED81, 0xED81, 0xED81,
  0xF500, 0xF500, 0xE4A0, 0x9AC0, 0x0000, 0x0000, 0x0000, 0x0000, 0x0000, 0x0000, 0x0000, 0x0000,
  0x0000, 0x0000, 0x0000, 0x0000, 0x0000, 0x0000, 0x0000, 0x0000, 0x0000, 0x0000, 0x0000, 0x0000,
  0x0000, 0x0000, 0x0000, 0x0000, 0x0000, 0x0000, 0x0000, 0x0000, 0x0000, 0x0000, 0x0000, 0x0000,
  0x0000, 0x0000, 0x0000, 0x0000, 0x0000, 0x0000, 0x0000, 0x0000, 0x0000, 0x0000, 0x0000, 0x0000,
  0x0000, 0x0000, 0x0000, 0x0000, 0x0000, 0x0000, 0x0000, 0x0000, 0x0000, 0x0000, 0x0000, 0x0000,
  0x0000, 0x0000, 0x0000, 0x0000, 0x0000, 0x0000, 0x0000, 0x0000, 0x0000, 0x0000, 0x0000, 0x0000,
  0x0000, 0x0000, 0x0000, 0x0000, 0x0000, 0x0000, 0x0000, 0x0000, 0x0000, 0x0000, 0x0000, 0x0000,
  0x0000, 0x0000, 0x0000, 0x0000, 0x0000, 0x0000, 0x0000, 0x0000, 0x0000, 0x0000, 0x0000, 0x0000,
  0x0000, 0x0000, 0x0000, 0x0000, 0x0000, 0x0000, 0x0000, 0x0000, 0x0000, 0x0000, 0x0000, 0x0000,
  0x0000, 0x0000, 0x0000, 0x0000, 0x0000, 0x0000, 0x0000, 0x0000, 0x0000, 0x0000, 0x0000, 0x0000,
  0x0000, 0x0000, 0x0000, 0x0000, 0x0000, 0x0000, 0x0000, 0x0000, 0x0000, 0x0000, 0x0000, 0x0840,
  0xF5E0, 0xEDE0, 0xE540, 0xED60, 0xF580, 0xE541, 0xFEE2, 0xFEE3, 0xFEE3, 0xFEE3, 0xFEE3, 0xFEE3,
  0xFEE3, 0xFEE3, 0xFEE3, 0xFEE3, 0xFEE3, 0xFEE3, 0xFEE3, 0xFEE3, 0xFEE3, 0xFEE3, 0xFEE3, 0xFEE3,
  0xFEE3, 0xFEE3, 0xFEE3, 0xFEE3, 0xFEE2, 0xFF71, 0xFF72, 0xFF72, 0xFF73, 0xFF72, 0xFF52, 0xFF51,
  0xFEE2, 0xFEE3, 0xFEE3, 0xFEE3, 0xFEE3, 0xFEE3, 0xFEE3, 0xFEE3, 0xFEE3, 0xFEE3, 0xFEE3, 0xFEE3,
  0xFEE3, 0xFEE3, 0xFEE3, 0xFEE3, 0xFEE3, 0xFEE3, 0xFEE3, 0xFEE3, 0xFEE3, 0xFEE3, 0xFEE3, 0xFEE3,
  0xFEE3, 0xFEE3, 0xFEE3, 0xFEE3, 0xFEE3, 0xFEE3, 0xFEE3, 0xFEE3, 0xFEE3, 0xFEE3, 0xFEE3, 0xFEE3,
  0xFEE3, 0xFF03, 0xFEE3, 0xFEE3, 0xFEE3, 0xFEE3, 0xFEE3, 0xFEE3, 0xFEE3, 0xFF03, 0xFEE3, 0xFEE3,
  0xFEE3, 0xFEE3, 0xFEE3, 0xFEE3, 0xFEE3, 0xFEE3, 0xFEE3, 0xFEE3, 0xFE02, 0xFE22, 0xFE22, 0xFE02,
  0xFE02, 0xFE22, 0xFE22, 0xFE22, 0xFE22, 0xFE22, 0xFE22, 0xFE02, 0xFE02, 0xFE22, 0xFE22, 0xFE01,
  0xCC40, 0xD440, 0xD440, 0xA320, 0x0000, 0x0000, 0x0000, 0x0000, 0x0000, 0x0000, 0x0000, 0x0000,
  0x0000, 0x0000, 0x0000, 0x0000, 0x0000, 0x0000, 0x0000, 0x0000, 0x0000, 0x0000, 0x0000, 0x0000,
  0x0000, 0x0000, 0x0000, 0x0000, 0x0000, 0x0000, 0x0000, 0x0000, 0x0000, 0x0000, 0x0000, 0x0000,
  0x0000, 0x0000, 0x0000, 0x0000, 0x0000, 0x0000, 0x0000, 0x0000, 0x0000, 0x0000, 0x0000, 0x0000,
  0x0000, 0x0000, 0x0000, 0x0000, 0x0000, 0x0000, 0x0000, 0x0000, 0x0000, 0x0000, 0x0000, 0x0000,
  0x0000, 0x0000, 0x0000, 0x0000, 0x0000, 0x0000, 0x0000, 0x0000, 0x0000, 0x0000, 0x0000, 0x0000,
  0x0000, 0x0000, 0x0000, 0x0000, 0x0000, 0x0000, 0x0000, 0x0000, 0x0000, 0x0000, 0x0000, 0x0000,
  0x0000, 0x0000, 0x0000, 0x0000, 0x0000, 0x0000, 0x0000, 0x0000, 0x0000, 0x0000, 0x0000, 0x0000,
  0x0000, 0x0000, 0x0000, 0x0000, 0x0000, 0x0000, 0x0000, 0x0000, 0x0000, 0x0000, 0x0000, 0x0000,
  0x0000, 0x0000, 0x0000, 0x0000, 0x0000, 0x0000, 0x0000, 0x0000, 0x0000, 0x0000, 0x0000, 0x0000,
  0x0000, 0x0000, 0x0000, 0x0000, 0x0000, 0x0000, 0x0000, 0x0000, 0x0000, 0x0000, 0x0000, 0x0000,
  0x0000, 0x0000, 0xDDA0, 0xED60, 0xED80, 0xE541, 0xFEE2, 0xFEE3, 0xFEE3, 0xFEE3, 0xFEE3, 0xFEE3,
  0xFEE3, 0xFEE3, 0xFEE3, 0xFEE3, 0xFEE3, 0xFEE3, 0xFEE3, 0xFEE3, 0xFEE3, 0xFEE3, 0xFEE3, 0xFEE3,
  0xFEE3, 0xFEE3, 0xFEE3, 0xFEE3, 0xFEE2, 0xFF71, 0xFF93, 0xFF93, 0xFF72, 0xFF72, 0xFF72, 0xFF72,
  0xFEE3, 0xFEE3, 0xFEE3, 0xFEE3, 0xFEE3, 0xFEE3, 0xFEE3, 0xFEE3, 0xFEE3, 0xFEE3, 0xFEE3, 0xFEE3,
  0xFEE3, 0xFEE3, 0xFEE3, 0xFEE3, 0xFEE3, 0xFEE3, 0xFEE3, 0xFEE3, 0xFEE3, 0xFEE3, 0xFEE3, 0xFEE3,
  0xFEE3, 0xFEE3, 0xFF03, 0xFEE3, 0xFEE3, 0xFEE3, 0xFEE3, 0xFEE3, 0xFEE3, 0xFEE3, 0xFEE3, 0xFF03,
  0xFEE3, 0xFEE3, 0xFEE3, 0xFF03, 0xFF03, 0xFEE3, 0xFF03, 0xFEE3, 0xFEE3, 0xFEE3, 0xFEE3, 0xFEE3,
  0xFEE3, 0xFEE3, 0xFEE3, 0xFEE3, 0xFEE3, 0xFEE3, 0xFEE3, 0xFEE3, 0xFE02, 0xFE22, 0xFE02, 0xFE02,
  0xFE02, 0xFE22, 0xFE02, 0xFE02, 0xFE02, 0xFE22, 0xFE22, 0xFE22, 0xFE22, 0xFE22, 0xFE02, 0xFE01,
  0xD440, 0xD460, 0xDC80, 0xA340, 0x0000, 0x0000, 0x0000, 0x0000, 0x0000, 0x0000, 0x0000, 0x0000,
  0x0000, 0x0000, 0x0000, 0x0000, 0x0000, 0x0000, 0x0000, 0x0000, 0x0000, 0x0000, 0x0000, 0x0000,
  0x0000, 0x0000, 0x0000, 0x0000, 0x0000, 0x0000, 0x0000, 0x0000, 0x0000, 0x0000, 0x0000, 0x0000,
  0x0000, 0x0000, 0x0000, 0x0000, 0x0000, 0x0000, 0x0000, 0x0000, 0x0000, 0x0000, 0x0000, 0x0000,
  0x0000, 0x0000, 0x0000, 0x0000, 0x0000, 0x0000, 0x0000, 0x0000, 0x0000, 0x0000, 0x0000, 0x0000,
  0x0000, 0x0000, 0x0000, 0x0000, 0x0000, 0x0000, 0x0000, 0x0000, 0x0000, 0x0000, 0x0000, 0x0000,
  0x0000, 0x0000, 0x0000, 0x0000, 0x0000, 0x0000, 0x0000, 0x0000, 0x0000, 0x0000, 0x0000, 0x0000,
  0x0000, 0x0000, 0x0000, 0x0000, 0x0000, 0x0000, 0x0000, 0x0000, 0x0000, 0x0000, 0x0000, 0x0000,
  0x0000, 0x0000, 0x0000, 0x0000, 0x0000, 0x0000, 0x0000, 0x0000, 0x0000, 0x0000, 0x0000, 0x0000,
  0x0000, 0x0000, 0x0000, 0x0000, 0x0000, 0x0000, 0x0000, 0x0000, 0x0000, 0x0000, 0x0000, 0x0000,
  0x0000, 0x0000, 0x0000, 0x0000, 0x0000, 0x0000, 0x0000, 0x0000, 0x0000, 0x0000, 0x0000, 0x0000,
  0x0000, 0x0000, 0xDDA0, 0xED40, 0xED60, 0xED80, 0xFEA2, 0xFEA3, 0xFEA3, 0xFEC3, 0xFEE3, 0xFF03,
  0xFF03, 0xFEE3, 0xFEE3, 0xFEE3, 0xFEE3, 0xFEE3, 0xFEE3, 0xFEE3, 0xFEE3, 0xFEE3, 0xFEE3, 0xFEE3,
  0xFEE3, 0xFEE3, 0xFEE3, 0xFEE3, 0xFEE3, 0xFF27, 0xFF29, 0xFF2A, 0xFF72, 0xFF72, 0xFF72, 0xFF72,
  0xFF09, 0xFEE4, 0xFEE3, 0xFEE3, 0xFEE3, 0xFEE3, 0xFEE3, 0xFEE3, 0xFEE3, 0xFEE3, 0xFEE3, 0xFEE3,
  0xFEE3, 0xFEE3, 0xFEE3, 0xFEE3, 0xFF03, 0xFEE3, 0xFEE3, 0xFEE3, 0xFEE3, 0xFEE3, 0xFEE3, 0xFEE3,
  0xFEE3, 0xFEE3, 0xFEE3, 0xFEE3, 0xFEE3, 0xFEE3, 0xFEE3, 0xFEE3, 0xFEE3, 0xFEE3, 0xFEE3, 0xFEE3,
  0xFEE3, 0xFEE3, 0xFEE3, 0xFEE3, 0xFF03, 0xFEE3, 0xFEE3, 0xFEE3, 0xFF03, 0xFEE3, 0xFF03, 0xFEE3,
  0xFEE3, 0xFF03, 0xFEE3, 0xFEE3, 0xFEE3, 0xFEE3, 0xFEE3, 0xFEE3, 0xFE22, 0xFE02, 0xFE02, 0xFE02,
  0xFE22, 0xFE02, 0xFE02, 0xFE02, 0xFE02, 0xFE22, 0xFE22, 0xFE22, 0xFE22, 0xFE22, 0xFE02, 0xFE22,
  0xD440, 0xD460, 0xD460, 0xBBC0, 0x8280, 0x82A0, 0x7220, 0x0000, 0x0000, 0x0000, 0x0000, 0x0000,
  0x0000, 0x0000, 0x0000, 0x0000, 0x0000, 0x0000, 0x0000, 0x0000, 0x0000, 0x0000, 0x0000, 0x0000,
  0x0000, 0x0000, 0x0000, 0x0000, 0x0000, 0x0000, 0x0000, 0x0000, 0x0000, 0x0000, 0x0000, 0x0000,
  0x0000, 0x0000, 0x0000, 0x0000, 0x0000, 0x0000, 0x0000, 0x0000, 0x0000, 0x0000, 0x0000, 0x0000,
  0x0000, 0x0000, 0x0000, 0x0000, 0x0000, 0x0000, 0x0000, 0x0000, 0x0000, 0x0000, 0x0000, 0x0000,
  0x0000, 0x0000, 0x0000, 0x0000, 0x0000, 0x0000, 0x0000, 0x0000, 0x0000, 0x0000, 0x0000, 0x0000,
  0x0000, 0x0000, 0x0000, 0x0000, 0x0000, 0x0000, 0x0000, 0x0000, 0x0000, 0x0000, 0x0000, 0x0000,
  0x0000, 0x0000, 0x0000, 0x0000, 0x0000, 0x0000, 0x0000, 0x0000, 0x0000, 0x0000, 0x0000, 0x0000,
  0x0000, 0x0000, 0x0000, 0x0000, 0x0000, 0x0000, 0x0000, 0x0000, 0x0000, 0x0000, 0x0000, 0x0000,
  0x0000, 0x0000, 0x0000, 0x0000, 0x0000, 0x0000, 0x0000, 0x0000, 0x0000, 0x0000, 0x0000, 0x0000,
  0x0000, 0x0000, 0x0000, 0x0000, 0x0000, 0x0000, 0x0000, 0x0000, 0x0000, 0x0000, 0x0000, 0x0000,
  0x0000, 0x0000, 0x0000, 0x0820, 0x0820, 0xC480, 0xED60, 0xED60, 0xE540, 0xFE61, 0xFEE3, 0xFEE3,
  0xFEE3, 0xFEE3, 0xFEE3, 0xFEE3, 0xFEE3, 0xFEE3, 0xFEE3, 0xFEE3, 0xFEE3, 0xFEE3, 0xFEE3, 0xFEE3,
  0xFEE3, 0xFEE3, 0xFF03, 0xFEE3, 0xFEE3, 0xFEE3, 0xFEE3, 0xFEE3, 0xFF70, 0xFF71, 0xFF72, 0xFF72,
  0xFF72, 0xFF29, 0xFEE4, 0xFEE6, 0xFEE3, 0xFEE3, 0xFEE3, 0xFEE3, 0xFEE3, 0xFEE3, 0xFEE3, 0xFEE3,
  0xFEE3, 0xFEE3, 0xFEE3, 0xFEE3, 0xFEE3, 0xFEE3, 0xFEE3, 0xFEE3, 0xFEE3, 0xFEE3, 0xFEE3, 0xFEE3,
  0xFEE3, 0xFEE3, 0xFF03, 0xFEE3, 0xFEE3, 0xFEE3, 0xFEE3, 0xFEE3, 0xFEE3, 0xFEE3, 0xFEE3, 0xFF03,
  0xFEE3, 0xFEE3, 0xFEE3, 0xFEE3, 0xFEE3, 0xFEE3, 0xFEE3, 0xFEE3, 0xFEE3, 0xFEE3, 0xFEE3, 0xFF03,
  0xFEE3, 0xFEE3, 0xFEE3, 0xFEE3, 0xFEE3, 0xFEE3, 0xFEE3, 0xFEE3, 0xFEE3, 0xFEE3, 0xFEE3, 0xFE82,
  0xFE02, 0xFE02, 0xFE02, 0xFE22, 0xFE02, 0xFE02, 0xFE02, 0xFE22, 0xFE22, 0xFE22, 0xFE22, 0xFE02,
  0xFE22, 0xFE22, 0xFE02, 0xCC00, 0xD440, 0xD460, 0xBBE0, 0x0000, 0x0000, 0x0000, 0x0000, 0x0000,
  0x0000, 0x0000, 0x0000, 0x0000, 0x0000, 0x0000, 0x0000, 0x0000, 0x0000, 0x0000, 0x0000, 0x0000,
  0x0000, 0x0000, 0x0000, 0x0000, 0x0000, 0x0000, 0x0000, 0x0000, 0x0000, 0x0000, 0x0000, 0x0000,
  0x0000, 0x0000, 0x0000, 0x0000, 0x0000, 0x0000, 0x0000, 0x0000, 0x0000, 0x0000, 0x0000, 0x0000,
  0x0000, 0x0000, 0x0000, 0x0000, 0x0000, 0x0000, 0x0000, 0x0000, 0x0000, 0x0000, 0x0000, 0x0000,
  0x0000, 0x0000, 0x0000, 0x0000, 0x0000, 0x0000, 0x0000, 0x0000, 0x0000, 0x0000, 0x0000, 0x0000,
  0x0000, 0x0000, 0x0000, 0x0000, 0x0000, 0x0000, 0x0000, 0x0000, 0x0000, 0x0000, 0x0000, 0x0000,
  0x0000, 0x0000, 0x0000, 0x0000, 0x0000, 0x0000, 0x0000, 0x0000, 0x0000, 0x0000, 0x0000, 0x0000,
  0x0000, 0x0000, 0x0000, 0x0000, 0x0000, 0x0000, 0x0000, 0x0000, 0x0000, 0x0000, 0x0000, 0x0000,
  0x0000, 0x0000, 0x0000, 0x0000, 0x0000, 0x0000, 0x0000, 0x0000, 0x0000, 0x0000, 0x0000, 0x0000,
  0x0000, 0x0000, 0x0000, 0x0000, 0x0000, 0x0000, 0x0000, 0x0000, 0x0000, 0x0000, 0x0000, 0x0000,
  0x0000, 0x0000, 0x0000, 0x0000, 0x0000, 0xD500, 0xED60, 0xE540, 0xED40, 0xFE62, 0xFEE3, 0xFEE3,
  0xFEE3, 0xFEE3, 0xFEE3, 0xFEE3, 0xFEE3, 0xFEE3, 0xFEE3, 0xFEE3, 0xFEE3, 0xFEE3, 0xFEE3, 0xFEE3,
  0xFEE3, 0xFEE3, 0xFEE3, 0xFEE3, 0xFEE3, 0xFEE3, 0xFEE3, 0xFEE3, 0xFF70, 0xFF71, 0xFF72, 0xFF72,
  0xFF50, 0xFF06, 0xFF07, 0xFF08, 0xFEE4, 0xFEE3, 0xFEE3, 0xFEE3, 0xFEE3, 0xFEE3, 0xFEE3, 0xFEE3,
  0xFEE3, 0xFEE3, 0xFEE3, 0xFEE3, 0xFEE3, 0xFEE3, 0xFEE3, 0xFEE3, 0xFEE3, 0xFEE3, 0xFEE3, 0xFEE3,
  0xFEE3, 0xFEE3, 0xFEE3, 0xFF03, 0xFF03, 0xFEE3, 0xFEE3, 0xFEE3, 0xFF03, 0xFF03, 0xFEE3, 0xFEE3,
  0xFEE3, 0xFEE3, 0xFEE3, 0xFEE3, 0xFEE3, 0xFEE3, 0xFEE3, 0xFEE3, 0xFEE3, 0xFEE3, 0xFF03, 0xFEE3,
  0xFEE3, 0xFEE3, 0xFEE3, 0xFEE3, 0xFEE3, 0xFEE3, 0xFEE3, 0xFEE3, 0xFEE3, 0xFEE3, 0xFEE3, 0xFE62,
  0xFE02, 0xFE02, 0xFE02, 0xFE22, 0xFE02, 0xFE02, 0xFE02, 0xFE02, 0xFE22, 0xFE22, 0xFE22, 0xFE02,
  0xFE22, 0xFE22, 0xFE01, 0xCC00, 0xD460, 0xDC80, 0xBC00, 0x0000, 0x0000, 0x0000, 0x0000, 0x0000,
  0x0000, 0x0000, 0x0000, 0x0000, 0x0000, 0x0000, 0x0000, 0x0000, 0x0000, 0x0000, 0x0000, 0x0000,
  0x0000, 0x0000, 0x0000, 0x0000, 0x0000, 0x0000, 0x0000, 0x0000, 0x0000, 0x0000, 0x0000, 0x0000,
  0x0000, 0x0000, 0x0000, 0x0000, 0x0000, 0x0000, 0x0000, 0x0000, 0x0000, 0x0000, 0x0000, 0x0000,
  0x0000, 0x0000, 0x0000, 0x0000, 0x0000, 0x0000, 0x0000, 0x0000, 0x0000, 0x0000, 0x0000, 0x0000,
  0x0000, 0x0000, 0x0000, 0x0000, 0x0000, 0x0000, 0x0000, 0x0000, 0x0000, 0x0000, 0x0000, 0x0000,
  0x0000, 0x0000, 0x0000, 0x0000, 0x0000, 0x0000, 0x0000, 0x0000, 0x0000, 0x0000, 0x0000, 0x0000,
  0x0000, 0x0000, 0x0000, 0x0000, 0x0000, 0x0000, 0x0000, 0x0000, 0x0000, 0x0000, 0x0000, 0x0000,
  0x0000, 0x0000, 0x0000, 0x0000, 0x0000, 0x0000, 0x0000, 0x0000, 0x0000, 0x0000, 0x0000, 0x0000,
  0x0000, 0x0000, 0x0000, 0x0000, 0x0000, 0x0000, 0x0000, 0x0000, 0x0000, 0x0000, 0x0000, 0x0000,
  0x0000, 0x0000, 0x0000, 0x0000, 0x0000, 0x0000, 0x0000, 0x0000, 0x0000, 0x0000, 0x0000, 0x0000,
  0x0000, 0x0000, 0x0000, 0x0000, 0x0000, 0xDD20, 0xED60, 0xED40, 0xED41, 0xFE62, 0xFEC3, 0xFEE3,
  0xFF03, 0xFEE3, 0xFEE3, 0xFEE3, 0xFEE3, 0xFEE3, 0xFEE3, 0xFEE3, 0xFEE3, 0xFEE3, 0xFEE3, 0xFEE3,
  0xFEE3, 0xFEE3, 0xFEE3, 0xFEE3, 0xFEE3, 0xFEE3, 0xFEE3, 0xFEE3, 0xFF71, 0xFF73, 0xFF73, 0xFF73,
  0xFF51, 0xFF06, 0xFF06, 0xFF05, 0xFEE4, 0xFEE2, 0xFEE2, 0xFEE3, 0xFEE3, 0xFEE3, 0xFEE3, 0xFEE3,
  0xFEE3, 0xFEE3, 0xFEE3, 0xFEE3, 0xFEE3, 0xFEE3, 0xFEE3, 0xFF03, 0xFEE3, 0xFEE3, 0xFEE3, 0xFF03,
  0xFEE3, 0xFF03, 0xFEE3, 0xFEE3, 0xFF03, 0xFEE3, 0xFEE3, 0xFEE3, 0xFEE3, 0xFEE3, 0xFEE3, 0xFEE3,
  0xFEE3, 0xFEE3, 0xFEE3, 0xFEE3, 0xFEE3, 0xFF03, 0xFEE3, 0xFEE3, 0xFEE3, 0xFEE3, 0xFEE3, 0xFEE3,
  0xFF03, 0xFEE3, 0xFEE3, 0xFEE3, 0xFEE3, 0xFEE3, 0xFEE3, 0xFEE3, 0xFEE3, 0xFEE3, 0xFEE3, 0xFE62,
  0xFDE2, 0xFDE2, 0xFE02, 0xFE02, 0xFE02, 0xFE02, 0xFE02, 0xFE02, 0xFE22, 0xFE22, 0xFE22, 0xFE02,
  0xFE22, 0xFE22, 0xFE02, 0xD420, 0xDC80, 0xD460, 0xC400, 0x0000, 0x0020, 0x0000, 0x0000, 0x0000,
  0x0000, 0x0000, 0x0000, 0x0000, 0x0000, 0x0000, 0x0000, 0x0000, 0x0000, 0x0000, 0x0000, 0x0000,
  0x0000, 0x0000, 0x0000, 0x0000, 0x0000, 0x0000, 0x0000, 0x0000, 0x0000, 0x0000, 0x0000, 0x0000,
  0x0000, 0x0000, 0x0000, 0x0000, 0x0000, 0x0000, 0x0000, 0x0000, 0x0000, 0x0000, 0x0000, 0x0000,
  0x0000, 0x0000, 0x0000, 0x0000, 0x0000, 0x0000, 0x0000, 0x0000, 0x0000, 0x0000, 0x0000, 0x0000,
  0x0000, 0x0000, 0x0000, 0x0000, 0x0000, 0x0000, 0x0000, 0x0000, 0x0000, 0x0000, 0x0000, 0x0000,
  0x0000, 0x0000, 0x0000, 0x0000, 0x0000, 0x0000, 0x0000, 0x0000, 0x0000, 0x0000, 0x0000, 0x0000,
  0x0000, 0x0000, 0x0000, 0x0000, 0x0000, 0x0000, 0x0000, 0x0000, 0x0000, 0x0000, 0x0000, 0x0000,
  0x0000, 0x0000, 0x0000, 0x0000, 0x0000, 0x0000, 0x0000, 0x0000, 0x0000, 0x0000, 0x0000, 0x0000,
  0x0000, 0x0000, 0x0000, 0x0000, 0x0000, 0x0000, 0x0000, 0x0000, 0x0000, 0x0000, 0x0000, 0x0000,
  0x0000, 0x0000, 0x0000, 0x0000, 0x0000, 0x0000, 0x0000, 0x0000, 0x0000, 0x0000, 0x0000, 0x0000,
  0x0000, 0x0000, 0x0000, 0x0000, 0x0000, 0xE560, 0xED80, 0xED60, 0xED60, 0xFE01, 0xFE01, 0xFE02,
  0xFE22, 0xFF03, 0xFEE3, 0xFEE3, 0xFEE3, 0xFEE3, 0xFEE3, 0xFEE3, 0xFEE3, 0xFEE3, 0xFEE3, 0xFEE3,
  0xFEE3, 0xFEE3, 0xFEE3, 0xFEE3, 0xFEE3, 0xFEE3, 0xFEE3, 0xFEE3, 0xFEE3, 0xFEE3, 0xFEE3, 0xFEC2,
  0xFEC3, 0xFF72, 0xFF72, 0xFF72, 0xFF72, 0xFF52, 0xFF50, 0xFEE2, 0xFEE2, 0xFEE3, 0xFEE3, 0xFEE3,
  0xFEE3, 0xFEE3, 0xFEE3, 0xFEE3, 0xFEE3, 0xFEE3, 0xFEE3, 0xFEE3, 0xFEE3, 0xFEE3, 0xFEE3, 0xFEE3,
  0xFEE3, 0xFEE3, 0xFEE3, 0xFEE3, 0xFEE3, 0xFEE3, 0xFF03, 0xFF03, 0xFEE3, 0xFEE3, 0xFEE3, 0xFF03,
  0xFEE3, 0xFEE3, 0xFEE3, 0xFEE3, 0xFEE3, 0xFEE3, 0xFEE3, 0xFEE3, 0xFEE3, 0xFEE3, 0xFEE3, 0xFEE3,
  0xFEE3, 0xFEE3, 0xFEE3, 0xFF03, 0xFEE3, 0xFEE3, 0xFEE3, 0xFEE3, 0xFEE3, 0xFEE3, 0xFEE3, 0xFEE3,
  0xFEE3, 0xFEC3, 0xFEE3, 0xFE02, 0xFE01, 0xFE02, 0xFE02, 0xFE22, 0xFE02, 0xFE02, 0xFE22, 0xFE22,
  0xFE02, 0xFE02, 0xFE22, 0xFE22, 0xFE22, 0xFE01, 0xE520, 0xDC80, 0xDC60, 0xE4E0, 0x0000, 0x0000,
  0x0000, 0x0000, 0x0000, 0x0000, 0x0000, 0x0000, 0x0000, 0x0000, 0x0000, 0x0000, 0x0000, 0x0000,
  0x0000, 0x0000, 0x0000, 0x0000, 0x0000, 0x0000, 0x0000, 0x0000, 0x0000, 0x0000, 0x0000, 0x0000,
  0x0000, 0x0000, 0x0000, 0x0000, 0x0000, 0x0000, 0x0000, 0x0000, 0x0000, 0x0000, 0x0000, 0x0000,
  0x0000, 0x0000, 0x0000, 0x0000, 0x0000, 0x0000, 0x0000, 0x0000, 0x0000, 0x0000, 0x0000, 0x0000,
  0x0000, 0x0000, 0x0000, 0x0000, 0x0000, 0x0000, 0x0000, 0x0000, 0x0000, 0x0000, 0x0000, 0x0000,
  0x0000, 0x0000, 0x0000, 0x0000, 0x0000, 0x0000, 0x0000, 0x0000, 0x0000, 0x0000, 0x0000, 0x0000,
  0x0000, 0x0000, 0x0000, 0x0000, 0x0000, 0x0000, 0x0000, 0x0000, 0x0000, 0x0000, 0x0000, 0x0000,
  0x0000, 0x0000, 0x0000, 0x0000, 0x0000, 0x0000, 0x0000, 0x0000, 0x0000, 0x0000, 0x0000, 0x0000,
  0x0000, 0x0000, 0x0000, 0x0000, 0x0000, 0x0000, 0x0000, 0x0000, 0x0000, 0x0000, 0x0000, 0x0000,
  0x0000, 0x0000, 0x0000, 0x0000, 0x0000, 0x0000, 0x0000, 0x0000, 0x0000, 0x0000, 0x0000, 0x0000,
  0x0000, 0x0000, 0x0000, 0x0000, 0x0000, 0xE560, 0xED60, 0xED60, 0xED80, 0xFE01, 0xFE02, 0xFE22,
  0xFE22, 0xFEE3, 0xFEE3, 0xFEE3, 0xFEE3, 0xFEE3, 0xFEE3, 0xFEE3, 0xFEE3, 0xFEE3, 0xFEE3, 0xFEE3,
  0xFF03, 0xFEE3, 0xFEE3, 0xFEE3, 0xFEE3, 0xFEE3, 0xFEE3, 0xFEE3, 0xFEE3, 0xFEE3, 0xFEE3, 0xFEC3,
  0xFEE4, 0xFF73, 0xFF71, 0xFF51, 0xFF51, 0xFF52, 0xFF51, 0xFEE2, 0xFEC3, 0xFEE3, 0xFEE3, 0xFEE3,
  0xFEE3, 0xFEE3, 0xFEE3, 0xFEE3, 0xFEE3, 0xFEE3, 0xFEE3, 0xFEE3, 0xFEE3, 0xFEE3, 0xFF03, 0xFEE3,
  0xFF03, 0xFF03, 0xFEE3, 0xFEE3, 0xFF03, 0xFEE3, 0xFF03, 0xFEE3, 0xFEE3, 0xFEE3, 0xFEE3, 0xFEE3,
  0xFF03, 0xFEE3, 0xFEE3, 0xFEE3, 0xFEE3, 0xFEE3, 0xFEE3, 0xFEE3, 0xFEE3, 0xFEE3, 0xFEE3, 0xFEE3,
  0xFEE3, 0xFEE3, 0xFF03, 0xFEE3, 0xFF03, 0xFEE3, 0xFF03, 0xFEE3, 0xFEE3, 0xFEE3, 0xFEE3, 0xFEE3,
  0xFEE3, 0xFEE3, 0xFF03, 0xFE01, 0xFDE1, 0xFE02, 0xFE02, 0xFE22, 0xFE02, 0xFE02, 0xFE02, 0xFE22,
  0xFE22, 0xFE22, 0xFE22, 0xFE22, 0xFE22, 0xFE02, 0xE501, 0xDC60, 0xD460, 0xE4C0, 0x0000, 0x0000,
  0x0000, 0x0000, 0x0000, 0x0000, 0x0000, 0x0000, 0x0000, 0x0000, 0x0000, 0x0000, 0x0000, 0x0000,
  0x0000, 0x0000, 0x0000, 0x0000, 0x0000, 0x0000, 0x0000, 0x0000, 0x0000, 0x0000, 0x0000, 0x0000,
  0x0000, 0x0000, 0x0000, 0x0000, 0x0000, 0x0000, 0x0000, 0x0000, 0x0000, 0x0000, 0x0000, 0x0000,
  0x0000, 0x0000, 0x0000, 0x0000, 0x0000, 0x0000, 0x0000, 0x0000, 0x0000, 0x0000, 0x0000, 0x0000,
  0x0000, 0x0000, 0x0000, 0x0000, 0x0000, 0x0000, 0x0000, 0x0000, 0x0000, 0x0000, 0x0000, 0x0000,
  0x0000, 0x0000, 0x0000, 0x0000, 0x0000, 0x0000, 0x0000, 0x0000, 0x0000, 0x0000, 0x0000, 0x0000,
  0x0000, 0x0000, 0x0000, 0x0000, 0x0000, 0x0000, 0x0000, 0x0000, 0x0000, 0x0000, 0x0000, 0x0000,
  0x0000, 0x0000, 0x0000, 0x0000, 0x0000, 0x0000, 0x0000, 0x0000, 0x0000, 0x0000, 0x0000, 0x0000,
  0x0000, 0x0000, 0x0000, 0x0000, 0x0000, 0x0000, 0x0000, 0x0000, 0x0000, 0x0000, 0x0000, 0x0000,
  0x0000, 0x0000, 0x0000, 0x0000, 0x0000, 0x0000, 0x0000, 0x0000, 0x0000, 0x0000, 0x0000, 0x0000,
  0x0000, 0x0000, 0x0000, 0x0000, 0x0000, 0xE560, 0xED40, 0xED40, 0xED80, 0xFE22, 0xFE22, 0xFE23,
  0xFE22, 0xFEE3, 0xFEE3, 0xFEE3, 0xFEE3, 0xFF03, 0xFEE3, 0xFEE3, 0xFF03, 0xFEE3, 0xFEE3, 0xFEE3,
  0xFF03, 0xFEE3, 0xFEE3, 0xFEE3, 0xFF03, 0xFEE3, 0xFEE3, 0xFEE3, 0xFEE3, 0xFEE3, 0xFEE3, 0xFEE3,
  0xFEE4, 0xFF72, 0xFF50, 0xFF51, 0xFF51, 0xFF51, 0xFF50, 0xFEC2, 0xFEE3, 0xFEC3, 0xFEE3, 0xFEE3,
  0xFEE3, 0xFEE3, 0xFEE3, 0xFEE3, 0xFEE3, 0xFEE3, 0xFEE3, 0xFEE3, 0xFEE3, 0xFEE3, 0xFEE3, 0xFF03,
  0xFF03, 0xFEE3, 0xFEE3, 0xFEE3, 0xFEE3, 0xFEE3, 0xFF03, 0xFEE3, 0xFEE3, 0xFEE3, 0xFEE3, 0xFEE3,
  0xFEE3, 0xFEE3, 0xFEE3, 0xFEE3, 0xFEE3, 0xFEE3, 0xFEE3, 0xFEE3, 0xFEE3, 0xFEE3, 0xFEE3, 0xFEE3,
  0xFEE3, 0xFEE3, 0xFF03, 0xFEE3, 0xFEE3, 0xFEE3, 0xFEE3, 0xFEE3, 0xFEE3, 0xFEE3, 0xFEE3, 0xFEE3,
  0xFEE3, 0xFEE3, 0xFF03, 0xFE02, 0xFE02, 0xFE02, 0xFE02, 0xFE02, 0xFE02, 0xFE02, 0xFE02, 0xFE22,
  0xFE22, 0xFE22, 0xFE22, 0xFE22, 0xFE22, 0xFE22, 0xE521, 0xD460, 0xDC60, 0xE4C0, 0x0820, 0x0820,
  0x0000, 0x0000, 0x0000, 0x0000, 0x0000, 0x0000, 0x0000, 0x0000, 0x0000, 0x0000, 0x0000, 0x0000,
  0x0000, 0x0000, 0x0000, 0x0000, 0x0000, 0x0000, 0x0000, 0x0000, 0x0000, 0x0000, 0x0000, 0x0000,
  0x0000, 0x0000, 0x0000, 0x0000, 0x0000, 0x0000, 0x0000, 0x0000, 0x0000, 0x0000, 0x0000, 0x0000,
  0x0000, 0x0000, 0x0000, 0x0000, 0x0000, 0x0000, 0x0000, 0x0000, 0x0000, 0x0000, 0x0000, 0x0000,
  0x0000, 0x0000, 0x0000, 0x0000, 0x0000, 0x0000, 0x0000, 0x0000, 0x0000, 0x0000, 0x0000, 0x0000,
  0x0000, 0x0000, 0x0000, 0x0000, 0x0000, 0x0000, 0x0000, 0x0000, 0x0000, 0x0000, 0x0000, 0x0000,
  0x0000, 0x0000, 0x0000, 0x0000, 0x0000, 0x0000, 0x0000, 0x0000, 0x0000, 0x0000, 0x0000, 0x0000,
  0x0000, 0x0000, 0x0000, 0x0000, 0x0000, 0x0000, 0x0000, 0x0000, 0x0000, 0x0000, 0x0000, 0x0000,
  0x0000, 0x0000, 0x0000, 0x0000, 0x0000, 0x0000, 0x0000, 0x0000, 0x0000, 0x0000, 0x0000, 0x0000,
  0x0000, 0x0000, 0x0000, 0x0000, 0x0000, 0x0000, 0x0000, 0x0000, 0x0000, 0x0000, 0x0000, 0x0000,
  0x0000, 0x0000, 0x0000, 0x0000, 0x0000, 0xDD20, 0xDCE0, 0xDCE0, 0xED60, 0xF580, 0xF580, 0xED80,
  0xFE01, 0xFE02, 0xFE22, 0xFE22, 0xFF03, 0xFEE3, 0xFEE3, 0xFEE3, 0xFEE3, 0xFF03, 0xFEE3, 0xFEE3,
  0xFEE3, 0xFEE3, 0xFEE3, 0xFEE3, 0xFEE3, 0xFEE3, 0xFEE3, 0xFEE3, 0xFEE3, 0xFEE3, 0xFEE3, 0xFEE3,
  0xFEE3, 0xFEE3, 0xFEC2, 0xFEE2, 0xFEE3, 0xFEC3, 0xFEE3, 0xFF52, 0xFF52, 0xFF51, 0xFEE2, 0xFEE3,
  0xFEE3, 0xFEE3, 0xFEE3, 0xFEE3, 0xFEE3, 0xFEE3, 0xFEE3, 0xFEE3, 0xFEE3, 0xFEE3, 0xFF03, 0xFEE3,
  0xFEE3, 0xFEE3, 0xFEE3, 0xFF03, 0xFF03, 0xFEE3, 0xFF03, 0xFEE3, 0xFEE3, 0xFF03, 0xFEE3, 0xFEE3,
  0xFEE3, 0xFEE3, 0xFEE3, 0xFEE3, 0xFEE3, 0xFEE3, 0xFEE3, 0xFEE3, 0xFEE3, 0xFEE3, 0xFEE3, 0xFEE3,
  0xFEE3, 0xFEE3, 0xFEE3, 0xFEE3, 0xFEE3, 0xFEE3, 0xFEE3, 0xFEE3, 0xFEE3, 0xFEE3, 0xFEE3, 0xFEE3,
  0xFEE3, 0xFEE3, 0xFEE3, 0xFEE3, 0xFEE3, 0xFEE2, 0xFE01, 0xFE02, 0xFE02, 0xFE02, 0xFE02, 0xFE22,
  0xFE22, 0xFE22, 0xFE22, 0xFE22, 0xFE22, 0xFE22, 0xFE22, 0xFE22, 0xFE22, 0xFE42, 0xDCA0, 0xD480,
  0xC420, 0x0000, 0x0000, 0x0000, 0x0000, 0x0000, 0x0000, 0x0000, 0x0000, 0x0000, 0x0000, 0x0000,
  0x0000, 0x0000, 0x0000, 0x0000, 0x0000, 0x0000, 0x0000, 0x0000, 0x0000, 0x0000, 0x0000, 0x0000,
  0x0000, 0x0000, 0x0000, 0x0000, 0x0000, 0x0000, 0x0000, 0x0000, 0x0000, 0x0000, 0x0000, 0x0000,
  0x0000, 0x0000, 0x0000, 0x0000, 0x0000, 0x0000, 0x0000, 0x0000, 0x0000, 0x0000, 0x0000, 0x0000,
  0x0000, 0x0000, 0x0000, 0x0000, 0x0000, 0x0000, 0x0000, 0x0000, 0x0000, 0x0000, 0x0000, 0x0000,
  0x0000, 0x0000, 0x0000, 0x0000, 0x0000, 0x0000, 0x0000, 0x0000, 0x0000, 0x0000, 0x0000, 0x0000,
  0x0000, 0x0000, 0x0000, 0x0000, 0x0000, 0x0000, 0x0000, 0x0000, 0x0000, 0x0000, 0x0000, 0x0000,
  0x0000, 0x0000, 0x0000, 0x0000, 0x0000, 0x0000, 0x0000, 0x0000, 0x0000, 0x0000, 0x0000, 0x0000,
  0x0000, 0x0000, 0x0000, 0x0000, 0x0000, 0x0000, 0x0000, 0x0000, 0x0000, 0x0000, 0x0000, 0x0000,
  0x0000, 0x0000, 0x0000, 0x0000, 0x0000, 0x0000, 0x0000, 0x0000, 0x0000, 0x0000, 0x0000, 0x0000,
  0x0000, 0x0000, 0x0000, 0x0000, 0x0000, 0x0020, 0x0020, 0x0020, 0xB400, 0xF581, 0xED80, 0xED60,
  0xFE02, 0xFE02, 0xFE22, 0xFE22, 0xFF03, 0xFEE3, 0xFEE3, 0xFEE3, 0xFF03, 0xFF03, 0xFEE3, 0xFEE3,
  0xFEE3, 0xFEE3, 0xFEE3, 0xFEE3, 0xFEE3, 0xFEE3, 0xFEE3, 0xFEE3, 0xFEE3, 0xFEE3, 0xFEE3, 0xFEE3,
  0xFEE3, 0xFEE3, 0xFEE3, 0xFEE3, 0xFEE3, 0xFEE3, 0xFEE3, 0xFF72, 0xFF51, 0xFF72, 0xFEE2, 0xFEE3,
  0xFEE3, 0xFEE3, 0xFEE3, 0xFEE3, 0xFEE3, 0xFEE3, 0xFEE3, 0xFEE3, 0xFEE3, 0xFEE3, 0xFF03, 0xFEE3,
  0xFEE3, 0xFF03, 0xFEE3, 0xFF03, 0xFEE3, 0xFF03, 0xFF03, 0xFEE3, 0xFEE3, 0xFEE3, 0xFEE3, 0xFEE3,
  0xFEE3, 0xFEE3, 0xFEE3, 0xFEE3, 0xFEE3, 0xFEE3, 0xFEE3, 0xFEE3, 0xFEE3, 0xFEE3, 0xFEE3, 0xFEE3,
  0xFEE3, 0xFF03, 0xFEE3, 0xFEE3, 0xFEE3, 0xFEE3, 0xFEE3, 0xFEE3, 0xFEE3, 0xFEE3, 0xFEE3, 0xFEE3,
  0xFEE3, 0xFEE3, 0xFEE3, 0xFEE3, 0xFEE3, 0xFEE2, 0xFE02, 0xFE02, 0xFE01, 0xFE02, 0xFE02, 0xFE22,
  0xFE22, 0xFE22, 0xFE22, 0xFE22, 0xFE02, 0xFE22, 0xFE22, 0xFE22, 0xFE02, 0xFE01, 0xD460, 0xD460,
  0xC400, 0x0000, 0x0000, 0x0000, 0x0000, 0x0000, 0x0000, 0x0000, 0x0000, 0x0000, 0x0000, 0x0000,
  0x0000, 0x0000, 0x0000, 0x0000, 0x0000, 0x0000, 0x0000, 0x0000, 0x0000, 0x0000, 0x0000, 0x0000,
  0x0000, 0x0000, 0x0000, 0x0000, 0x0000, 0x0000, 0x0000, 0x0000, 0x0000, 0x0000, 0x0000, 0x0000,
  0x0000, 0x0000, 0x0000, 0x0000, 0x0000, 0x0000, 0x0000, 0x0000, 0x0000, 0x0000, 0x0000, 0x0000,
  0x0000, 0x0000, 0x0000, 0x0000, 0x0000, 0x0000, 0x0000, 0x0000, 0x0000, 0x0000, 0x0000, 0x0000,
  0x0000, 0x0000, 0x0000, 0x0000, 0x0000, 0x0000, 0x0000, 0x0000, 0x0000, 0x0000, 0x0000, 0x0000,
  0x0000, 0x0000, 0x0000, 0x0000, 0x0000, 0x0000, 0x0000, 0x0000, 0x0000, 0x0000, 0x0000, 0x0000,
  0x0000, 0x0000, 0x0000, 0x0000, 0x0000, 0x0000, 0x0000, 0x0000, 0x0000, 0x0000, 0x0000, 0x0000,
  0x0000, 0x0000, 0x0000, 0x0000, 0x0000, 0x0000, 0x0000, 0x0000, 0x0000, 0x0000, 0x0000, 0x0000,
  0x0000, 0x0000, 0x0000, 0x0000, 0x0000, 0x0000, 0x0000, 0x0000, 0x0000, 0x0000, 0x0000, 0x0000,
  0x0000, 0x0000, 0x0000, 0x0000, 0x0000, 0x0000, 0x0000, 0x0000, 0xAC00, 0xED60, 0xED60, 0xED60,
  0xFE01, 0xFE02, 0xFE22, 0xFE02, 0xFEE3, 0xFEE3, 0xFEE3, 0xFEE3, 0xFEE3, 0xFF03, 0xFF03, 0xFEE3,
  0xFEE3, 0xFEE3, 0xFEE3, 0xFEE3, 0xFF03, 0xFEE3, 0xFEE3, 0xFEE3, 0xFF03, 0xFEE3, 0xFEE3, 0xFEE3,
  0xFEE3, 0xFEE3, 0xFEE3, 0xFEE3, 0xFEE3, 0xFEE3, 0xFEE4, 0xFF51, 0xFF50, 0xFF73, 0xFF02, 0xFEE2,
  0xFEC2, 0xFEE3, 0xFEE3, 0xFEE3, 0xFEE3, 0xFEE3, 0xFEE3, 0xFEE3, 0xFEE3, 0xFEE3, 0xFEE3, 0xFEE3,
  0xFF03, 0xFF03, 0xFEE3, 0xFEE3, 0xFEE3, 0xFEE3, 0xFEE3, 0xFEE3, 0xFEE3, 0xFEE3, 0xFEE3, 0xFEE3,
  0xFEE3, 0xFEE3, 0xFF03, 0xFEE3, 0xFEE3, 0xFEE3, 0xFEE3, 0xFEE3, 0xFEE3, 0xFEE3, 0xFEE3, 0xFEE3,
  0xFEE3, 0xFEE3, 0xFEE3, 0xFEE3, 0xFEE3, 0xFEE3, 0xFEE3, 0xFEE3, 0xFEE3, 0xFEE3, 0xFEE3, 0xFEE3,
  0xFEE3, 0xFEE3, 0xFEE3, 0xFEE3, 0xFEE3, 0xFEE3, 0xFE02, 0xFE02, 0xFE02, 0xFE02, 0xFE02, 0xFE22,
  0xFE22, 0xFE22, 0xFE22, 0xFE22, 0xFE22, 0xFE22, 0xFE22, 0xFE22, 0xFE02, 0xFDE1, 0xD460, 0xDCA0,
  0xC420, 0x0840, 0x0840, 0x0000, 0x0000, 0x0000, 0x0000, 0x0000, 0x0000, 0x0000, 0x0000, 0x0000,
  0x0000, 0x0000, 0x0000, 0x0000, 0x0000, 0x0000, 0x0000, 0x0000, 0x0000, 0x0000, 0x0000, 0x0000,
  0x0000, 0x0000, 0x0000, 0x0000, 0x0000, 0x0000, 0x0000, 0x0000, 0x0000, 0x0000, 0x0000, 0x0000,
  0x0000, 0x0000, 0x0000, 0x0000, 0x0000, 0x0000, 0x0000, 0x0000, 0x0000, 0x0000, 0x0000, 0x0000,
  0x0000, 0x0000, 0x0000, 0x0000, 0x0000, 0x0000, 0x0000, 0x0000, 0x0000, 0x0000, 0x0000, 0x0000,
  0x0000, 0x0000, 0x0000, 0x0000, 0x0000, 0x0000, 0x0000, 0x0000, 0x0000, 0x0000, 0x0000, 0x0000,
  0x0000, 0x0000, 0x0000, 0x0000, 0x0000, 0x0000, 0x0000, 0x0000, 0x0000, 0x0000, 0x0000, 0x0000,
  0x0000, 0x0000, 0x0000, 0x0000, 0x0000, 0x0000, 0x0000, 0x0000, 0x0000, 0x0000, 0x0000, 0x0000,
  0x0000, 0x0000, 0x0000, 0x0000, 0x0000, 0x0000, 0x0000, 0x0000, 0x0000, 0x0000, 0x0000, 0x0000,
  0x0000, 0x0000, 0x0000, 0x0000, 0x0000, 0x0000, 0x0000, 0x0000, 0x0000, 0x0000, 0x0000, 0x0000,
  0x0000, 0x0000, 0x0000, 0x0000, 0x0000, 0x0000, 0x0000, 0x0000, 0xA3E0, 0xED60, 0xED60, 0xF580,
  0xED40, 0xED60, 0xF580, 0xFE02, 0xFDE1, 0xFDE2, 0xFE22, 0xFF03, 0xFEE3, 0xFEE3, 0xFEE3, 0xFEE3,
  0xFEE3, 0xFEE3, 0xFEE3, 0xFEE3, 0xFEE3, 0xFEE3, 0xFEE3, 0xFEE3, 0xFEE3, 0xFF03, 0xFEE3, 0xFEE3,
  0xFEE3, 0xFEE3, 0xFEE3, 0xFEE3, 0xFEE3, 0xFEE3, 0xFEE3, 0xFEC1, 0xFEE1, 0xFF04, 0xFFB6, 0xFF71,
  0xFF72, 0xFEE3, 0xFEE3, 0xFEE3, 0xFEE3, 0xFEE3, 0xFEE3, 0xFEE3, 0xFEE3, 0xFEE3, 0xFEE3, 0xFEE3,
  0xFEE3, 0xFEE3, 0xFEE3, 0xFF03, 0xFEE3, 0xFEE3, 0xFEE3, 0xFEE3, 0xFEE3, 0xFEE3, 0xFF03, 0xFEE3,
  0xFEE3, 0xFEE3, 0xFEE3, 0xFF03, 0xFEE3, 0xFEE3, 0xFEE3, 0xFEE3, 0xFEE3, 0xFF03, 0xFEE3, 0xFF03,
  0xFEE3, 0xFEE3, 0xFEE3, 0xFEE3, 0xFEE3, 0xFEE3, 0xFEE3, 0xFEE3, 0xFEE3, 0xFEE3, 0xFEE3, 0xFEE3,
  0xFEE3, 0xFEE3, 0xFEE3, 0xFEE3, 0xFEE3, 0xFEE3, 0xFEE3, 0xFEE3, 0xFEE3, 0xFEC3, 0xFEC3, 0xFEC3,
  0xFE22, 0xFE22, 0xFE22, 0xFE22, 0xFE22, 0xFE22, 0xFE22, 0xFE22, 0xFE22, 0xFE22, 0xFDE2, 0xFE02,
  0xFE42, 0xE4C0, 0xE4C0, 0xE4C0, 0x0000, 0x0000, 0x0000, 0x0000, 0x0000, 0x0000, 0x0000, 0x0000,
  0x0000, 0x0000, 0x0000, 0x0000, 0x0000, 0x0000, 0x0000, 0x0000, 0x0000, 0x0000, 0x0000, 0x0000,
  0x0000, 0x0000, 0x0000, 0x0000, 0x0000, 0x0000, 0x0000, 0x0000, 0x0000, 0x0000, 0x0000, 0x0000,
  0x0000, 0x0000, 0x0000, 0x0000, 0x0000, 0x0000, 0x0000, 0x0000, 0x0000, 0x0000, 0x0000, 0x0000,
  0x0000, 0x0000, 0x0000, 0x0000, 0x0000, 0x0000, 0x0000, 0x0000, 0x0000, 0x0000, 0x0000, 0x0000,
  0x0000, 0x0000, 0x0000, 0x0000, 0x0000, 0x0000, 0x0000, 0x0000, 0x0000, 0x0000, 0x0000, 0x0000,
  0x0000, 0x0000, 0x0000, 0x0000, 0x0000, 0x0000, 0x0000, 0x0000, 0x0000, 0x0000, 0x0000, 0x0000,
  0x0000, 0x0000, 0x0000, 0x0000, 0x0000, 0x0000, 0x0000, 0x0000, 0x0000, 0x0000, 0x0000, 0x0000,
  0x0000, 0x0000, 0x0000, 0x0000, 0x0000, 0x0000, 0x0000, 0x0000, 0x0000, 0x0000, 0x0000, 0x0000,
  0x0000, 0x0000, 0x0000, 0x0000, 0x0000, 0x0000, 0x0000, 0x0000, 0x0000, 0x0000, 0x0000, 0x0000,
  0x0000, 0x0000, 0x0000, 0x0000, 0x0000, 0x0000, 0x0000, 0x0000, 0x0000, 0x0000, 0x0020, 0xA3A0,
  0xF560, 0xED60, 0xED60, 0xFE02, 0xFDE1, 0xFE01, 0xFE22, 0xFF03, 0xFEE3, 0xFEE3, 0xFF03, 0xFF03,
  0xFF03, 0xFEE3, 0xFF03, 0xFEE3, 0xFEE3, 0xFEE3, 0xFEE3, 0xFEE3, 0xFEE3, 0xFEE3, 0xFEE3, 0xFEE3,
  0xFEE3, 0xFEE3, 0xFEE3, 0xFEE3, 0xFEE3, 0xFEE3, 0xFEE3, 0xFEE3, 0xFEE3, 0xFEE3, 0xFF73, 0xFF52,
  0xFF72, 0xFEE3, 0xFEE3, 0xFEE3, 0xFEE3, 0xFEE3, 0xFEE3, 0xFEE3, 0xFEE3, 0xFEE3, 0xFF03, 0xFEE3,
  0xFEE3, 0xFEE3, 0xFF03, 0xFEE3, 0xFEE3, 0xFEE3, 0xFEE3, 0xFEE3, 0xFEE3, 0xFEE3, 0xFEE3, 0xFF03,
  0xFF03, 0xFEE3, 0xFEE3, 0xFEE3, 0xFEE3, 0xFEE3, 0xFEE3, 0xFEE3, 0xFEE3, 0xFEE3, 0xFEE3, 0xFEE3,
  0xFEE3, 0xFEE3, 0xFEE3, 0xFEE3, 0xFEE3, 0xFEE3, 0xFEE3, 0xFEE3, 0xFEE3, 0xFEE3, 0xFEE3, 0xFF03,
  0xFEE3, 0xFF03, 0xFEE3, 0xFEE3, 0xFEE3, 0xFEE3, 0xFEE3, 0xFEE3, 0xFEE3, 0xFEE3, 0xFEE3, 0xFEC3,
  0xFE02, 0xFE22, 0xFE22, 0xFE22, 0xFE22, 0xFE22, 0xFE22, 0xFE22, 0xFE22, 0xFE22, 0xFE22, 0xFE22,
  0xFE62, 0xDC80, 0xD460, 0xDCA0, 0x0000, 0x0000, 0x0000, 0x0000, 0x0000, 0x0000, 0x0000, 0x0000,
  0x0000, 0x0000, 0x0000, 0x0000, 0x0000, 0x0000, 0x0000, 0x0000, 0x0000, 0x0000, 0x0000, 0x0000,
  0x0000, 0x0000, 0x0000, 0x0000, 0x0000, 0x0000, 0x0000, 0x0000, 0x0000, 0x0000, 0x0000, 0x0000,
  0x0000, 0x0000, 0x0000, 0x0000, 0x0000, 0x0000, 0x0000, 0x0000, 0x0000, 0x0000, 0x0000, 0x0000,
  0x0000, 0x0000, 0x0000, 0x0000, 0x0000, 0x0000, 0x0000, 0x0000, 0x0000, 0x0000, 0x0000, 0x0000,
  0x0000, 0x0000, 0x0000, 0x0000, 0x0000, 0x0000, 0x0000, 0x0000, 0x0000, 0x0000, 0x0000, 0x0000,
  0x0000, 0x0000, 0x0000, 0x0000, 0x0000, 0x0000, 0x0000, 0x0000, 0x0000, 0x0000, 0x0000, 0x0000,
  0x0000, 0x0000, 0x0000, 0x0000, 0x0000, 0x0000, 0x0000, 0x0000, 0x0000, 0x0000, 0x0000, 0x0000,
  0x0000, 0x0000, 0x0000, 0x0000, 0x0000, 0x0000, 0x0000, 0x0000, 0x0000, 0x0000, 0x0000, 0x0000,
  0x0000, 0x0000, 0x0000, 0x0000, 0x0000, 0x0000, 0x0000, 0x0000, 0x0000, 0x0000, 0x0000, 0x0000,
  0x0000, 0x0000, 0x0000, 0x0000, 0x0000, 0x0000, 0x0000, 0x0000, 0x0000, 0x0000, 0x0000, 0x8B40,
  0xED60, 0xED60, 0xED60, 0xFE02, 0xFE01, 0xFE02, 0xFE02, 0xFF03, 0xFEE3, 0xFEE3, 0xFEE3, 0xFF03,
  0xFEE3, 0xFEE3, 0xFEE3, 0xFEE3, 0xFEE3, 0xFEE3, 0xFF03, 0xFEE3, 0xFEE3, 0xFEE3, 0xFEE3, 0xFEE3,
  0xFEE3, 0xFEE3, 0xFEE3, 0xFEE3, 0xFEE3, 0xFEE3, 0xFEE3, 0xFEE3, 0xFEE3, 0xFEE3, 0xFF71, 0xFF51,
  0xFF72, 0xFEE3, 0xFEE3, 0xFEE3, 0xFEC3, 0xFEE3, 0xFEE3, 0xFEE3, 0xFEE3, 0xFEE3, 0xFEE3, 0xFEE3,
  0xFEE3, 0xFF03, 0xFEE3, 0xFF03, 0xFEE3, 0xFEE3, 0xFEE3, 0xFEE3, 0xFEE3, 0xFEE3, 0xFEE3, 0xFEE3,
  0xFEE3, 0xFEE3, 0xFEE3, 0xFEE3, 0xFEE3, 0xFEE3, 0xFEE3, 0xFEE3, 0xFEE3, 0xFEE3, 0xFEE3, 0xFEE3,
  0xFEE3, 0xFEE3, 0xFF03, 0xFEE3, 0xFEE3, 0xFEE3, 0xFEE3, 0xFEE3, 0xFEE3, 0xFEE3, 0xFEE3, 0xFEE3,
  0xFEE3, 0xFEE3, 0xFEE3, 0xFEE3, 0xFEE3, 0xFEE3, 0xFEE3, 0xFEE3, 0xFEE3, 0xFEE3, 0xFEE3, 0xFEE3,
  0xFE02, 0xFE22, 0xFE22, 0xFE22, 0xFE22, 0xFE22, 0xFE22, 0xFE22, 0xFE22, 0xFE22, 0xFE02, 0xFE02,
  0xFE62, 0xDCA0, 0xDCA0, 0xDCA0, 0x0820, 0x0000, 0x0000, 0x0000, 0x0000, 0x0000, 0x0000, 0x0000,
  0x0000, 0x0000, 0x0000, 0x0000, 0x0000, 0x0000, 0x0000, 0x0000, 0x0000, 0x0000, 0x0000, 0x0000,
  0x0000, 0x0000, 0x0000, 0x0000, 0x0000, 0x0000, 0x0000, 0x0000, 0x0000, 0x0000, 0x0000, 0x0000,
  0x0000, 0x0000, 0x0000, 0x0000, 0x0000, 0x0000, 0x0000, 0x0000, 0x0000, 0x0000, 0x0000, 0x0000,
  0x0000, 0x0000, 0x0000, 0x0000, 0x0000, 0x0000, 0x0000, 0x0000, 0x0000, 0x0000, 0x0000, 0x0000,
  0x0000, 0x0000, 0x0000, 0x0000, 0x0000, 0x0000, 0x0000, 0x0000, 0x0000, 0x0000, 0x0000, 0x0000,
  0x0000, 0x0000, 0x0000, 0x0000, 0x0000, 0x0000, 0x0000, 0x0000, 0x0000, 0x0000, 0x0000, 0x0000,
  0x0000, 0x0000, 0x0000, 0x0000, 0x0000, 0x0000, 0x0000, 0x0000, 0x0000, 0x0000, 0x0000, 0x0000,
  0x0000, 0x0000, 0x0000, 0x0000, 0x0000, 0x0000, 0x0000, 0x0000, 0x0000, 0x0000, 0x0000, 0x0000,
  0x0000, 0x0000, 0x0000, 0x0000, 0x0000, 0x0000, 0x0000, 0x0000, 0x0000, 0x0000, 0x0000, 0x0000,
  0x0000, 0x0000, 0x0000, 0x0000, 0x0000, 0x0000, 0x0000, 0x0000, 0x0000, 0x0000, 0x0000, 0x8B60,
  0xF5C0, 0xFDE0, 0xFDA0, 0xF581, 0xF5C1, 0xF5C1, 0xF5C1, 0xFE83, 0xFEA3, 0xFE83, 0xFEE3, 0xFEE3,
  0xFEE3, 0xFF03, 0xFF03, 0xFEE3, 0xFEE3, 0xFEE3, 0xFEE3, 0xFEE3, 0xFEE3, 0xFEE3, 0xFEE3, 0xFEE3,
  0xFEE3, 0xFEE3, 0xFEE3, 0xFEE3, 0xFEE3, 0xFEE3, 0xFEE3, 0xFEE3, 0xFEE3, 0xFEE3, 0xFF29, 0xFF2B,
  0xFF2A, 0xFF08, 0xFF08, 0xFEE8, 0xFF08, 0xFEE3, 0xFEE3, 0xFEE3, 0xFEE3, 0xFEE3, 0xFEE3, 0xFEE3,
  0xFEE3, 0xFEE3, 0xFEE3, 0xFEE3, 0xFEE3, 0xFEE3, 0xFEE3, 0xFEE3, 0xFEE3, 0xFF03, 0xFEE3, 0xFEE3,
  0xFF03, 0xFF03, 0xFF03, 0xFEE3, 0xFEE3, 0xFEE3, 0xFEE3, 0xFEE3, 0xFEE3, 0xFEE3, 0xFEE3, 0xFEE3,
  0xFEE3, 0xFEE3, 0xFEE3, 0xFEE3, 0xFEE3, 0xFEE3, 0xFEE3, 0xFEE3, 0xFEE3, 0xFEE3, 0xFEE3, 0xFEE3,
  0xFEE3, 0xFEE3, 0xFEE3, 0xFEE3, 0xFEE3, 0xFEE3, 0xFEE3, 0xFEE3, 0xFEE3, 0xFEE3, 0xFEE3, 0xFEE3,
  0xFE22, 0xFE02, 0xFE02, 0xFE22, 0xFE22, 0xFE22, 0xFE22, 0xFE22, 0xFE22, 0xFE22, 0xFE02, 0xFE22,
  0xFE42, 0xED20, 0xE520, 0xE500, 0xF520, 0xE4E0, 0xE4A0, 0x0020, 0x0000, 0x0000, 0x0000, 0x0000,
  0x0000, 0x0000, 0x0000, 0x0000, 0x0000, 0x0000, 0x0000, 0x0000, 0x0000, 0x0000, 0x0000, 0x0000,
  0x0000, 0x0000, 0x0000, 0x0000, 0x0000, 0x0000, 0x0000, 0x0000, 0x0000, 0x0000, 0x0000, 0x0000,
  0x0000, 0x0000, 0x0000, 0x0000, 0x0000, 0x0000, 0x0000, 0x0000, 0x0000, 0x0000, 0x0000, 0x0000,
  0x0000, 0x0000, 0x0000, 0x0000, 0x0000, 0x0000, 0x0000, 0x0000, 0x0000, 0x0000, 0x0000, 0x0000,
  0x0000, 0x0000, 0x0000, 0x0000, 0x0000, 0x0000, 0x0000, 0x0000, 0x0000, 0x0000, 0x0000, 0x0000,
  0x0000, 0x0000, 0x0000, 0x0000, 0x0000, 0x0000, 0x0000, 0x0000, 0x0000, 0x0000, 0x0000, 0x0000,
  0x0000, 0x0000, 0x0000, 0x0000, 0x0000, 0x0000, 0x0000, 0x0000, 0x0000, 0x0000, 0x0000, 0x0000,
  0x0000, 0x0000, 0x0000, 0x0000, 0x0000, 0x0000, 0x0000, 0x0000, 0x0000, 0x0000, 0x0000, 0x0000,
  0x0000, 0x0000, 0x0000, 0x0000, 0x0000, 0x0000, 0x0000, 0x0000, 0x0000, 0x0000, 0x0000, 0x0000,
  0x0000, 0x0000, 0x0000, 0x0000, 0x0000, 0x0000, 0x0000, 0x0000, 0x0000, 0x0000, 0x0000, 0x0000,
  0x0000, 0x0020, 0x0000, 0xE520, 0xED40, 0xED60, 0xED60, 0xFE02, 0xFE22, 0xFE02, 0xFEE3, 0xFEE3,
  0xFEE3, 0xFEE3, 0xFF03, 0xFF03, 0xFEE3, 0xFEE3, 0xFEE3, 0xFEE3, 0xFEE3, 0xFEE3, 0xFEE3, 0xFEE3,
  0xFEE3, 0xFEE3, 0xFEE3, 0xFEE3, 0xFEE3, 0xFEE3, 0xFEE3, 0xFEE3, 0xFEE3, 0xFEE3, 0xFEE3, 0xFEE3,
  0xFEE3, 0xFF93, 0xFF74, 0xFF72, 0xFF72, 0xFEE3, 0xFEE3, 0xFEE3, 0xFEE3, 0xFEE3, 0xFEE3, 0xFEE3,
  0xFEE3, 0xFEE3, 0xFEE3, 0xFEE3, 0xFEE3, 0xFEE3, 0xFEE3, 0xFEE3, 0xFEE3, 0xFEE3, 0xFEE3, 0xFEE3,
  0xFF03, 0xFEE3, 0xFF03, 0xFEE3, 0xFEE3, 0xFEE3, 0xFEE3, 0xFEE3, 0xFEE3, 0xFEE3, 0xFEE3, 0xFEE3,
  0xFEE3, 0xFEE3, 0xFEE3, 0xFEE3, 0xFEE3, 0xFEE3, 0xFEE3, 0xFEE3, 0xFEE3, 0xFF03, 0xFEE3, 0xFEE3,
  0xFF03, 0xFEE3, 0xFF03, 0xFEE3, 0xFEE3, 0xFEE3, 0xFEE3, 0xFEE3, 0xFEE3, 0xFEE3, 0xFEE3, 0xFEE3,
  0xFEE3, 0xFEE3, 0xFEE3, 0xFE01, 0xFE22, 0xFE22, 0xFE22, 0xFE22, 0xFE22, 0xFE22, 0xFE22, 0xFE22,
  0xFE22, 0xFE02, 0xFE02, 0xFE01, 0xDC80, 0xD480, 0xDC80, 0x0020, 0x0000, 0x0000, 0x0000, 0x0000,
  0x0000, 0x0000, 0x0000, 0x0000, 0x0000, 0x0000, 0x0000, 0x0000, 0x0000, 0x0000, 0x0000, 0x0000,
  0x0000, 0x0000, 0x0000, 0x0000, 0x0000, 0x0000, 0x0000, 0x0000, 0x0000, 0x0000, 0x0000, 0x0000,
  0x0000, 0x0000, 0x0000, 0x0000, 0x0000, 0x0000, 0x0000, 0x0000, 0x0000, 0x0000, 0x0000, 0x0000,
  0x0000, 0x0000, 0x0000, 0x0000, 0x0000, 0x0000, 0x0000, 0x0000, 0x0000, 0x0000, 0x0000, 0x0000,
  0x0000, 0x0000, 0x0000, 0x0000, 0x0000, 0x0000, 0x0000, 0x0000, 0x0000, 0x0000, 0x0000, 0x0000,
  0x0000, 0x0000, 0x0000, 0x0000, 0x0000, 0x0000, 0x0000, 0x0000, 0x0000, 0x0000, 0x0000, 0x0000,
  0x0000, 0x0000, 0x0000, 0x0000, 0x0000, 0x0000, 0x0000, 0x0000, 0x0000, 0x0000, 0x0000, 0x0000,
  0x0000, 0x0000, 0x0000, 0x0000, 0x0000, 0x0000, 0x0000, 0x0000, 0x0000, 0x0000, 0x0000, 0x0000,
  0x0000, 0x0000, 0x0000, 0x0000, 0x0000, 0x0000, 0x0000, 0x0000, 0x0000, 0x0000, 0x0000, 0x0000,
  0x0000, 0x0000, 0x0000, 0x0000, 0x0000, 0x0000, 0x0000, 0x0000, 0x0000, 0x0000, 0x0000, 0x0000,
  0x0000, 0x0000, 0x0000, 0xE520, 0xED40, 0xF560, 0xF580, 0xFE01, 0xFE01, 0xFE01, 0xFEC3, 0xFEE3,
  0xFEE3, 0xFEE3, 0xFF03, 0xFF03, 0xFF03, 0xFEE3, 0xFEE3, 0xFEE3, 0xFEE3, 0xFEE3, 0xFEE3, 0xFEE3,
  0xFEE3, 0xFEE3, 0xFEE3, 0xFEE3, 0xFEE3, 0xFEE3, 0xFEE3, 0xFEE3, 0xFEE3, 0xFEE3, 0xFEE3, 0xFEE3,
  0xFEE3, 0xFF71, 0xFF73, 0xFF72, 0xFF72, 0xFEE3, 0xFEE3, 0xFEE3, 0xFEE3, 0xFEE3, 0xFEE3, 0xFEE3,
  0xFEE3, 0xFEE3, 0xFEE3, 0xFEE3, 0xFEE3, 0xFEE3, 0xFEE3, 0xFEE3, 0xFEE3, 0xFEE3, 0xFEE3, 0xFEE3,
  0xFF03, 0xFEE3, 0xFEE3, 0xFEE3, 0xFEE3, 0xFEE3, 0xFEE3, 0xFEE3, 0xFEE3, 0xFEE3, 0xFEE3, 0xFEE3,
  0xFEE3, 0xFEE3, 0xFEE3, 0xFEE3, 0xFEE3, 0xFEE3, 0xFEE3, 0xFEE3, 0xFEE3, 0xFF03, 0xFEE3, 0xFF03,
  0xFEE3, 0xFEE3, 0xFEE3, 0xFEE3, 0xFEE3, 0xFEE3, 0xFEE3, 0xFEE3, 0xFEE3, 0xFEE3, 0xFEE3, 0xFEE3,
  0xFEE3, 0xFEE3, 0xFEE3, 0xFE02, 0xFE02, 0xFE02, 0xFE02, 0xFE02, 0xFE22, 0xFE22, 0xFE22, 0xFE22,
  0xFE22, 0xFE02, 0xFE02, 0xFDE1, 0xDCA0, 0xDCA0, 0xDCC0, 0x0020, 0x0000, 0x0000, 0x0000, 0x0000,
  0x0000, 0x0000, 0x0000, 0x0000, 0x0000, 0x0000, 0x0000, 0x0000, 0x0000, 0x0000, 0x0000, 0x0000,
  0x0000, 0x0000, 0x0000, 0x0000, 0x0000, 0x0000, 0x0000, 0x0000, 0x0000, 0x0000, 0x0000, 0x0000,
  0x0000, 0x0000, 0x0000, 0x0000, 0x0000, 0x0000, 0x0000, 0x0000, 0x0000, 0x0000, 0x0000, 0x0000,
  0x0000, 0x0000, 0x0000, 0x0000, 0x0000, 0x0000, 0x0000, 0x0000, 0x0000, 0x0000, 0x0000, 0x0000,
  0x0000, 0x0000, 0x0000, 0x0000, 0x0000, 0x0000, 0x0000, 0x0000, 0x0000, 0x0000, 0x0000, 0x0000,
  0x0000, 0x0000, 0x0000, 0x0000, 0x0000, 0x0000, 0x0000, 0x0000, 0x0000, 0x0000, 0x0000, 0x0000,
  0x0000, 0x0000, 0x0000, 0x0000, 0x0000, 0x0000, 0x0000, 0x0000, 0x0000, 0x0000, 0x0000, 0x0000,
  0x0000, 0x0000, 0x0000, 0x0000, 0x0000, 0x0000, 0x0000, 0x0000, 0x0000, 0x0000, 0x0000, 0x0000,
  0x0000, 0x0000, 0x0000, 0x0000, 0x0000, 0x0000, 0x0000, 0x0000, 0x0000, 0x0000, 0x0000, 0x0000,
  0x0000, 0x0000, 0x0000, 0x0000, 0x0000, 0x0000, 0x0000, 0x0000, 0x0000, 0x0000, 0x0000, 0x0000,
  0x0000, 0x0000, 0x0000, 0xDCE0, 0xED40, 0xED40, 0xED20, 0xFDE1, 0xFDE1, 0xFE01, 0xFEC2, 0xFEE3,
  0xFEE3, 0xFEE3, 0xFEE3, 0xFEE3, 0xFEE3, 0xFEE3, 0xFEE3, 0xFEE3, 0xFEE3, 0xFEE3, 0xFEE3, 0xFEE3,
  0xFEE3, 0xFEE3, 0xFEE3, 0xFEE3, 0xFEE3, 0xFEE3, 0xFEE3, 0xFEE3, 0xFEE3, 0xFEE3, 0xFEE3, 0xFEE3,
  0xFEE3, 0xFF70, 0xFF72, 0xFF71, 0xFF71, 0xFEE3, 0xFEE3, 0xFEE3, 0xFEE3, 0xFEE4, 0xFF03, 0xFEE3,
  0xFEE3, 0xFEE3, 0xFEE3, 0xFEE3, 0xFEE3, 0xFEE3, 0xFEE3, 0xFEE3, 0xFEE3, 0xFEE3, 0xFEE3, 0xFEE3,
  0xFEE3, 0xFEE3, 0xFEE3, 0xFEE3, 0xFEE3, 0xFEE3, 0xFEE3, 0xFEE3, 0xFEE3, 0xFF03, 0xFEE3, 0xFEE3,
  0xFEE3, 0xFEE3, 0xFEE3, 0xFEE3, 0xFEE3, 0xFEE3, 0xFEE3, 0xFF03, 0xFEE3, 0xFEE3, 0xFF03, 0xFEE3,
  0xFEE3, 0xFEE3, 0xFEE3, 0xFEE3, 0xFEE3, 0xFEE3, 0xFEE3, 0xFEE3, 0xFEE3, 0xFEE3, 0xFEE3, 0xFEE3,
  0xFEE3, 0xFEE3, 0xFEE2, 0xFE02, 0xFE02, 0xFE02, 0xFE02, 0xFE02, 0xFE22, 0xFE22, 0xFE22, 0xFE02,
  0xFE22, 0xFE02, 0xFE02, 0xFE01, 0xDCA0, 0xDCC0, 0xDCC0, 0x0000, 0x0000, 0x0000, 0x0000, 0x0000,
  0x0000, 0x0000, 0x0000, 0x0000, 0x0000, 0x0000, 0x0000, 0x0000, 0x0000, 0x0000, 0x0000, 0x0000,
  0x0000, 0x0000, 0x0000, 0x0000, 0x0000, 0x0000, 0x0000, 0x0000, 0x0000, 0x0000, 0x0000, 0x0000,
  0x0000, 0x0000, 0x0000, 0x0000, 0x0000, 0x0000, 0x0000, 0x0000, 0x0000, 0x0000, 0x0000, 0x0000,
  0x0000, 0x0000, 0x0000, 0x0000, 0x0000, 0x0000, 0x0000, 0x0000, 0x0000, 0x0000, 0x0000, 0x0000,
  0x0000, 0x0000, 0x0000, 0x0000, 0x0000, 0x0000, 0x0000, 0x0000, 0x0000, 0x0000, 0x0000, 0x0000,
  0x0000, 0x0000, 0x0000, 0x0000, 0x0000, 0x0000, 0x0000, 0x0000, 0x0000, 0x0000, 0x0000, 0x0000,
  0x0000, 0x0000, 0x0000, 0x0000, 0x0000, 0x0000, 0x0000, 0x0000, 0x0000, 0x0000, 0x0000, 0x0000,
  0x0000, 0x0000, 0x0000, 0x0000, 0x0000, 0x0000, 0x0000, 0x0000, 0x0000, 0x0000, 0x0000, 0x0000,
  0x0000, 0x0000, 0x0000, 0x0000, 0x0000, 0x0000, 0x0000, 0x0000, 0x0000, 0x0000, 0x0000, 0x0000,
  0x0000, 0x0000, 0x0000, 0x0000, 0x0000, 0x0000, 0x0000, 0x0000, 0x0000, 0x0000, 0x0000, 0x0000,
  0x0000, 0x0000, 0x0000, 0x0820, 0x0840, 0x0840, 0x0000, 0xE520, 0xE540, 0xED40, 0xFDE1, 0xFE01,
  0xFE01, 0xFE42, 0xFEE3, 0xFEE3, 0xFEE3, 0xFEE3, 0xFF03, 0xFF03, 0xFEE3, 0xFEE3, 0xFEE3, 0xFEE3,
  0xFEE3, 0xFEE3, 0xFEE3, 0xFEE3, 0xFEE3, 0xFEE3, 0xFEE3, 0xFEE3, 0xFEE3, 0xFEE3, 0xFEE3, 0xFEE3,
  0xFEE3, 0xFEE3, 0xFEE3, 0xFEE2, 0xFEE3, 0xFEE3, 0xFEE3, 0xFEC1, 0xFF50, 0xFF51, 0xFF51, 0xFEC1,
  0xFEE3, 0xFEE3, 0xFEE3, 0xFEE3, 0xFEE3, 0xFEE3, 0xFEE3, 0xFEE3, 0xFEE3, 0xFEE3, 0xFEE3, 0xFEE3,
  0xFF03, 0xFF03, 0xFEE3, 0xFEE3, 0xFEE3, 0xFEE3, 0xFEE3, 0xFEE3, 0xFEE3, 0xFF03, 0xFF03, 0xFEE3,
  0xFEE3, 0xFEE3, 0xFEE3, 0xFEE3, 0xFEE3, 0xFF03, 0xFEE3, 0xFF03, 0xFF03, 0xFEE3, 0xFF03, 0xFEE3,
  0xFEE3, 0xFEE3, 0xFEE3, 0xFEE3, 0xFEE3, 0xFF03, 0xFEE3, 0xFEE3, 0xFEE3, 0xFEE3, 0xFEE3, 0xFEE3,
  0xFEE3, 0xFEE3, 0xFEE2, 0xFEE3, 0xFEC2, 0xFEC3, 0xFE62, 0xFE02, 0xFE22, 0xFE02, 0xFE02, 0xFE22,
  0xFE22, 0xFE02, 0xFE02, 0xFE02, 0xE4C0, 0xDCA0, 0xDCC0, 0x0000, 0x0000, 0x0000, 0x0000, 0x0000,
  0x0000, 0x0000, 0x0000, 0x0000, 0x0000, 0x0000, 0x0000, 0x0000, 0x0000, 0x0000, 0x0000, 0x0000,
  0x0000, 0x0000, 0x0000, 0x0000, 0x0000, 0x0000, 0x0000, 0x0000, 0x0000, 0x0000, 0x0000, 0x0000,
  0x0000, 0x0000, 0x0000, 0x0000, 0x0000, 0x0000, 0x0000, 0x0000, 0x0000, 0x0000, 0x0000, 0x0000,
  0x0000, 0x0000, 0x0000, 0x0000, 0x0000, 0x0000, 0x0000, 0x0000, 0x0000, 0x0000, 0x0000, 0x0000,
  0x0000, 0x0000, 0x0000, 0x0000, 0x0000, 0x0000, 0x0000, 0x0000, 0x0000, 0x0000, 0x0000, 0x0000,
  0x0000, 0x0000, 0x0000, 0x0000, 0x0000, 0x0000, 0x0000, 0x0000, 0x0000, 0x0000, 0x0000, 0x0000,
  0x0000, 0x0000, 0x0000, 0x0000, 0x0000, 0x0000, 0x0000, 0x0000, 0x0000, 0x0000, 0x0000, 0x0000,
  0x0000, 0x0000, 0x0000, 0x0000, 0x0000, 0x0000, 0x0000, 0x0000, 0x0000, 0x0000, 0x0000, 0x0000,
  0x0000, 0x0000, 0x0000, 0x0000, 0x0000, 0x0000, 0x0000, 0x0000, 0x0000, 0x0000, 0x0000, 0x0000,
  0x0000, 0x0000, 0x0000, 0x0000, 0x0000, 0x0000, 0x0000, 0x0000, 0x0000, 0x0000, 0x0000, 0x0000,
  0x0000, 0x0000, 0x0000, 0x0000, 0x0000, 0x0000, 0x0000, 0xE520, 0xED60, 0xED60, 0xF5E1, 0xFE01,
  0xFE22, 0xFE41, 0xFEE3, 0xFEE3, 0xFEE3, 0xFF03, 0xFEE3, 0xFEE3, 0xFEE3, 0xFEE3, 0xFEE3, 0xFEE3,
  0xFEE3, 0xFEE3, 0xFEE3, 0xFEE3, 0xFEE3, 0xFEE3, 0xFEE3, 0xFEE3, 0xFEE3, 0xFEE3, 0xFEE3, 0xFEE3,
  0xFEE3, 0xFEE3, 0xFEE2, 0xFEE3, 0xFEE3, 0xFEE3, 0xFEE3, 0xFEC1, 0xFF50, 0xFF52, 0xFF72, 0xFEE2,
  0xFEE3, 0xFEE3, 0xFEE3, 0xFEE3, 0xFEE3, 0xFEE3, 0xFEE3, 0xFEE3, 0xFEE3, 0xFEE3, 0xFF03, 0xFEE3,
  0xFEE3, 0xFF03, 0xFEE3, 0xFEE3, 0xFEE3, 0xFEE3, 0xFEE3, 0xFEE3, 0xFEE3, 0xFEE3, 0xFEE3, 0xFF03,
  0xFEE3, 0xFF03, 0xFEE3, 0xFEE3, 0xFEE3, 0xFEE3, 0xFEE3, 0xFEE3, 0xFEE3, 0xFEE3, 0xFF03, 0xFF03,
  0xFEE3, 0xFEE3, 0xFEE3, 0xFEE3, 0xFEE3, 0xFEE3, 0xFEE3, 0xFEE3, 0xFEE3, 0xFEE3, 0xFEE3, 0xFEE3,
  0xFEE3, 0xFEE2, 0xFEE2, 0xFEE2, 0xFEE2, 0xFEE2, 0xFE62, 0xFE02, 0xFE22, 0xFE02, 0xFE02, 0xFE02,
  0xFE02, 0xFE02, 0xFE22, 0xFE02, 0xE4E0, 0xDCC0, 0xD4A0, 0x0000, 0x0000, 0x0000, 0x0000, 0x0000,
  0x0000, 0x0000, 0x0000, 0x0000, 0x0000, 0x0000, 0x0000, 0x0000, 0x0000, 0x0000, 0x0000, 0x0000,
  0x0000, 0x0000, 0x0000, 0x0000, 0x0000, 0x0000, 0x0000, 0x0000, 0x0000, 0x0000, 0x0000, 0x0000,
  0x0000, 0x0000, 0x0000, 0x0000, 0x0000, 0x0000, 0x0000, 0x0000, 0x0000, 0x0000, 0x0000, 0x0000,
  0x0000, 0x0000, 0x0000, 0x0000, 0x0000, 0x0000, 0x0000, 0x0000, 0x0000, 0x0000, 0x0000, 0x0000,
  0x0000, 0x0000, 0x0000, 0x0000, 0x0000, 0x0000, 0x0000, 0x0000, 0x0000, 0x0000, 0x0000, 0x0000,
  0x0000, 0x0000, 0x0000, 0x0000, 0x0000, 0x0000, 0x0000, 0x0000, 0x0000, 0x0000, 0x0000, 0x0000,
  0x0000, 0x0000, 0x0000, 0x0000, 0x0000, 0x0000, 0x0000, 0x0000, 0x0000, 0x0000, 0x0000, 0x0000,
  0x0000, 0x0000, 0x0000, 0x0000, 0x0000, 0x0000, 0x0000, 0x0000, 0x0000, 0x0000, 0x0000, 0x0000,
  0x0000, 0x0000, 0x0000, 0x0000, 0x0000, 0x0000, 0x0000, 0x0000, 0x0000, 0x0000, 0x0000, 0x0000,
  0x0000, 0x0000, 0x0000, 0x0000, 0x0000, 0x0000, 0x0000, 0x0000, 0x0000, 0x0000, 0x0000, 0x0000,
  0x0000, 0x0000, 0x0000, 0x0000, 0x0000, 0x0000, 0x0000, 0xED40, 0xF580, 0xED40, 0xF5C0, 0xFE22,
  0xFE01, 0xFE41, 0xFEE3, 0xFEE3, 0xFEE3, 0xFF03, 0xFEE3, 0xFEE3, 0xFEE3, 0xFEE3, 0xFEE3, 0xFEE3,
  0xFEE3, 0xFEE3, 0xFEE3, 0xFEE3, 0xFEE3, 0xFEE3, 0xFEE3, 0xFEE3, 0xFEE3, 0xFEE3, 0xFEE3, 0xFEE3,
  0xFEE3, 0xFEE3, 0xFEE3, 0xFEE3, 0xFEE3, 0xFEE3, 0xFEE2, 0xFEC1, 0xFF51, 0xFF73, 0xFF72, 0xFEE2,
  0xFEE3, 0xFEE3, 0xFEE3, 0xFEE3, 0xFEE3, 0xFEE3, 0xFEE3, 0xFEE3, 0xFEE3, 0xFEE3, 0xFEE3, 0xFEE3,
  0xFEE3, 0xFEE3, 0xFEE3, 0xFEE3, 0xFEE3, 0xFEE3, 0xFEE3, 0xFEE3, 0xFEE3, 0xFF03, 0xFF03, 0xFF03,
  0xFEE3, 0xFEE3, 0xFF03, 0xFEE3, 0xFEE3, 0xFEE3, 0xFEE3, 0xFEE3, 0xFEE3, 0xFEE3, 0xFF03, 0xFEE3,
  0xFEE3, 0xFEE3, 0xFEE3, 0xFEE3, 0xFEE3, 0xFEE3, 0xFEE3, 0xFEE3, 0xFEE3, 0xFEE3, 0xFEE3, 0xFEE3,
  0xFEE3, 0xFEE2, 0xFEE3, 0xFEE3, 0xFEE3, 0xFEE2, 0xFE62, 0xFE02, 0xFE02, 0xFE02, 0xFE02, 0xFE02,
  0xFE22, 0xFE02, 0xFE22, 0xFE22, 0xFE02, 0xFDE2, 0xF5E1, 0xE4E0, 0xE4E0, 0xDCC0, 0x0000, 0x0000,
  0x0000, 0x0000, 0x0000, 0x0000, 0x0000, 0x0000, 0x0000, 0x0000, 0x0000, 0x0000, 0x0000, 0x0000,
  0x0000, 0x0000, 0x0000, 0x0000, 0x0000, 0x0000, 0x0000, 0x0000, 0x0000, 0x0000, 0x0000, 0x0000,
  0x0000, 0x0000, 0x0000, 0x0000, 0x0000, 0x0000, 0x0000, 0x0000, 0x0000, 0x0000, 0x0000, 0x0000,
  0x0000, 0x0000, 0x0000, 0x0000, 0x0000, 0x0000, 0x0000, 0x0000, 0x0000, 0x0000, 0x0000, 0x0000,
  0x0000, 0x0000, 0x0000, 0x0000, 0x0000, 0x0000, 0x0000, 0x0000, 0x0000, 0x0000, 0x0000, 0x0000,
  0x0000, 0x0000, 0x0000, 0x0000, 0x0000, 0x0000, 0x0000, 0x0000, 0x0000, 0x0000, 0x0000, 0x0000,
  0x0000, 0x0000, 0x0000, 0x0000, 0x0000, 0x0000, 0x0000, 0x0000, 0x0000, 0x0000, 0x0000, 0x0000,
  0x0000, 0x0000, 0x0000, 0x0000, 0x0000, 0x0000, 0x0000, 0x0000, 0x0000, 0x0000, 0x0000, 0x0000,
  0x0000, 0x0000, 0x0000, 0x0000, 0x0000, 0x0000, 0x0000, 0x0000, 0x0000, 0x0000, 0x0000, 0x0000,
  0x0000, 0x0000, 0x0000, 0x0000, 0x0000, 0x0000, 0x0000, 0x0000, 0x0000, 0x0000, 0x0000, 0x0000,
  0x0000, 0x0000, 0x0000, 0x0000, 0x0000, 0x0000, 0x0000, 0x0840, 0x1060, 0x1080, 0xDCE0, 0xED40,
  0xE520, 0xED60, 0xFE02, 0xFE02, 0xFE02, 0xFEE3, 0xFEE3, 0xFEE3, 0xFEE3, 0xFEE3, 0xFEE3, 0xFEE3,
  0xFEE3, 0xFEE3, 0xFEE3, 0xFEE3, 0xFEE3, 0xFEE3, 0xFEE3, 0xFEE3, 0xFEE3, 0xFEE3, 0xFEE3, 0xFEE3,
  0xFEE3, 0xFEE3, 0xFEE3, 0xFEE3, 0xFEE3, 0xFEE2, 0xFEE2, 0xFEE3, 0xFF02, 0xFEE2, 0xFEE1, 0xFF96,
  0xFF75, 0xFF73, 0xFEE8, 0xFEE3, 0xFEE3, 0xFEE3, 0xFEE3, 0xFEE3, 0xFEE3, 0xFEE3, 0xFEE3, 0xFF03,
  0xFEE3, 0xFEE3, 0xFEE3, 0xFEE3, 0xFEE3, 0xFEE3, 0xFEE3, 0xFEE3, 0xFEE3, 0xFEE3, 0xFEE3, 0xFEE3,
  0xFEE3, 0xFEE3, 0xFEE3, 0xFEE3, 0xFEE3, 0xFEE3, 0xFEE3, 0xFEE3, 0xFEE3, 0xFEE3, 0xFEE3, 0xFEE3,
  0xFEE3, 0xFEE3, 0xFEE3, 0xFF03, 0xFEE3, 0xFEE3, 0xFEE3, 0xFF03, 0xFEE3, 0xFEE3, 0xFEE3, 0xFEE3,
  0xFEE3, 0xFEE3, 0xFEE3, 0xFEE3, 0xFEE3, 0xFEE2, 0xFF03, 0xFF03, 0xFF03, 0xFEA3, 0xFE02, 0xFE02,
  0xFE22, 0xFE22, 0xFE22, 0xFE02, 0xFE02, 0xFE02, 0xFDE1, 0xDCC0, 0xE4E0, 0xE4E0, 0x0820, 0x0000,
  0x0000, 0x0000, 0x0000, 0x0000, 0x0000, 0x0000, 0x0000, 0x0000, 0x0000, 0x0000, 0x0000, 0x0000,
  0x0000, 0x0000, 0x0000, 0x0000, 0x0000, 0x0000, 0x0000, 0x0000, 0x0000, 0x0000, 0x0000, 0x0000,
  0x0000, 0x0000, 0x0000, 0x0000, 0x0000, 0x0000, 0x0000, 0x0000, 0x0000, 0x0000, 0x0000, 0x0000,
  0x0000, 0x0000, 0x0000, 0x0000, 0x0000, 0x0000, 0x0000, 0x0000, 0x0000, 0x0000, 0x0000, 0x0000,
  0x0000, 0x0000, 0x0000, 0x0000, 0x0000, 0x0000, 0x0000, 0x0000, 0x0000, 0x0000, 0x0000, 0x0000,
  0x0000, 0x0000, 0x0000, 0x0000, 0x0000, 0x0000, 0x0000, 0x0000, 0x0000, 0x0000, 0x0000, 0x0000,
  0x0000, 0x0000, 0x0000, 0x0000, 0x0000, 0x0000, 0x0000, 0x0000, 0x0000, 0x0000, 0x0000, 0x0000,
  0x0000, 0x0000, 0x0000, 0x0000, 0x0000, 0x0000, 0x0000, 0x0000, 0x0000, 0x0000, 0x0000, 0x0000,
  0x0000, 0x0000, 0x0000, 0x0000, 0x0000, 0x0000, 0x0000, 0x0000, 0x0000, 0x0000, 0x0000, 0x0000,
  0x0000, 0x0000, 0x0000, 0x0000, 0x0000, 0x0000, 0x0000, 0x0000, 0x0000, 0x0000, 0x0000, 0x0000,
  0x0000, 0x0000, 0x0000, 0x0000, 0x0000, 0x0000, 0x0000, 0x0000, 0x0000, 0x0000, 0xE500, 0xED40,
  0xE540, 0xED81, 0xFE22, 0xFE02, 0xFE02, 0xFEE3, 0xFEE3, 0xFEE3, 0xFEE3, 0xFEE3, 0xFEE3, 0xFEE3,
  0xFEE3, 0xFEE3, 0xFEE3, 0xFEE3, 0xFEE3, 0xFEE3, 0xFEE3, 0xFEE3, 0xFEE3, 0xFEE3, 0xFEE3, 0xFEE3,
  0xFEE3, 0xFEE3, 0xFEE3, 0xFEE3, 0xFEE3, 0xFEE3, 0xFEE2, 0xFEE3, 0xFEE3, 0xFEE3, 0xFEE3, 0xFF73,
  0xFF73, 0xFF72, 0xFF07, 0xFEE3, 0xFEE3, 0xFEE3, 0xFEE3, 0xFEE3, 0xFEE3, 0xFEE3, 0xFEE3, 0xFEE3,
  0xFEE3, 0xFEE3, 0xFEE3, 0xFEE3, 0xFEE3, 0xFEE3, 0xFEE3, 0xFF03, 0xFF03, 0xFEE3, 0xFEE3, 0xFEE3,
  0xFEE3, 0xFEE3, 0xFEE3, 0xFEE3, 0xFEE3, 0xFEE3, 0xFEE3, 0xFEE3, 0xFEE3, 0xFEE3, 0xFEE3, 0xFEE3,
  0xFEE3, 0xFEE3, 0xFEE3, 0xFEE3, 0xFEE3, 0xFEE3, 0xFEE3, 0xFEE3, 0xFEE3, 0xFEE3, 0xFEE3, 0xFEE3,
  0xFEE3, 0xFEE2, 0xFEE3, 0xFEE3, 0xFEE3, 0xFEE2, 0xFEE3, 0xFEE3, 0xFEE3, 0xFEA2, 0xFE21, 0xFE22,
  0xFE21, 0xFE21, 0xFE02, 0xFE01, 0xFE02, 0xFE02, 0xFE02, 0xE4E0, 0xE4E0, 0xE500, 0x0840, 0x0020,
  0x0020, 0x0000, 0x0000, 0x0000, 0x0000, 0x0000, 0x0000, 0x0000, 0x0000, 0x0000, 0x0000, 0x0000,
  0x0000, 0x0000, 0x0000, 0x0000, 0x0000, 0x0000, 0x0000, 0x0000, 0x0000, 0x0000, 0x0000, 0x0000,
  0x0000, 0x0000, 0x0000, 0x0000, 0x0000, 0x0000, 0x0000, 0x0000, 0x0000, 0x0000, 0x0000, 0x0000,
  0x0000, 0x0000, 0x0000, 0x0000, 0x0000, 0x0000, 0x0000, 0x0000, 0x0000, 0x0000, 0x0000, 0x0000,
  0x0000, 0x0000, 0x0000, 0x0000, 0x0000, 0x0000, 0x0000, 0x0000, 0x0000, 0x0000, 0x0000, 0x0000,
  0x0000, 0x0000, 0x0000, 0x0000, 0x0000, 0x0000, 0x0000, 0x0000, 0x0000, 0x0000, 0x0000, 0x0000,
  0x0000, 0x0000, 0x0000, 0x0000, 0x0000, 0x0000, 0x0000, 0x0000, 0x0000, 0x0000, 0x0000, 0x0000,
  0x0000, 0x0000, 0x0000, 0x0000, 0x0000, 0x0000, 0x0000, 0x0000, 0x0000, 0x0000, 0x0000, 0x0000,
  0x0000, 0x0000, 0x0000, 0x0000, 0x0000, 0x0000, 0x0000, 0x0000, 0x0000, 0x0000, 0x0000, 0x0000,
  0x0000, 0x0000, 0x0000, 0x0000, 0x0000, 0x0000, 0x0000, 0x0000, 0x0000, 0x0000, 0x0000, 0x0000,
  0x0000, 0x0000, 0x0000, 0x0000, 0x0000, 0x0000, 0x0000, 0x0000, 0x0000, 0x0000, 0xE520, 0xED40,
  0xE540, 0xF5A1, 0xFE22, 0xFE02, 0xFE02, 0xFEE3, 0xFEE3, 0xFEE3, 0xFEE3, 0xFEE3, 0xFEE3, 0xFEE3,
  0xFEE3, 0xFEE3, 0xFEE3, 0xFEE3, 0xFEE3, 0xFEE3, 0xFEE3, 0xFEE3, 0xFEE3, 0xFEE3, 0xFEE3, 0xFEE3,
  0xFEE3, 0xFEE3, 0xFEE3, 0xFEE3, 0xFEE3, 0xFEE2, 0xFEE3, 0xFEE3, 0xFEE3, 0xFEE3, 0xFEE3, 0xFF94,
  0xFF73, 0xFF72, 0xFF07, 0xFEE3, 0xFEE3, 0xFEE3, 0xFEE3, 0xFEE3, 0xFEE3, 0xFEE3, 0xFEE3, 0xFEE3,
  0xFEE3, 0xFEE3, 0xFEE3, 0xFEE3, 0xFEE3, 0xFEE3, 0xFEE3, 0xFEE3, 0xFEE3, 0xFEE3, 0xFEE3, 0xFEE3,
  0xFEE3, 0xFF03, 0xFEE3, 0xFEE3, 0xFEE3, 0xFEE3, 0xFEE3, 0xFEE3, 0xFEE3, 0xFEE3, 0xFEE3, 0xFEE3,
  0xFEE3, 0xFEE3, 0xFEE3, 0xFEE3, 0xFEE3, 0xFEE3, 0xFEE3, 0xFEE3, 0xFF03, 0xFEE3, 0xFEE3, 0xFEE3,
  0xFEE3, 0xFEE3, 0xFEE3, 0xFEE3, 0xFEE3, 0xFEE3, 0xFEE2, 0xFEE3, 0xFEE3, 0xFEA2, 0xFE22, 0xFE21,
  0xFE22, 0xFE02, 0xFE02, 0xFE02, 0xFE02, 0xFE02, 0xFE02, 0xFE42, 0xFE22, 0xFE42, 0xFD60, 0xFDA0,
  0xFDA0, 0x1040, 0x0000, 0x0000, 0x0000, 0x0000, 0x0000, 0x0000, 0x0000, 0x0000, 0x0000, 0x0000,
  0x0000, 0x0000, 0x0000, 0x0000, 0x0000, 0x0000, 0x0000, 0x0000, 0x0000, 0x0000, 0x0000, 0x0000,
  0x0000, 0x0000, 0x0000, 0x0000, 0x0000, 0x0000, 0x0000, 0x0000, 0x0000, 0x0000, 0x0000, 0x0000,
  0x0000, 0x0000, 0x0000, 0x0000, 0x0000, 0x0000, 0x0000, 0x0000, 0x0000, 0x0000, 0x0000, 0x0000,
  0x0000, 0x0000, 0x0000, 0x0000, 0x0000, 0x0000, 0x0000, 0x0000, 0x0000, 0x0000, 0x0000, 0x0000,
  0x0000, 0x0000, 0x0000, 0x0000, 0x0000, 0x0000, 0x0000, 0x0000, 0x0000, 0x0000, 0x0000, 0x0000,
  0x0000, 0x0000, 0x0000, 0x0000, 0x0000, 0x0000, 0x0000, 0x0000, 0x0000, 0x0000, 0x0000, 0x0000,
  0x0000, 0x0000, 0x0000, 0x0000, 0x0000, 0x0000, 0x0000, 0x0000, 0x0000, 0x0000, 0x0000, 0x0000,
  0x0000, 0x0000, 0x0000, 0x0000, 0x0000, 0x0000, 0x0000, 0x0000, 0x0000, 0x0000, 0x0000, 0x0000,
  0x0000, 0x0000, 0x0000, 0x0000, 0x0000, 0x0000, 0x0000, 0x0000, 0x0000, 0x0000, 0x0000, 0x0000,
  0x0000, 0x0000, 0x0000, 0x0000, 0x0000, 0x0000, 0x0000, 0x0000, 0x0000, 0x0020, 0xCCE0, 0xCCE0,
  0xCCE0, 0xFDA0, 0xFDE1, 0xF5A1, 0xF5A1, 0xFE62, 0xFE42, 0xFE42, 0xFE42, 0xFE41, 0xFEE3, 0xFEE3,
  0xFEE3, 0xFEE3, 0xFEE3, 0xFEE3, 0xFEE3, 0xFEE3, 0xFEE3, 0xFEE3, 0xFEE3, 0xFEE3, 0xFEE3, 0xFEE3,
  0xFEE3, 0xFEE3, 0xFEE3, 0xFEE3, 0xFEE3, 0xFEE3, 0xFEE3, 0xFEE3, 0xFEE3, 0xFEE3, 0xFEE3, 0xFF2A,
  0xFF2B, 0xFF2A, 0xFF0A, 0xFF08, 0xFF07, 0xFF07, 0xFEE2, 0xFEE3, 0xFEE3, 0xFEE3, 0xFEE3, 0xFEE3,
  0xFEE3, 0xFEE3, 0xFEE3, 0xFEE3, 0xFEE3, 0xFEE3, 0xFEE3, 0xFEE3, 0xFEE3, 0xFEE3, 0xFEE3, 0xFEE3,
  0xFEE3, 0xFEE3, 0xFEE3, 0xFEE3, 0xFEE3, 0xFEE3, 0xFEE3, 0xFEE3, 0xFEE3, 0xFEE3, 0xFEE3, 0xFEE3,
  0xFEE3, 0xFEE3, 0xFEE3, 0xFEE3, 0xFEE3, 0xFEE3, 0xFEE3, 0xFEE3, 0xFEE3, 0xFEE3, 0xFEE3, 0xFEE3,
  0xFEE3, 0xFEE3, 0xFEE3, 0xFEE3, 0xFEE3, 0xFEE3, 0xFEE3, 0xFEE3, 0xFEE3, 0xFEC3, 0xFE82, 0xFE82,
  0xFE82, 0xFE02, 0xFE02, 0xFE02, 0xFE02, 0xFE02, 0xFE22, 0xFE22, 0xFE02, 0xFE01, 0xE520, 0xED40,
  0xE520, 0x0840, 0x0000, 0x0000, 0x0000, 0x0000, 0x0000, 0x0000, 0x0000, 0x0000, 0x0000, 0x0000,
  0x0000, 0x0000, 0x0000, 0x0000, 0x0000, 0x0000, 0x0000, 0x0000, 0x0000, 0x0000, 0x0000, 0x0000,
  0x0000, 0x0000, 0x0000, 0x0000, 0x0000, 0x0000, 0x0000, 0x0000, 0x0000, 0x0000, 0x0000, 0x0000,
  0x0000, 0x0000, 0x0000, 0x0000, 0x0000, 0x0000, 0x0000, 0x0000, 0x0000, 0x0000, 0x0000, 0x0000,
  0x0000, 0x0000, 0x0000, 0x0000, 0x0000, 0x0000, 0x0000, 0x0000, 0x0000, 0x0000, 0x0000, 0x0000,
  0x0000, 0x0000, 0x0000, 0x0000, 0x0000, 0x0000, 0x0000, 0x0000, 0x0000, 0x0000, 0x0000, 0x0000,
  0x0000, 0x0000, 0x0000, 0x0000, 0x0000, 0x0000, 0x0000, 0x0000, 0x0000, 0x0000, 0x0000, 0x0000,
  0x0000, 0x0000, 0x0000, 0x0000, 0x0000, 0x0000, 0x0000, 0x0000, 0x0000, 0x0000, 0x0000, 0x0000,
  0x0000, 0x0000, 0x0000, 0x0000, 0x0000, 0x0000, 0x0000, 0x0000, 0x0000, 0x0000, 0x0000, 0x0000,
  0x0000, 0x0000, 0x0000, 0x0000, 0x0000, 0x0000, 0x0000, 0x0000, 0x0000, 0x0000, 0x0000, 0x0000,
  0x0000, 0x0000, 0x0000, 0x0000, 0x0000, 0x0000, 0x0000, 0x0000, 0x0000, 0x0000, 0x0000, 0x0020,
  0x0820, 0xFE40, 0xED60, 0xED40, 0xED60, 0xFE22, 0xFE02, 0xFE02, 0xFE02, 0xFE01, 0xFEE3, 0xFEE3,
  0xFEE3, 0xFEE3, 0xFEE3, 0xFEE3, 0xFEE3, 0xFEE3, 0xFEE3, 0xFEE3, 0xFEE3, 0xFEE3, 0xFEE3, 0xFEE3,
  0xFEE3, 0xFEE3, 0xFEE3, 0xFEE3, 0xFEE3, 0xFEE3, 0xFEE3, 0xFEE3, 0xFEE3, 0xFEE3, 0xFEE3, 0xFEE3,
  0xFEE3, 0xFEE2, 0xFF4D, 0xFF73, 0xFF73, 0xFF94, 0xFEC3, 0xFEE3, 0xFEE2, 0xFEE3, 0xFEE3, 0xFEE3,
  0xFEE3, 0xFEE2, 0xFEE3, 0xFEE3, 0xFEE3, 0xFEE3, 0xFEE3, 0xFEE3, 0xFEE3, 0xFEE3, 0xFEE3, 0xFEE3,
  0xFF03, 0xFF03, 0xFEE3, 0xFEE3, 0xFEE3, 0xFEE3, 0xFEE3, 0xFEE3, 0xFEE3, 0xFEE3, 0xFEE3, 0xFEE3,
  0xFEE3, 0xFEE3, 0xFEE3, 0xFEE3, 0xFEE3, 0xFEE3, 0xFEE3, 0xFEE3, 0xFEE3, 0xFEE3, 0xFEE3, 0xFEE3,
  0xFEE3, 0xFEE3, 0xFEE3, 0xFEE3, 0xFEE3, 0xFEE3, 0xFEE3, 0xFEE3, 0xFEE3, 0xFEE3, 0xFEE3, 0xFEE3,
  0xFF03, 0xFE22, 0xFE22, 0xFE22, 0xFE02, 0xFE02, 0xFE22, 0xFE22, 0xFE02, 0xFE22, 0xED40, 0xED40,
  0xE520, 0x0840, 0x0000, 0x0000, 0x0000, 0x0000, 0x0000, 0x0000, 0x0000, 0x0000, 0x0000, 0x0000,
  0x0000, 0x0000, 0x0000, 0x0000, 0x0000, 0x0000, 0x0000, 0x0000, 0x0000, 0x0000, 0x0000, 0x0000,
  0x0000, 0x0000, 0x0000, 0x0000, 0x0000, 0x0000, 0x0000, 0x0000, 0x0000, 0x0000, 0x0000, 0x0000,
  0x0000, 0x0000, 0x0000, 0x0000, 0x0000, 0x0000, 0x0000, 0x0000, 0x0000, 0x0000, 0x0000, 0x0000,
  0x0000, 0x0000, 0x0000, 0x0000, 0x0000, 0x0000, 0x0000, 0x0000, 0x0000, 0x0000, 0x0000, 0x0000,
  0x0000, 0x0000, 0x0000, 0x0000, 0x0000, 0x0000, 0x0000, 0x0000, 0x0000, 0x0000, 0x0000, 0x0000,
  0x0000, 0x0000, 0x0000, 0x0000, 0x0000, 0x0000, 0x0000, 0x0000, 0x0000, 0x0000, 0x0000, 0x0000,
  0x0000, 0x0000, 0x0000, 0x0000, 0x0000, 0x0000, 0x0000, 0x0000, 0x0000, 0x0000, 0x0000, 0x0000,
  0x0000, 0x0000, 0x0000, 0x0000, 0x0000, 0x0000, 0x0000, 0x0000, 0x0000, 0x0000, 0x0000, 0x0000,
  0x0000, 0x0000, 0x0000, 0x0000, 0x0000, 0x0000, 0x0000, 0x0000, 0x0000, 0x0000, 0x0000, 0x0000,
  0x0000, 0x0000, 0x0000, 0x0000, 0x0000, 0x0000, 0x0000, 0x0000, 0x0000, 0x0000, 0x0000, 0x0000,
  0x0020, 0xFE60, 0xED40, 0xE540, 0xED60, 0xFE22, 0xFE22, 0xFE02, 0xFE02, 0xFE02, 0xFEE3, 0xFEE3,
  0xFEE3, 0xFEE3, 0xFEE3, 0xFEE3, 0xFEE3, 0xFEE3, 0xFEE3, 0xFEE3, 0xFF03, 0xFF03, 0xFEE3, 0xFEE3,
  0xFEE3, 0xFEE3, 0xFEE3, 0xFEE3, 0xFEE3, 0xFEE3, 0xFEE3, 0xFEE3, 0xFEE3, 0xFEE3, 0xFEE3, 0xFEE3,
  0xFEE2, 0xFEE3, 0xFF4D, 0xFF72, 0xFF73, 0xFF95, 0xFEE3, 0xFEE3, 0xFEE2, 0xFEE2, 0xFEE2, 0xFEE3,
  0xFEE3, 0xFEE3, 0xFEE3, 0xFEE3, 0xFEE3, 0xFEE3, 0xFEE3, 0xFEE3, 0xFEE3, 0xFEE3, 0xFEE3, 0xFEE3,
  0xFEE3, 0xFEE3, 0xFF03, 0xFF03, 0xFEE3, 0xFEE3, 0xFEE3, 0xFEE3, 0xFEE3, 0xFEE3, 0xFEE3, 0xFEE3,
  0xFEE3, 0xFEE3, 0xFEE3, 0xFEE3, 0xFEE3, 0xFEE3, 0xFEE3, 0xFEE3, 0xFEE3, 0xFEE3, 0xFEE3, 0xFEE3,
  0xFEE3, 0xFEE3, 0xFEE3, 0xFEE3, 0xFEE3, 0xFEE3, 0xFEE3, 0xFEE3, 0xFEE3, 0xFEE3, 0xFEE3, 0xFEE3,
  0xFF02, 0xFE22, 0xFE02, 0xFE02, 0xFE22, 0xFE02, 0xFE22, 0xFE22, 0xFE22, 0xFE22, 0xED40, 0xE520,
  0xE520, 0x1060, 0x0000, 0x0000, 0x0000, 0x0000, 0x0000, 0x0000, 0x0000, 0x0000, 0x0000, 0x0000,
  0x0000, 0x0000, 0x0000, 0x0000, 0x0000, 0x0000, 0x0000, 0x0000, 0x0000, 0x0000, 0x0000, 0x0000,
  0x0000, 0x0000, 0x0000, 0x0000, 0x0000, 0x0000, 0x0000, 0x0000, 0x0000, 0x0000, 0x0000, 0x0000,
  0x0000, 0x0000, 0x0000, 0x0000, 0x0000, 0x0000, 0x0000, 0x0000, 0x0000, 0x0000, 0x0000, 0x0000,
  0x0000, 0x0000, 0x0000, 0x0000, 0x0000, 0x0000, 0x0000, 0x0000, 0x0000, 0x0000, 0x0000, 0x0000,
  0x0000, 0x0000, 0x0000, 0x0000, 0x0000, 0x0000, 0x0000, 0x0000, 0x0000, 0x0000, 0x0000, 0x0000,
  0x0000, 0x0000, 0x0000, 0x0000, 0x0000, 0x0000, 0x0000, 0x0000, 0x0000, 0x0000, 0x0000, 0x0000,
  0x0000, 0x0000, 0x0000, 0x0000, 0x0000, 0x0000, 0x0000, 0x0000, 0x0000, 0x0000, 0x0000, 0x0000,
  0x0000, 0x0000, 0x0000, 0x0000, 0x0000, 0x0000, 0x0000, 0x0000, 0x0000, 0x0000, 0x0000, 0x0000,
  0x0000, 0x0000, 0x0000, 0x0000, 0x0000, 0x0000, 0x0000, 0x0000, 0x0000, 0x0000, 0x0000, 0x0000,
  0x0000, 0x0000, 0x0000, 0x0000, 0x0000, 0x0000, 0x0000, 0x0000, 0x0000, 0x0000, 0x0000, 0x0000,
  0x0020, 0xFE80, 0xE561, 0xE520, 0xED60, 0xFE42, 0xFE22, 0xFE22, 0xFE22, 0xFE01, 0xFEC3, 0xFEE3,
  0xFEE3, 0xFEE3, 0xFF03, 0xFEE3, 0xFEE3, 0xFEE3, 0xFEE3, 0xFEE3, 0xFEE3, 0xFEE3, 0xFEE3, 0xFEE3,
  0xFEE3, 0xFEE3, 0xFF03, 0xFEE3, 0xFEE3, 0xFEE3, 0xFEE3, 0xFEE3, 0xFEE3, 0xFEE3, 0xFEE3, 0xFEE3,
  0xFEE3, 0xFEE3, 0xFF4D, 0xFF72, 0xFF72, 0xFF95, 0xFEE3, 0xFEE3, 0xFEE3, 0xFEE3, 0xFEE3, 0xFEE3,
  0xFEE3, 0xFEE3, 0xFEE3, 0xFEE3, 0xFEE3, 0xFEE3, 0xFEE3, 0xFEE3, 0xFEE3, 0xFEE3, 0xFEE3, 0xFEE3,
  0xFEE3, 0xFF03, 0xFF03, 0xFEE3, 0xFEE3, 0xFEE3, 0xFEE3, 0xFEE3, 0xFEE3, 0xFEE3, 0xFEE3, 0xFEE3,
  0xFEE3, 0xFEE3, 0xFEE3, 0xFEE3, 0xFEE3, 0xFEE3, 0xFEE3, 0xFEE3, 0xFEE3, 0xFEE3, 0xFEE3, 0xFEE3,
  0xFEE3, 0xFEE3, 0xFEE3, 0xFEE3, 0xFEE3, 0xFEE3, 0xFEE3, 0xFEE3, 0xFEE3, 0xFEE3, 0xFEE3, 0xFEE3,
  0xFF03, 0xFE02, 0xFE02, 0xFE02, 0xFE22, 0xFE22, 0xFE02, 0xFE02, 0xFE22, 0xFE22, 0xE520, 0xE520,
  0xED40, 0x1880, 0x0000, 0x0000, 0x0000, 0x0000, 0x0000, 0x0000, 0x0000, 0x0000, 0x0000, 0x0000,
  0x0000, 0x0000, 0x0000, 0x0000, 0x0000, 0x0000, 0x0000, 0x0000, 0x0000, 0x0000, 0x0000, 0x0000,
  0x0000, 0x0000, 0x0000, 0x0000, 0x0000, 0x0000, 0x0000, 0x0000, 0x0000, 0x0000, 0x0000, 0x0000,
  0x0000, 0x0000, 0x0000, 0x0000, 0x0000, 0x0000, 0x0000, 0x0000, 0x0000, 0x0000, 0x0000, 0x0000,
  0x0000, 0x0000, 0x0000, 0x0000, 0x0000, 0x0000, 0x0000, 0x0000, 0x0000, 0x0000, 0x0000, 0x0000,
  0x0000, 0x0000, 0x0000, 0x0000, 0x0000, 0x0000, 0x0000, 0x0000, 0x0000, 0x0000, 0x0000, 0x0000,
  0x0000, 0x0000, 0x0000, 0x0000, 0x0000, 0x0000, 0x0000, 0x0000, 0x0000, 0x0000, 0x0000, 0x0000,
  0x0000, 0x0000, 0x0000, 0x0000, 0x0000, 0x0000, 0x0000, 0x0000, 0x0000, 0x0000, 0x0000, 0x0000,
  0x0000, 0x0000, 0x0000, 0x0000, 0x0000, 0x0000, 0x0000, 0x0000, 0x0000, 0x0000, 0x0000, 0x0000,
  0x0000, 0x0000, 0x0000, 0x0000, 0x0000, 0x0000, 0x0000, 0x0000, 0x0000, 0x0000, 0x0000, 0x0000,
  0x0000, 0x0000, 0x0000, 0x0000, 0x0000, 0x0000, 0x0000, 0x0000, 0x0000, 0x0000, 0x0000, 0x0000,
  0x0000, 0x0000, 0x0000, 0x0000, 0xC480, 0xED60, 0xED60, 0xED80, 0xFE22, 0xFE02, 0xFE01, 0xFE02,
  0xFE02, 0xFF02, 0xFEE3, 0xFEE3, 0xFEE3, 0xFEE3, 0xFEE3, 0xFF03, 0xFEE3, 0xFEE3, 0xFEE3, 0xFEE3,
  0xFF03, 0xFEE3, 0xFEE3, 0xFEE3, 0xFEE3, 0xFEE3, 0xFEE3, 0xFEE3, 0xFEE3, 0xFEE3, 0xFEE3, 0xFEE3,
  0xFEE3, 0xFEE3, 0xFEE3, 0xFEE3, 0xFEE3, 0xFEE3, 0xFEE3, 0xFEE3, 0xFEE3, 0xFEE3, 0xFEE3, 0xFEE3,
  0xFEE3, 0xFEE3, 0xFEE3, 0xFEE3, 0xFEE3, 0xFEE3, 0xFEE3, 0xFEE3, 0xFEE3, 0xFF03, 0xFEE3, 0xFF03,
  0xFEE3, 0xFF03, 0xFEE3, 0xFEE3, 0xFEE3, 0xFEE3, 0xFEE3, 0xFEE3, 0xFEE3, 0xFEE3, 0xFEE3, 0xFEE3,
  0xFEE3, 0xFEE3, 0xFEE3, 0xFEE3, 0xFEE3, 0xFEE3, 0xFEE3, 0xFEE3, 0xFEE3, 0xFEE3, 0xFEE3, 0xFEE3,
  0xFEE3, 0xFEE3, 0xFEE3, 0xFEE3, 0xFEE3, 0xFEE3, 0xFEE3, 0xFEE3, 0xFEE3, 0xFEE3, 0xFEE3, 0xFEE3,
  0xFF03, 0xFE22, 0xFE01, 0xFE02, 0xFE22, 0xFE22, 0xFE02, 0xFE02, 0xFE02, 0xFE22, 0xE540, 0xED40,
  0xED60, 0x1060, 0x0000, 0x0000, 0x0000, 0x0000, 0x0000, 0x0000, 0x0000, 0x0000, 0x0000, 0x0000,
  0x0000, 0x0000, 0x0000, 0x0000, 0x0000, 0x0000, 0x0000, 0x0000, 0x0000, 0x0000, 0x0000, 0x0000,
  0x0000, 0x0000, 0x0000, 0x0000, 0x0000, 0x0000, 0x0000, 0x0000, 0x0000, 0x0000, 0x0000, 0x0000,
  0x0000, 0x0000, 0x0000, 0x0000, 0x0000, 0x0000, 0x0000, 0x0000, 0x0000, 0x0000, 0x0000, 0x0000,
  0x0000, 0x0000, 0x0000, 0x0000, 0x0000, 0x0000, 0x0000, 0x0000, 0x0000, 0x0000, 0x0000, 0x0000,
  0x0000, 0x0000, 0x0000, 0x0000, 0x0000, 0x0000, 0x0000, 0x0000, 0x0000, 0x0000, 0x0000, 0x0000,
  0x0000, 0x0000, 0x0000, 0x0000, 0x0000, 0x0000, 0x0000, 0x0000, 0x0000, 0x0000, 0x0000, 0x0000,
  0x0000, 0x0000, 0x0000, 0x0000, 0x0000, 0x0000, 0x0000, 0x0000, 0x0000, 0x0000, 0x0000, 0x0000,
  0x0000, 0x0000, 0x0000, 0x0000, 0x0000, 0x0000, 0x0000, 0x0000, 0x0000, 0x0000, 0x0000, 0x0000,
  0x0000, 0x0000, 0x0000, 0x0000, 0x0000, 0x0000, 0x0000, 0x0000, 0x0000, 0x0000, 0x0000, 0x0000,
  0x0000, 0x0000, 0x0000, 0x0000, 0x0000, 0x0000, 0x0000, 0x0000, 0x0000, 0x0000, 0x0000, 0x0000,
  0x0000, 0x0000, 0x0000, 0x0000, 0xC4A0, 0xED40, 0xED60, 0xF580, 0xFE02, 0xFE01, 0xFE02, 0xFE02,
  0xFE02, 0xFEE3, 0xFEE3, 0xFEE3, 0xFEE3, 0xFEE3, 0xFEE3, 0xFF03, 0xFEE3, 0xFEE3, 0xFEE3, 0xFEE3,
  0xFF03, 0xFEE3, 0xFEE3, 0xFEE3, 0xFEE3, 0xFEE3, 0xFEE3, 0xFEE3, 0xFEE3, 0xFEE3, 0xFEE3, 0xFEE3,
  0xFEE3, 0xFEE3, 0xFEE3, 0xFEE3, 0xFEE3, 0xFEE3, 0xFEE3, 0xFEE3, 0xFEE3, 0xFEE3, 0xFEE3, 0xFEE3,
  0xFEE3, 0xFEE3, 0xFEE3, 0xFEE3, 0xFEE3, 0xFEE3, 0xFEE3, 0xFEE3, 0xFEE3, 0xFEE3, 0xFEE3, 0xFEE3,
  0xFEE3, 0xFF03, 0xFF03, 0xFF03, 0xFEE3, 0xFEE3, 0xFEE3, 0xFEE3, 0xFEE3, 0xFEE3, 0xFEE3, 0xFEE3,
  0xFEE3, 0xFEE3, 0xFEE3, 0xFEE3, 0xFEE3, 0xFF03, 0xFEE3, 0xFEE3, 0xFEE3, 0xFEE3, 0xFEE3, 0xFEE3,
  0xFEE3, 0xFEE3, 0xFEE3, 0xFEE3, 0xFEE3, 0xFEE3, 0xFEE3, 0xFEE3, 0xFEE3, 0xFEE3, 0xFEE3, 0xFEE3,
  0xFF03, 0xFE02, 0xFE02, 0xFE22, 0xFE22, 0xFE22, 0xFE02, 0xFE02, 0xFE02, 0xFE02, 0xED60, 0xF580,
  0xED40, 0x4980, 0x4180, 0x49C0, 0x20A0, 0x0000, 0x0000, 0x0000, 0x0000, 0x0000, 0x0000, 0x0000,
  0x0000, 0x0000, 0x0000, 0x0000, 0x0000, 0x0000, 0x0000, 0x0000, 0x0000, 0x0000, 0x0000, 0x0000,
  0x0000, 0x0000, 0x0000, 0x0000, 0x0000, 0x0000, 0x0000, 0x0000, 0x0000, 0x0000, 0x0000, 0x0000,
  0x0000, 0x0000, 0x0000, 0x0000, 0x0000, 0x0000, 0x0000, 0x0000, 0x0000, 0x0000, 0x0000, 0x0000,
  0x0000, 0x0000, 0x0000, 0x0000, 0x0000, 0x0000, 0x0000, 0x0000, 0x0000, 0x0000, 0x0000, 0x0000,
  0x0000, 0x0000, 0x0000, 0x0000, 0x0000, 0x0000, 0x0000, 0x0000, 0x0000, 0x0000, 0x0000, 0x0000,
  0x0000, 0x0000, 0x0000, 0x0000, 0x0000, 0x0000, 0x0000, 0x0000, 0x0000, 0x0000, 0x0000, 0x0000,
  0x0000, 0x0000, 0x0000, 0x0000, 0x0000, 0x0000, 0x0000, 0x0000, 0x0000, 0x0000, 0x0000, 0x0000,
  0x0000, 0x0000, 0x0000, 0x0000, 0x0000, 0x0000, 0x0000, 0x0000, 0x0000, 0x0000, 0x0000, 0x0000,
  0x0000, 0x0000, 0x0000, 0x0000, 0x0000, 0x0000, 0x0000, 0x0000, 0x0000, 0x0000, 0x0000, 0x0000,
  0x0000, 0x0000, 0x0000, 0x0000, 0x0000, 0x0000, 0x0000, 0x0000, 0x0000, 0x0000, 0x0000, 0x0000,
  0x0000, 0x0000, 0x0000, 0x0000, 0xB460, 0xE520, 0xED40, 0xED60, 0xFDE1, 0xFE01, 0xFE22, 0xFE22,
  0xFE02, 0xFE01, 0xFE02, 0xFE02, 0xFEE3, 0xFEE3, 0xFEE3, 0xFEE3, 0xFEE3, 0xFEE3, 0xFEE3, 0xFEE3,
  0xFEE3, 0xFEE3, 0xFEE3, 0xFEE3, 0xFEE3, 0xFEE3, 0xFEE3, 0xFEE3, 0xFEE3, 0xFEE3, 0xFEE3, 0xFEE3,
  0xFEE3, 0xFEE3, 0xFEE3, 0xFEE3, 0xFEE3, 0xFEE3, 0xFEE3, 0xFEE3, 0xFEE3, 0xFEE3, 0xFEE3, 0xFEE3,
  0xFF04, 0xFF73, 0xFF73, 0xFF71, 0xFEE3, 0xFEE3, 0xFEE3, 0xFEE3, 0xFEE3, 0xFEE3, 0xFEE3, 0xFEE3,
  0xFEE3, 0xFEE3, 0xFEE3, 0xFEE3, 0xFEE3, 0xFF03, 0xFEE3, 0xFEE3, 0xFEE3, 0xFEE3, 0xFEE3, 0xFEE3,
  0xFEE3, 0xFEE3, 0xFEE3, 0xFEE3, 0xFEE3, 0xFEE3, 0xFEE3, 0xFEE3, 0xFEE3, 0xFEE3, 0xFEE3, 0xFEE3,
  0xFEE3, 0xFEE3, 0xFEE3, 0xFEE3, 0xFEE3, 0xFEE3, 0xFEE3, 0xFEE3, 0xFEE3, 0xFEE3, 0xFEE3, 0xFEE3,
  0xFEE3, 0xFEE3, 0xFEC3, 0xFEC2, 0xFE02, 0xFE22, 0xFE22, 0xFE02, 0xFE02, 0xFE02, 0xFE22, 0xFE22,
  0xFE01, 0xDCC0, 0xE500, 0xED40, 0x49A0, 0x0000, 0x0000, 0x0000, 0x0000, 0x0000, 0x0000, 0x0000,
  0x0000, 0x0000, 0x0000, 0x0000, 0x0000, 0x0000, 0x0000, 0x0000, 0x0000, 0x0000, 0x0000, 0x0000,
  0x0000, 0x0000, 0x0000, 0x0000, 0x0000, 0x0000, 0x0000, 0x0000, 0x0000, 0x0000, 0x0000, 0x0000,
  0x0000, 0x0000, 0x0000, 0x0000, 0x0000, 0x0000, 0x0000, 0x0000, 0x0000, 0x0000, 0x0000, 0x0000,
  0x0000, 0x0000, 0x0000, 0x0000, 0x0000, 0x0000, 0x0000, 0x0000, 0x0000, 0x0000, 0x0000, 0x0000,
  0x0000, 0x0000, 0x0000, 0x0000, 0x0000, 0x0000, 0x0000, 0x0000, 0x0000, 0x0000, 0x0000, 0x0000,
  0x0000, 0x0000, 0x0000, 0x0000, 0x0000, 0x0000, 0x0000, 0x0000, 0x0000, 0x0000, 0x0000, 0x0000,
  0x0000, 0x0000, 0x0000, 0x0000, 0x0000, 0x0000, 0x0000, 0x0000, 0x0000, 0x0000, 0x0000, 0x0000,
  0x0000, 0x0000, 0x0000, 0x0000, 0x0000, 0x0000, 0x0000, 0x0000, 0x0000, 0x0000, 0x0000, 0x0000,
  0x0000, 0x0000, 0x0000, 0x0000, 0x0000, 0x0000, 0x0000, 0x0000, 0x0000, 0x0000, 0x0000, 0x0000,
  0x0000, 0x0000, 0x0000, 0x0000, 0x0000, 0x0000, 0x0000, 0x0000, 0x0000, 0x0000, 0x0000, 0x0000,
  0x0000, 0x0000, 0x0000, 0x0000, 0x0000, 0x0020, 0x0840, 0x3140, 0xE520, 0xED40, 0xF580, 0xED80,
  0xE540, 0xF5C1, 0xFE02, 0xFE02, 0xFEE3, 0xFF03, 0xFEE3, 0xFEE3, 0xFEE3, 0xFF03, 0xFEE3, 0xFEE3,
  0xFEE3, 0xFEE3, 0xFEE3, 0xFEE3, 0xFEE3, 0xFEE3, 0xFEE3, 0xFEE3, 0xFEE3, 0xFEE3, 0xFEE3, 0xFEE3,
  0xFEE3, 0xFEE3, 0xFEE3, 0xFEE3, 0xFEE3, 0xFEE3, 0xFEE3, 0xFEE3, 0xFEE3, 0xFEE3, 0xFEE3, 0xFEE3,
  0xFF03, 0xFF72, 0xFF73, 0xFF72, 0xFEE2, 0xFEE3, 0xFEE3, 0xFF03, 0xFEE3, 0xFEE3, 0xFEE3, 0xFEE3,
  0xFEE3, 0xFEE3, 0xFEE3, 0xFEE3, 0xFEE3, 0xFEE3, 0xFEE3, 0xFEE3, 0xFEE3, 0xFEE3, 0xFEE3, 0xFEE3,
  0xFEE3, 0xFEE3, 0xFEE3, 0xFEE3, 0xFEE3, 0xFEE3, 0xFEE3, 0xFEE3, 0xFEE3, 0xFEE3, 0xFEE3, 0xFEE3,
  0xFEE3, 0xFEE3, 0xFEE3, 0xFEE3, 0xFEE3, 0xFEE3, 0xFEE3, 0xFEE3, 0xFEE3, 0xFEE3, 0xFEE3, 0xFEE3,
  0xFEE3, 0xFEE3, 0xFEE3, 0xFEC2, 0xFE02, 0xFE02, 0xFE02, 0xFE02, 0xFE02, 0xFE02, 0xFE22, 0xFE02,
  0xFE01, 0xE500, 0xED40, 0xED40, 0x4180, 0x0000, 0x0000, 0x0000, 0x0000, 0x0000, 0x0000, 0x0000,
  0x0000, 0x0000, 0x0000, 0x0000, 0x0000, 0x0000, 0x0000, 0x0000, 0x0000, 0x0000, 0x0000, 0x0000,
  0x0000, 0x0000, 0x0000, 0x0000, 0x0000, 0x0000, 0x0000, 0x0000, 0x0000, 0x0000, 0x0000, 0x0000,
  0x0000, 0x0000, 0x0000, 0x0000, 0x0000, 0x0000, 0x0000, 0x0000, 0x0000, 0x0000, 0x0000, 0x0000,
  0x0000, 0x0000, 0x0000, 0x0000, 0x0000, 0x0000, 0x0000, 0x0000, 0x0000, 0x0000, 0x0000, 0x0000,
  0x0000, 0x0000, 0x0000, 0x0000, 0x0000, 0x0000, 0x0000, 0x0000, 0x0000, 0x0000, 0x0000, 0x0000,
  0x0000, 0x0000, 0x0000, 0x0000, 0x0000, 0x0000, 0x0000, 0x0000, 0x0000, 0x0000, 0x0000, 0x0000,
  0x0000, 0x0000, 0x0000, 0x0000, 0x0000, 0x0000, 0x0000, 0x0000, 0x0000, 0x0000, 0x0000, 0x0000,
  0x0000, 0x0000, 0x0000, 0x0000, 0x0000, 0x0000, 0x0000, 0x0000, 0x0000, 0x0000, 0x0000, 0x0000,
  0x0000, 0x0000, 0x0000, 0x0000, 0x0000, 0x0000, 0x0000, 0x0000, 0x0000, 0x0000, 0x0000, 0x0000,
  0x0000, 0x0000, 0x0000, 0x0000, 0x0000, 0x0000, 0x0000, 0x0000, 0x0000, 0x0000, 0x0000, 0x0000,
  0x0000, 0x0000, 0x0000, 0x0000, 0x0000, 0x0000, 0x0000, 0x3960, 0xE520, 0xED60, 0xED60, 0xE540,
  0xE540, 0xED81, 0xFE02, 0xFE22, 0xFF03, 0xFEE3, 0xFEE3, 0xFEE3, 0xFEE3, 0xFEE3, 0xFEE3, 0xFEE3,
  0xFEE3, 0xFEE3, 0xFEE3, 0xFF03, 0xFEE3, 0xFEE3, 0xFEE3, 0xFEE3, 0xFEE3, 0xFEE3, 0xFEE3, 0xFEE3,
  0xFEE3, 0xFEE3, 0xFEE3, 0xFEE3, 0xFEE3, 0xFEE3, 0xFEE3, 0xFEE3, 0xFEE3, 0xFEE3, 0xFEE3, 0xFEE3,
  0xFEE4, 0xFF72, 0xFF72, 0xFF71, 0xFEE3, 0xFEE3, 0xFEE3, 0xFF04, 0xFF04, 0xFEE3, 0xFEE3, 0xFF03,
  0xFEE3, 0xFEE3, 0xFEE3, 0xFEE3, 0xFEE3, 0xFEE3, 0xFEE3, 0xFEE3, 0xFEE3, 0xFEE3, 0xFEE3, 0xFEE3,
  0xFF03, 0xFEE3, 0xFF03, 0xFF03, 0xFEE3, 0xFEE3, 0xFEE3, 0xFEE3, 0xFEE3, 0xFEE3, 0xFF03, 0xFF03,
  0xFEE3, 0xFEE3, 0xFEE3, 0xFEE3, 0xFEE3, 0xFEE3, 0xFEE3, 0xFEE3, 0xFEE3, 0xFEE3, 0xFEE3, 0xFEE3,
  0xFEE3, 0xFEE3, 0xFEE3, 0xFEE3, 0xFE02, 0xFE02, 0xFE02, 0xFE02, 0xFE02, 0xFE02, 0xFE02, 0xFE02,
  0xFE02, 0xED40, 0xED40, 0xE540, 0x4180, 0x0000, 0x0000, 0x0000, 0x0000, 0x0000, 0x0000, 0x0000,
  0x0000, 0x0000, 0x0000, 0x0000, 0x0000, 0x0000, 0x0000, 0x0000, 0x0000, 0x0000, 0x0000, 0x0000,
  0x0000, 0x0000, 0x0000, 0x0000, 0x0000, 0x0000, 0x0000, 0x0000, 0x0000, 0x0000, 0x0000, 0x0000,
  0x0000, 0x0000, 0x0000, 0x0000, 0x0000, 0x0000, 0x0000, 0x0000, 0x0000, 0x0000, 0x0000, 0x0000,
  0x0000, 0x0000, 0x0000, 0x0000, 0x0000, 0x0000, 0x0000, 0x0000, 0x0000, 0x0000, 0x0000, 0x0000,
  0x0000, 0x0000, 0x0000, 0x0000, 0x0000, 0x0000, 0x0000, 0x0000, 0x0000, 0x0000, 0x0000, 0x0000,
  0x0000, 0x0000, 0x0000, 0x0000, 0x0000, 0x0000, 0x0000, 0x0000, 0x0000, 0x0000, 0x0000, 0x0000,
  0x0000, 0x0000, 0x0000, 0x0000, 0x0000, 0x0000, 0x0000, 0x0000, 0x0000, 0x0000, 0x0000, 0x0000,
  0x0000, 0x0000, 0x0000, 0x0000, 0x0000, 0x0000, 0x0000, 0x0000, 0x0000, 0x0000, 0x0000, 0x0000,
  0x0000, 0x0000, 0x0000, 0x0000, 0x0000, 0x0000, 0x0000, 0x0000, 0x0000, 0x0000, 0x0000, 0x0000,
  0x0000, 0x0000, 0x0000, 0x0000, 0x0000, 0x0000, 0x0000, 0x0000, 0x0000, 0x0000, 0x0000, 0x0000,
  0x0000, 0x0000, 0x0000, 0x0000, 0x0000, 0x0000, 0x0000, 0x3980, 0xE540, 0xED60, 0xED40, 0xE520,
  0xED60, 0xED60, 0xFE02, 0xFE22, 0xFE21, 0xFE01, 0xFE01, 0xFE01, 0xFE01, 0xFE02, 0xFEE3, 0xFEE3,
  0xFEE3, 0xFEE3, 0xFEE3, 0xFEE3, 0xFEE3, 0xFEE3, 0xFEE3, 0xFEE3, 0xFEE3, 0xFEE3, 0xFEE3, 0xFEE3,
  0xFEE3, 0xFEE3, 0xFEE3, 0xFEE3, 0xFEE3, 0xFEE3, 0xFEE3, 0xFEE3, 0xFEE3, 0xFEE3, 0xFEE3, 0xFEE3,
  0xFEE3, 0xFEE1, 0xFEE1, 0xFEC1, 0xFEE3, 0xFEE3, 0xFEE3, 0xFF97, 0xFF94, 0xFF94, 0xFF71, 0xFEE3,
  0xFEE3, 0xFEE3, 0xFEE3, 0xFEE3, 0xFEE3, 0xFEE3, 0xFEE3, 0xFEE3, 0xFEE3, 0xFEE3, 0xFEE3, 0xFEE3,
  0xFEE3, 0xFEE3, 0xFEE3, 0xFEE3, 0xFEE3, 0xFEE3, 0xFEE3, 0xFEE3, 0xFEE3, 0xFEE3, 0xFEE3, 0xFEE3,
  0xFEE3, 0xFEE3, 0xFEE3, 0xFEE3, 0xFEE3, 0xFEE3, 0xFEE3, 0xFEE3, 0xFEE3, 0xFEE3, 0xFEE3, 0xFEE3,
  0xFEE3, 0xFEE3, 0xFEE3, 0xFEE3, 0xFE02, 0xFE02, 0xFE02, 0xFE02, 0xFE22, 0xFE02, 0xFE02, 0xFE02,
  0xFE02, 0xED40, 0xE520, 0xE520, 0x49A0, 0x0000, 0x0000, 0x0000, 0x0000, 0x0000, 0x0000, 0x0000,
  0x0000, 0x0000, 0x0000, 0x0000, 0x0000, 0x0000, 0x0000, 0x0000, 0x0000, 0x0000, 0x0000, 0x0000,
  0x0000, 0x0000, 0x0000, 0x0000, 0x0000, 0x0000, 0x0000, 0x0000, 0x0000, 0x0000, 0x0000, 0x0000,
  0x0000, 0x0000, 0x0000, 0x0000, 0x0000, 0x0000, 0x0000, 0x0000, 0x0000, 0x0000, 0x0000, 0x0000,
  0x0000, 0x0000, 0x0000, 0x0000, 0x0000, 0x0000, 0x0000, 0x0000, 0x0000, 0x0000, 0x0000, 0x0000,
  0x0000, 0x0000, 0x0000, 0x0000, 0x0000, 0x0000, 0x0000, 0x0000, 0x0000, 0x0000, 0x0000, 0x0000,
  0x0000, 0x0000, 0x0000, 0x0000, 0x0000, 0x0000, 0x0000, 0x0000, 0x0000, 0x0000, 0x0000, 0x0000,
  0x0000, 0x0000, 0x0000, 0x0000, 0x0000, 0x0000, 0x0000, 0x0000, 0x0000, 0x0000, 0x0000, 0x0000,
  0x0000, 0x0000, 0x0000, 0x0000, 0x0000, 0x0000, 0x0000, 0x0000, 0x0000, 0x0000, 0x0000, 0x0000,
  0x0000, 0x0000, 0x0000, 0x0000, 0x0000, 0x0000, 0x0000, 0x0000, 0x0000, 0x0000, 0x0000, 0x0000,
  0x0000, 0x0000, 0x0000, 0x0000, 0x0000, 0x0000, 0x0000, 0x0000, 0x0000, 0x0000, 0x0000, 0x0000,
  0x0000, 0x0000, 0x0000, 0x0000, 0x0000, 0x0000, 0x0000, 0x0000, 0x0000, 0x0000, 0x0000, 0x0000,
  0x0000, 0xFDC0, 0xED60, 0xED60, 0xED60, 0xFE02, 0xFE02, 0xFE22, 0xFE02, 0xFE02, 0xFF03, 0xFEE3,
  0xFEE3, 0xFEE3, 0xFEE3, 0xFEE3, 0xFEE3, 0xFEE3, 0xFEE3, 0xFEE3, 0xFEE3, 0xFEE3, 0xFEE3, 0xFEE3,
  0xFEE3, 0xFEE3, 0xFEE3, 0xFEE3, 0xFEE3, 0xFEE3, 0xFEE3, 0xFEE3, 0xFEE3, 0xFEE3, 0xFEE3, 0xFEE3,
  0xFEE3, 0xFEE3, 0xFEE3, 0xFEE3, 0xFEE3, 0xFEE3, 0xFEE2, 0xFF74, 0xFF73, 0xFF74, 0xFF70, 0xFEE2,
  0xFEE3, 0xFEE3, 0xFEE3, 0xFEE3, 0xFEE3, 0xFEE3, 0xFEE3, 0xFEE3, 0xFEE3, 0xFEE3, 0xFEE3, 0xFEE3,
  0xFEE3, 0xFEE3, 0xFEE3, 0xFEE3, 0xFEE3, 0xFEE3, 0xFEE3, 0xFEE3, 0xFEE3, 0xFEE3, 0xFEE3, 0xFEE3,
  0xFEE3, 0xFEE3, 0xFEE3, 0xFEE3, 0xFEE3, 0xFEE3, 0xFEE3, 0xFEE3, 0xFEE3, 0xFEE3, 0xFEE3, 0xFEE3,
  0xFEE3, 0xFEE3, 0xFEE3, 0xFEE3, 0xFE22, 0xFE02, 0xFE02, 0xFE22, 0xFE22, 0xFE22, 0xFE02, 0xFE02,
  0xFE02, 0xE520, 0xE520, 0xE520, 0x49A0, 0x0000, 0x0000, 0x0000, 0x0000, 0x0000, 0x0000, 0x0000,
  0x0000, 0x0000, 0x0000, 0x0000, 0x0000, 0x0000, 0x0000, 0x0000, 0x0000, 0x0000, 0x0000, 0x0000,
  0x0000, 0x0000, 0x0000, 0x0000, 0x0000, 0x0000, 0x0000, 0x0000, 0x0000, 0x0000, 0x0000, 0x0000,
  0x0000, 0x0000, 0x0000, 0x0000, 0x0000, 0x0000, 0x0000, 0x0000, 0x0000, 0x0000, 0x0000, 0x0000,
  0x0000, 0x0000, 0x0000, 0x0000, 0x0000, 0x0000, 0x0000, 0x0000, 0x0000, 0x0000, 0x0000, 0x0000,
  0x0000, 0x0000, 0x0000, 0x0000, 0x0000, 0x0000, 0x0000, 0x0000, 0x0000, 0x0000, 0x0000, 0x0000,
  0x0000, 0x0000, 0x0000, 0x0000, 0x0000, 0x0000, 0x0000, 0x0000, 0x0000, 0x0000, 0x0000, 0x0000,
  0x0000, 0x0000, 0x0000, 0x0000, 0x0000, 0x0000, 0x0000, 0x0000, 0x0000, 0x0000, 0x0000, 0x0000,
  0x0000, 0x0000, 0x0000, 0x0000, 0x0000, 0x0000, 0x0000, 0x0000, 0x0000, 0x0000, 0x0000, 0x0000,
  0x0000, 0x0000, 0x0000, 0x0000, 0x0000, 0x0000, 0x0000, 0x0000, 0x0000, 0x0000, 0x0000, 0x0000,
  0x0000, 0x0000, 0x0000, 0x0000, 0x0000, 0x0000, 0x0000, 0x0000, 0x0000, 0x0000, 0x0000, 0x0000,
  0x0000, 0x0000, 0x0000, 0x0000, 0x0000, 0x0000, 0x0000, 0x0000, 0x0000, 0x0000, 0x0000, 0x0000,
  0x0020, 0xFDE0, 0xED60, 0xED60, 0xE520, 0xFE01, 0xFE22, 0xFE22, 0xFE01, 0xFE01, 0xFEE3, 0xFEE3,
  0xFEE3, 0xFEE3, 0xFEE3, 0xFEE3, 0xFEE3, 0xFEE3, 0xFEE3, 0xFEE3, 0xFEE3, 0xFEE3, 0xFEE3, 0xFEE3,
  0xFEE3, 0xFEE3, 0xFEE3, 0xFEE3, 0xFEE3, 0xFEE3, 0xFEE3, 0xFEE3, 0xFEE3, 0xFEE3, 0xFEE3, 0xFEE3,
  0xFEE3, 0xFEE3, 0xFEE3, 0xFEE3, 0xFEE3, 0xFEE3, 0xFEE2, 0xFF73, 0xFF73, 0xFF74, 0xFF91, 0xFEE2,
  0xFEE3, 0xFEE3, 0xFEE3, 0xFEE3, 0xFEE3, 0xFEE3, 0xFEE3, 0xFEE3, 0xFEE3, 0xFEE3, 0xFEE3, 0xFEE3,
  0xFEE3, 0xFEE3, 0xFEE3, 0xFEE3, 0xFEE3, 0xFEE3, 0xFEE3, 0xFEE3, 0xFEE3, 0xFEE3, 0xFEE3, 0xFEE3,
  0xFEE3, 0xFEE3, 0xFEE3, 0xFEE3, 0xFEE3, 0xFEE3, 0xFEE3, 0xFEE3, 0xFEE3, 0xFEE3, 0xFEE3, 0xFEE3,
  0xFEE3, 0xFEE3, 0xFEE3, 0xFEE3, 0xFE22, 0xFE22, 0xFE02, 0xFE22, 0xFE22, 0xFE22, 0xFE02, 0xFE22,
  0xFE02, 0xE520, 0xE520, 0xE520, 0x4980, 0x0000, 0x0000, 0x0000, 0x0000, 0x0000, 0x0000, 0x0000,
  0x0000, 0x0000, 0x0000, 0x0000, 0x0000, 0x0000, 0x0000, 0x0000, 0x0000, 0x0000, 0x0000, 0x0000,
  0x0000, 0x0000, 0x0000, 0x0000, 0x0000, 0x0000, 0x0000, 0x0000, 0x0000, 0x0000, 0x0000, 0x0000,
  0x0000, 0x0000, 0x0000, 0x0000, 0x0000, 0x0000, 0x0000, 0x0000, 0x0000, 0x0000, 0x0000, 0x0000,
  0x0000, 0x0000, 0x0000, 0x0000, 0x0000, 0x0000, 0x0000, 0x0000, 0x0000, 0x0000, 0x0000, 0x0000,
  0x0000, 0x0000, 0x0000, 0x0000, 0x0000, 0x0000, 0x0000, 0x0000, 0x0000, 0x0000, 0x0000, 0x0000,
  0x0000, 0x0000, 0x0000, 0x0000, 0x0000, 0x0000, 0x0000, 0x0000, 0x0000, 0x0000, 0x0000, 0x0000,
  0x0000, 0x0000, 0x0000, 0x0000, 0x0000, 0x0000, 0x0000, 0x0000, 0x0000, 0x0000, 0x0000, 0x0000,
  0x0000, 0x0000, 0x0000, 0x0000, 0x0000, 0x0000, 0x0000, 0x0000, 0x0000, 0x0000, 0x0000, 0x0000,
  0x0000, 0x0000, 0x0000, 0x0000, 0x0000, 0x0000, 0x0000, 0x0000, 0x0000, 0x0000, 0x0000, 0x0000,
  0x0000, 0x0000, 0x0000, 0x0000, 0x0000, 0x0000, 0x0000, 0x0000, 0x0000, 0x0000, 0x0000, 0x0000,
  0x0000, 0x0000, 0x0000, 0x0000, 0x0000, 0x0000, 0x0000, 0x0000, 0x0000, 0x0000, 0x0000, 0x0000,
  0x0020, 0xF5C0, 0xE520, 0xED20, 0xDCE0, 0xFDE1, 0xFE22, 0xFDE1, 0xFE01, 0xFE01, 0xFEA3, 0xFEC3,
  0xFEC3, 0xFEC3, 0xFEA2, 0xFEA3, 0xFEE3, 0xFEE3, 0xFF03, 0xFEE3, 0xFEE3, 0xFEE3, 0xFEE3, 0xFEE3,
  0xFEE3, 0xFF03, 0xFEE3, 0xFEE3, 0xFEE3, 0xFEE3, 0xFEE3, 0xFEE3, 0xFEE3, 0xFEE3, 0xFEE3, 0xFEE3,
  0xFEE3, 0xFEE3, 0xFEE3, 0xFEE3, 0xFEE3, 0xFEE3, 0xFEE3, 0xFF4E, 0xFF4E, 0xFF4E, 0xFF4E, 0xFEE3,
  0xFEE3, 0xFEE3, 0xFEE3, 0xFEE3, 0xFEE3, 0xFEE3, 0xFEE3, 0xFEE3, 0xFEE3, 0xFEE3, 0xFEE3, 0xFEE3,
  0xFEE3, 0xFEE3, 0xFEE3, 0xFEE3, 0xFEE3, 0xFEE3, 0xFEE3, 0xFEE3, 0xFEE3, 0xFEE3, 0xFEE3, 0xFEE3,
  0xFEE3, 0xFEE3, 0xFEE3, 0xFEE3, 0xFEE3, 0xFEE3, 0xFEE3, 0xFEE3, 0xFEE3, 0xFEE3, 0xFEE3, 0xFEE3,
  0xFEE3, 0xFEE3, 0xFEE3, 0xFEE2, 0xFE42, 0xFE42, 0xFE22, 0xFE02, 0xFE22, 0xFE02, 0xFE02, 0xFE02,
  0xFE02, 0xE520, 0xE520, 0xE520, 0x4980, 0x0000, 0x0000, 0x0000, 0x0000, 0x0000, 0x0000, 0x0000,
  0x0000, 0x0000, 0x0000, 0x0000, 0x0000, 0x0000, 0x0000, 0x0000, 0x0000, 0x0000, 0x0000, 0x0000,
  0x0000, 0x0000, 0x0000, 0x0000, 0x0000, 0x0000, 0x0000, 0x0000, 0x0000, 0x0000, 0x0000, 0x0000,
  0x0000, 0x0000, 0x0000, 0x0000, 0x0000, 0x0000, 0x0000, 0x0000, 0x0000, 0x0000, 0x0000, 0x0000,
  0x0000, 0x0000, 0x0000, 0x0000, 0x0000, 0x0000, 0x0000, 0x0000, 0x0000, 0x0000, 0x0000, 0x0000,
  0x0000, 0x0000, 0x0000, 0x0000, 0x0000, 0x0000, 0x0000, 0x0000, 0x0000, 0x0000, 0x0000, 0x0000,
  0x0000, 0x0000, 0x0000, 0x0000, 0x0000, 0x0000, 0x0000, 0x0000, 0x0000, 0x0000, 0x0000, 0x0000,
  0x0000, 0x0000, 0x0000, 0x0000, 0x0000, 0x0000, 0x0000, 0x0000, 0x0000, 0x0000, 0x0000, 0x0000,
  0x0000, 0x0000, 0x0000, 0x0000, 0x0000, 0x0000, 0x0000, 0x0000, 0x0000, 0x0000, 0x0000, 0x0000,
  0x0000, 0x0000, 0x0000, 0x0000, 0x0000, 0x0000, 0x0000, 0x0000, 0x0000, 0x0000, 0x0000, 0x0000,
  0x0000, 0x0000, 0x0000, 0x0000, 0x0000, 0x0000, 0x0000, 0x0000, 0x0000, 0x0000, 0x0000, 0x0000,
  0x0000, 0x0000, 0x0000, 0x0000, 0x0000, 0x0000, 0x0000, 0x0000, 0x0000, 0x0000, 0x0000, 0x0000,
  0x0000, 0x0020, 0x0020, 0x0840, 0xE540, 0xED60, 0xED60, 0xE520, 0xFE01, 0xFE01, 0xFE02, 0xFE02,
  0xFE02, 0xFE42, 0xFE22, 0xFE22, 0xFEC3, 0xFEE3, 0xFEE3, 0xFEE3, 0xFEE3, 0xFEE3, 0xFEE3, 0xFEE3,
  0xFEE3, 0xFEE3, 0xFEE3, 0xFEE3, 0xFEE3, 0xFEE3, 0xFEE3, 0xFEE3, 0xFEE3, 0xFEE3, 0xFEE3, 0xFEE3,
  0xFEE3, 0xFEE3, 0xFEE3, 0xFEE3, 0xFEE3, 0xFEE3, 0xFEE3, 0xFEE3, 0xFEE2, 0xFEE2, 0xFEE3, 0xFEE3,
  0xFEE3, 0xFEE3, 0xFEE3, 0xFEE3, 0xFEE3, 0xFEE3, 0xFEE3, 0xFEE3, 0xFEE3, 0xFEE3, 0xFEE3, 0xFEE3,
  0xFEE3, 0xFEE3, 0xFEE3, 0xFEE3, 0xFEE3, 0xFEE3, 0xFEE3, 0xFEE3, 0xFF03, 0xFF03, 0xFEE3, 0xFF03,
  0xFEE3, 0xFEE3, 0xFEE3, 0xFEE3, 0xFEE3, 0xFEE3, 0xFEE3, 0xFEE3, 0xFEE3, 0xFEE3, 0xFEE3, 0xFEE3,
  0xFEE3, 0xFEE3, 0xFEE3, 0xFEE2, 0xFEE3, 0xFEE3, 0xFEC2, 0xFDE2, 0xFE02, 0xFE02, 0xFE22, 0xFE02,
  0xFE02, 0xE520, 0xED20, 0xE520, 0x49A0, 0x0000, 0x0000, 0x0000, 0x0000, 0x0000, 0x0000, 0x0000,
  0x0000, 0x0000, 0x0000, 0x0000, 0x0000, 0x0000, 0x0000, 0x0000, 0x0000, 0x0000, 0x0000, 0x0000,
  0x0000, 0x0000, 0x0000, 0x0000, 0x0000, 0x0000, 0x0000, 0x0000, 0x0000, 0x0000, 0x0000, 0x0000,
  0x0000, 0x0000, 0x0000, 0x0000, 0x0000, 0x0000, 0x0000, 0x0000, 0x0000, 0x0000, 0x0000, 0x0000,
  0x0000, 0x0000, 0x0000, 0x0000, 0x0000, 0x0000, 0x0000, 0x0000, 0x0000, 0x0000, 0x0000, 0x0000,
  0x0000, 0x0000, 0x0000, 0x0000, 0x0000, 0x0000, 0x0000, 0x0000, 0x0000, 0x0000, 0x0000, 0x0000,
  0x0000, 0x0000, 0x0000, 0x0000, 0x0000, 0x0000, 0x0000, 0x0000, 0x0000, 0x0000, 0x0000, 0x0000,
  0x0000, 0x0000, 0x0000, 0x0000, 0x0000, 0x0000, 0x0000, 0x0000, 0x0000, 0x0000, 0x0000, 0x0000,
  0x0000, 0x0000, 0x0000, 0x0000, 0x0000, 0x0000, 0x0000, 0x0000, 0x0000, 0x0000, 0x0000, 0x0000,
  0x0000, 0x0000, 0x0000, 0x0000, 0x0000, 0x0000, 0x0000, 0x0000, 0x0000, 0x0000, 0x0000, 0x0000,
  0x0000, 0x0000, 0x0000, 0x0000, 0x0000, 0x0000, 0x0000, 0x0000, 0x0000, 0x0000, 0x0000, 0x0000,
  0x0000, 0x0000, 0x0000, 0x0000, 0x0000, 0x0000, 0x0000, 0x0000, 0x0000, 0x0000, 0x0000, 0x0000,
  0x0000, 0x0000, 0x0000, 0x0820, 0xED80, 0xED60, 0xED60, 0xE520, 0xFE01, 0xFE02, 0xFE02, 0xFE02,
  0xFE02, 0xFE42, 0xFE22, 0xFE22, 0xFEA3, 0xFEE3, 0xFEE3, 0xFEE3, 0xFEE3, 0xFEE3, 0xFEE3, 0xFEE3,
  0xFEE3, 0xFEE3, 0xFEE3, 0xFEE3, 0xFEE3, 0xFEE3, 0xFEE3, 0xFEE3, 0xFF03, 0xFEE3, 0xFEE3, 0xFF03,
  0xFF03, 0xFF03, 0xFEE3, 0xFEE3, 0xFEE3, 0xFEE3, 0xFEE3, 0xFEE3, 0xFEE3, 0xFEE3, 0xFEE3, 0xFEE3,
  0xFEE3, 0xFEE3, 0xFEE3, 0xFEE3, 0xFEE3, 0xFEE3, 0xFEE3, 0xFEE3, 0xFEE3, 0xFEE3, 0xFEE3, 0xFEE3,
  0xFEE3, 0xFEE3, 0xFEE3, 0xFEE3, 0xFEE3, 0xFEE3, 0xFEE3, 0xFEE3, 0xFEE3, 0xFEE3, 0xFEE3, 0xFF03,
  0xFF03, 0xFEE3, 0xFEE3, 0xFEE3, 0xFEE3, 0xFEE3, 0xFEE3, 0xFEE3, 0xFEE3, 0xFF03, 0xFEE3, 0xFEE3,
  0xFEE3, 0xFEE3, 0xFEE3, 0xFEE3, 0xFEE3, 0xFEE3, 0xFEE3, 0xFE02, 0xFE02, 0xFE02, 0xFE02, 0xFE02,
  0xFE02, 0xE520, 0xED20, 0xE520, 0x4980, 0x0000, 0x0000, 0x0000, 0x0000, 0x0000, 0x0000, 0x0000,
  0x0000, 0x0000, 0x0000, 0x0000, 0x0000, 0x0000, 0x0000, 0x0000, 0x0000, 0x0000, 0x0000, 0x0000,
  0x0000, 0x0000, 0x0000, 0x0000, 0x0000, 0x0000, 0x0000, 0x0000, 0x0000, 0x0000, 0x0000, 0x0000,
  0x0000, 0x0000, 0x0000, 0x0000, 0x0000, 0x0000, 0x0000, 0x0000, 0x0000, 0x0000, 0x0000, 0x0000,
  0x0000, 0x0000, 0x0000, 0x0000, 0x0000, 0x0000, 0x0000, 0x0000, 0x0000, 0x0000, 0x0000, 0x0000,
  0x0000, 0x0000, 0x0000, 0x0000, 0x0000, 0x0000, 0x0000, 0x0000, 0x0000, 0x0000, 0x0000, 0x0000,
  0x0000, 0x0000, 0x0000, 0x0000, 0x0000, 0x0000, 0x0000, 0x0000, 0x0000, 0x0000, 0x0000, 0x0000,
  0x0000, 0x0000, 0x0000, 0x0000, 0x0000, 0x0000, 0x0000, 0x0000, 0x0000, 0x0000, 0x0000, 0x0000,
  0x0000, 0x0000, 0x0000, 0x0000, 0x0000, 0x0000, 0x0000, 0x0000, 0x0000, 0x0000, 0x0000, 0x0000,
  0x0000, 0x0000, 0x0000, 0x0000, 0x0000, 0x0000, 0x0000, 0x0000, 0x0000, 0x0000, 0x0000, 0x0000,
  0x0000, 0x0000, 0x0000, 0x0000, 0x0000, 0x0000, 0x0000, 0x0000, 0x0000, 0x0000, 0x0000, 0x0000,
  0x0000, 0x0000, 0x0000, 0x0000, 0x0000, 0x0000, 0x0000, 0x0000, 0x0000, 0x0000, 0x0000, 0x0000,
  0x0000, 0x0000, 0x0000, 0x0820, 0xF5A0, 0xE540, 0xF580, 0xE500, 0xFDE1, 0xFE02, 0xFE02, 0xFE02,
  0xFE02, 0xFE22, 0xFE22, 0xFE42, 0xFEA3, 0xFEE3, 0xFEE3, 0xFEE3, 0xFEE3, 0xFEE3, 0xFEE3, 0xFEE3,
  0xFEE3, 0xFEE3, 0xFEE3, 0xFEE3, 0xFEE3, 0xFEE3, 0xFEE3, 0xFEE3, 0xFEE3, 0xFEE3, 0xFEE3, 0xFEE3,
  0xFEE3, 0xFEE3, 0xFF03, 0xFEE3, 0xFEE3, 0xFEE3, 0xFEE3, 0xFEE3, 0xFEE3, 0xFEE3, 0xFEE3, 0xFEE3,
  0xFEE3, 0xFEE3, 0xFEE3, 0xFEE3, 0xFEE3, 0xFEE3, 0xFEE3, 0xFEE3, 0xFEE3, 0xFEE3, 0xFEE3, 0xFEE3,
  0xFEE3, 0xFEE3, 0xFEE3, 0xFEE3, 0xFEE3, 0xFEE3, 0xFEE3, 0xFEE3, 0xFEE3, 0xFEE3, 0xFEE3, 0xFEE3,
  0xFEE3, 0xFEE3, 0xFEE3, 0xFEE3, 0xFEE3, 0xFEE3, 0xFEE3, 0xFEE3, 0xFEE3, 0xFEE3, 0xFEE3, 0xFEE3,
  0xFEE3, 0xFEE3, 0xFEE3, 0xFEE3, 0xFEE3, 0xFEE3, 0xFEE3, 0xFE02, 0xFE02, 0xFE02, 0xFE22, 0xFE02,
  0xFE02, 0xE520, 0xED20, 0xED40, 0x4180, 0x0000, 0x0000, 0x0000, 0x0000, 0x0000, 0x0000, 0x0000,
  0x0000, 0x0000, 0x0000, 0x0000, 0x0000, 0x0000, 0x0000, 0x0000, 0x0000, 0x0000, 0x0000, 0x0000,
  0x0000, 0x0000, 0x0000, 0x0000, 0x0000, 0x0000, 0x0000, 0x0000, 0x0000, 0x0000, 0x0000, 0x0000,
  0x0000, 0x0000, 0x0000, 0x0000, 0x0000, 0x0000, 0x0000, 0x0000, 0x0000, 0x0000, 0x0000, 0x0000,
  0x0000, 0x0000, 0x0000, 0x0000, 0x0000, 0x0000, 0x0000, 0x0000, 0x0000, 0x0000, 0x0000, 0x0000,
  0x0000, 0x0000, 0x0000, 0x0000, 0x0000, 0x0000, 0x0000, 0x0000, 0x0000, 0x0000, 0x0000, 0x0000,
  0x0000, 0x0000, 0x0000, 0x0000, 0x0000, 0x0000, 0x0000, 0x0000, 0x0000, 0x0000, 0x0000, 0x0000,
  0x0000, 0x0000, 0x0000, 0x0000, 0x0000, 0x0000, 0x0000, 0x0000, 0x0000, 0x0000, 0x0000, 0x0000,
  0x0000, 0x0000, 0x0000, 0x0000, 0x0000, 0x0000, 0x0000, 0x0000, 0x0000, 0x0000, 0x0000, 0x0000,
  0x0000, 0x0000, 0x0000, 0x0000, 0x0000, 0x0000, 0x0000, 0x0000, 0x0000, 0x0000, 0x0000, 0x0000,
  0x0000, 0x0000, 0x0000, 0x0000, 0x0000, 0x0000, 0x0000, 0x0000, 0x0000, 0x0000, 0x0000, 0x0000,
  0x0000, 0x0000, 0x0000, 0x0000, 0x0000, 0x0000, 0x0000, 0x0000, 0x0000, 0x0000, 0x0000, 0x0000,
  0x0000, 0x0000, 0x0000, 0x0000, 0x0000, 0x0020, 0x0020, 0xDCE0, 0xED40, 0xED40, 0xE540, 0xED40,
  0xED40, 0xF5A1, 0xFE01, 0xFE02, 0xFE02, 0xFE01, 0xFE02, 0xFDE2, 0xFEE3, 0xFEE3, 0xFF03, 0xFF03,
  0xFF03, 0xFEE3, 0xFEE3, 0xFEE3, 0xFEE3, 0xFEE3, 0xFF03, 0xFF03, 0xFEE3, 0xFEE3, 0xFEE3, 0xFF03,
  0xFEE3, 0xFEE3, 0xFEE3, 0xFF03, 0xFF03, 0xFEE3, 0xFEE3, 0xFEE3, 0xFEE3, 0xFEE3, 0xFEE3, 0xFEE3,
  0xFEE3, 0xFEE3, 0xFEE3, 0xFEE3, 0xFEE3, 0xFEE3, 0xFEE3, 0xFEE3, 0xFEE3, 0xFEE3, 0xFEE3, 0xFEE3,
  0xFEE3, 0xFEE3, 0xFEE3, 0xFEE3, 0xFEE3, 0xFEE3, 0xFEE3, 0xFEE3, 0xFEE3, 0xFEE3, 0xFF03, 0xFEE3,
  0xFF03, 0xFEE3, 0xFEE3, 0xFEE3, 0xFEE3, 0xFEE3, 0xFEE3, 0xFEE3, 0xFF03, 0xFEE3, 0xFEE3, 0xFEE3,
  0xFEE3, 0xFEE3, 0xFEE3, 0xFEE3, 0xFEE3, 0xFEE3, 0xFEE3, 0xFE02, 0xFE02, 0xFE02, 0xFE22, 0xFE22,
  0xFE02, 0xE520, 0xED40, 0xED40, 0x4980, 0x0000, 0x0000, 0x0000, 0x0000, 0x0000, 0x0000, 0x0000,
  0x0000, 0x0000, 0x0000, 0x0000, 0x0000, 0x0000, 0x0000, 0x0000, 0x0000, 0x0000, 0x0000, 0x0000,
  0x0000, 0x0000, 0x0000, 0x0000, 0x0000, 0x0000, 0x0000, 0x0000, 0x0000, 0x0000, 0x0000, 0x0000,
  0x0000, 0x0000, 0x0000, 0x0000, 0x0000, 0x0000, 0x0000, 0x0000, 0x0000, 0x0000, 0x0000, 0x0000,
  0x0000, 0x0000, 0x0000, 0x0000, 0x0000, 0x0000, 0x0000, 0x0000, 0x0000, 0x0000, 0x0000, 0x0000,
  0x0000, 0x0000, 0x0000, 0x0000, 0x0000, 0x0000, 0x0000, 0x0000, 0x0000, 0x0000, 0x0000, 0x0000,
  0x0000, 0x0000, 0x0000, 0x0000, 0x0000, 0x0000, 0x0000, 0x0000, 0x0000, 0x0000, 0x0000, 0x0000,
  0x0000, 0x0000, 0x0000, 0x0000, 0x0000, 0x0000, 0x0000, 0x0000, 0x0000, 0x0000, 0x0000, 0x0000,
  0x0000, 0x0000, 0x0000, 0x0000, 0x0000, 0x0000, 0x0000, 0x0000, 0x0000, 0x0000, 0x0000, 0x0000,
  0x0000, 0x0000, 0x0000, 0x0000, 0x0000, 0x0000, 0x0000, 0x0000, 0x0000, 0x0000, 0x0000, 0x0000,
  0x0000, 0x0000, 0x0000, 0x0000, 0x0000, 0x0000, 0x0000, 0x0000, 0x0000, 0x0000, 0x0000, 0x0000,
  0x0000, 0x0000, 0x0000, 0x0000, 0x0000, 0x0000, 0x0000, 0x0000, 0x0000, 0x0000, 0x0000, 0x0000,
  0x0000, 0x0000, 0x0000, 0x0000, 0x0000, 0x0000, 0x0000, 0xDCC0, 0xED60, 0xED40, 0xED40, 0xED40,
  0xED40, 0xED60, 0xFE02, 0xFE22, 0xFE22, 0xFE02, 0xFE01, 0xFDE2, 0xFEE3, 0xFEE3, 0xFF03, 0xFF03,
  0xFEE3, 0xFEE3, 0xFEE3, 0xFEE3, 0xFEE3, 0xFEE3, 0xFEE3, 0xFEE3, 0xFEE3, 0xFF03, 0xFEE3, 0xFEE3,
  0xFEE3, 0xFEE3, 0xFF03, 0xFF03, 0xFF03, 0xFEE3, 0xFEE3, 0xFEE3, 0xFEE3, 0xFEE3, 0xFEE3, 0xFEE3,
  0xFEE3, 0xFEE3, 0xFEE3, 0xFEE3, 0xFEE3, 0xFEE3, 0xFEE3, 0xFEE3, 0xFEE3, 0xFEE3, 0xFEE3, 0xFEE3,
  0xFEE3, 0xFEE3, 0xFEE3, 0xFEE3, 0xFEE3, 0xFEE3, 0xFEE3, 0xFEE3, 0xFEE3, 0xFEE3, 0xFEE3, 0xFEE3,
  0xFEE3, 0xFEE3, 0xFEE3, 0xFEE3, 0xFEE3, 0xFEE3, 0xFEE3, 0xFF03, 0xFEE3, 0xFEE3, 0xFEE3, 0xFEE3,
  0xFEE3, 0xFEE3, 0xFEE3, 0xFEE3, 0xFEE3, 0xFEE3, 0xFEE3, 0xFE02, 0xFE22, 0xFE02, 0xFE22, 0xFE22,
  0xFE22, 0xED20, 0xED20, 0xED40, 0x4980, 0x0000, 0x0000, 0x0000, 0x0000, 0x0000, 0x0000, 0x0000,
  0x0000, 0x0000, 0x0000, 0x0000, 0x0000, 0x0000, 0x0000, 0x0000, 0x0000, 0x0000, 0x0000, 0x0000,
  0x0000, 0x0000, 0x0000, 0x0000, 0x0000, 0x0000, 0x0000, 0x0000, 0x0000, 0x0000, 0x0000, 0x0000,
  0x0000, 0x0000, 0x0000, 0x0000, 0x0000, 0x0000, 0x0000, 0x0000, 0x0000, 0x0000, 0x0000, 0x0000,
  0x0000, 0x0000, 0x0000, 0x0000, 0x0000, 0x0000, 0x0000, 0x0000, 0x0000, 0x0000, 0x0000, 0x0000,
  0x0000, 0x0000, 0x0000, 0x0000, 0x0000, 0x0000, 0x0000, 0x0000, 0x0000, 0x0000, 0x0000, 0x0000,
  0x0000, 0x0000, 0x0000, 0x0000, 0x0000, 0x0000, 0x0000, 0x0000, 0x0000, 0x0000, 0x0000, 0x0000,
  0x0000, 0x0000, 0x0000, 0x0000, 0x0000, 0x0000, 0x0000, 0x0000, 0x0000, 0x0000, 0x0000, 0x0000,
  0x0000, 0x0000, 0x0000, 0x0000, 0x0000, 0x0000, 0x0000, 0x0000, 0x0000, 0x0000, 0x0000, 0x0000,
  0x0000, 0x0000, 0x0000, 0x0000, 0x0000, 0x0000, 0x0000, 0x0000, 0x0000, 0x0000, 0x0000, 0x0000,
  0x0000, 0x0000, 0x0000, 0x0000, 0x0000, 0x0000, 0x0000, 0x0000, 0x0000, 0x0000, 0x0000, 0x0000,
  0x0000, 0x0000, 0x0000, 0x0000, 0x0000, 0x0000, 0x0000, 0x0000, 0x0000, 0x0000, 0x0000, 0x0000,
  0x0000, 0x0000, 0x0000, 0x0000, 0x0000, 0x0000, 0x0000, 0xDCC0, 0xE540, 0xED40, 0xED60, 0xE520,
  0xED40, 0xED60, 0xFE01, 0xFE22, 0xFE22, 0xFE02, 0xFE01, 0xFE02, 0xFEE3, 0xFEE3, 0xFF03, 0xFEE3,
  0xFEE3, 0xFEE3, 0xFEE3, 0xFEE3, 0xFEE3, 0xFEE3, 0xFEE3, 0xFF03, 0xFEE3, 0xFF03, 0xFF03, 0xFEE3,
  0xFF03, 0xFEE3, 0xFEE3, 0xFEE3, 0xFF03, 0xFEE3, 0xFEE3, 0xFEE3, 0xFEE3, 0xFEE3, 0xFEE3, 0xFEE3,
  0xFEE3, 0xFEE3, 0xFEE3, 0xFEE3, 0xFEE3, 0xFEE3, 0xFEE3, 0xFEE3, 0xFEE3, 0xFEE3, 0xFEE3, 0xFEE3,
  0xFEE3, 0xFEE3, 0xFEE3, 0xFEE3, 0xFEE3, 0xFEE3, 0xFEE3, 0xFEE3, 0xFEE3, 0xFEE3, 0xFEE3, 0xFEE3,
  0xFEE3, 0xFEE3, 0xFF03, 0xFEE3, 0xFEE3, 0xFEE3, 0xFEE3, 0xFEE3, 0xFEE3, 0xFEE3, 0xFF03, 0xFEE3,
  0xFF03, 0xFEE3, 0xFEE3, 0xFF03, 0xFEE3, 0xFEE3, 0xFEE3, 0xFE02, 0xFE02, 0xFE22, 0xFE02, 0xFE22,
  0xFE22, 0xE520, 0xED20, 0xE520, 0x4180, 0x0000, 0x0000, 0x0000, 0x0000, 0x0000, 0x0000, 0x0000,
  0x0000, 0x0000, 0x0000, 0x0000, 0x0000, 0x0000, 0x0000, 0x0000, 0x0000, 0x0000, 0x0000, 0x0000,
  0x0000, 0x0000, 0x0000, 0x0000, 0x0000, 0x0000, 0x0000, 0x0000, 0x0000, 0x0000, 0x0000, 0x0000,
  0x0000, 0x0000, 0x0000, 0x0000, 0x0000, 0x0000, 0x0000, 0x0000, 0x0000, 0x0000, 0x0000, 0x0000,
  0x0000, 0x0000, 0x0000, 0x0000, 0x0000, 0x0000, 0x0000, 0x0000, 0x0000, 0x0000, 0x0000, 0x0000,
  0x0000, 0x0000, 0x0000, 0x0000, 0x0000, 0x0000, 0x0000, 0x0000, 0x0000, 0x0000, 0x0000, 0x0000,
  0x0000, 0x0000, 0x0000, 0x0000, 0x0000, 0x0000, 0x0000, 0x0000, 0x0000, 0x0000, 0x0000, 0x0000,
  0x0000, 0x0000, 0x0000, 0x0000, 0x0000, 0x0000, 0x0000, 0x0000, 0x0000, 0x0000, 0x0000, 0x0000,
  0x0000, 0x0000, 0x0000, 0x0000, 0x0000, 0x0000, 0x0000, 0x0000, 0x0000, 0x0000, 0x0000, 0x0000,
  0x0000, 0x0000, 0x0000, 0x0000, 0x0000, 0x0000, 0x0000, 0x0000, 0x0000, 0x0000, 0x0000, 0x0000,
  0x0000, 0x0000, 0x0000, 0x0000, 0x0000, 0x0000, 0x0000, 0x0000, 0x0000, 0x0000, 0x0000, 0x0000,
  0x0000, 0x0000, 0x0000, 0x0000, 0x0000, 0x0000, 0x0000, 0x0000, 0x0000, 0x0000, 0x0000, 0x0000,
  0x0000, 0x0000, 0x0000, 0x0000, 0x0000, 0x0000, 0x0000, 0x0820, 0x0000, 0x0000, 0x0840, 0x0000,
  0x0020, 0xF580, 0xE520, 0xED60, 0xED40, 0xFE01, 0xFE01, 0xFE01, 0xFE02, 0xFE22, 0xFE02, 0xFEE3,
  0xFEE3, 0xFEE3, 0xFEE3, 0xFEE3, 0xFEE3, 0xFEE3, 0xFEE3, 0xFF03, 0xFF03, 0xFEE3, 0xFF03, 0xFEE3,
  0xFEE3, 0xFF03, 0xFEE3, 0xFEE3, 0xFEE3, 0xFEE3, 0xFEE3, 0xFEE3, 0xFEE3, 0xFEE3, 0xFEE3, 0xFEE3,
  0xFEE3, 0xFEE3, 0xFEE3, 0xFEE3, 0xFEE3, 0xFEE3, 0xFEE3, 0xFEE3, 0xFEE3, 0xFEE3, 0xFEE3, 0xFEE3,
  0xFEE3, 0xFEE3, 0xFEE3, 0xFEE3, 0xFEE3, 0xFEE3, 0xFEE3, 0xFEE3, 0xFEE3, 0xFEE3, 0xFEE3, 0xFEE3,
  0xFEE3, 0xFEE3, 0xFEE3, 0xFEE3, 0xFEE3, 0xFEE3, 0xFEE3, 0xFEE3, 0xFEE3, 0xFEE3, 0xFF03, 0xFEE3,
  0xFEE3, 0xFF03, 0xFF03, 0xFF03, 0xFEE3, 0xFEE3, 0xFEE3, 0xFE02, 0xFE22, 0xFE22, 0xFE02, 0xFE02,
  0xFE22, 0xE520, 0xED20, 0xE520, 0x4180, 0x0000, 0x0000, 0x0000, 0x0000, 0x0000, 0x0000, 0x0000,
  0x0000, 0x0000, 0x0000, 0x0000, 0x0000, 0x0000, 0x0000, 0x0000, 0x0000, 0x0000, 0x0000, 0x0000,
  0x0000, 0x0000, 0x0000, 0x0000, 0x0000, 0x0000, 0x0000, 0x0000, 0x0000, 0x0000, 0x0000, 0x0000,
  0x0000, 0x0000, 0x0000, 0x0000, 0x0000, 0x0000, 0x0000, 0x0000, 0x0000, 0x0000, 0x0000, 0x0000,
  0x0000, 0x0000, 0x0000, 0x0000, 0x0000, 0x0000, 0x0000, 0x0000, 0x0000, 0x0000, 0x0000, 0x0000,
  0x0000, 0x0000, 0x0000, 0x0000, 0x0000, 0x0000, 0x0000, 0x0000, 0x0000, 0x0000, 0x0000, 0x0000,
  0x0000, 0x0000, 0x0000, 0x0000, 0x0000, 0x0000, 0x0000, 0x0000, 0x0000, 0x0000, 0x0000, 0x0000,
  0x0000, 0x0000, 0x0000, 0x0000, 0x0000, 0x0000, 0x0000, 0x0000, 0x0000, 0x0000, 0x0000, 0x0000,
  0x0000, 0x0000, 0x0000, 0x0000, 0x0000, 0x0000, 0x0000, 0x0000, 0x0000, 0x0000, 0x0000, 0x0000,
  0x0000, 0x0000, 0x0000, 0x0000, 0x0000, 0x0000, 0x0000, 0x0000, 0x0000, 0x0000, 0x0000, 0x0000,
  0x0000, 0x0000, 0x0000, 0x0000, 0x0000, 0x0000, 0x0000, 0x0000, 0x0000, 0x0000, 0x0000, 0x0000,
  0x0000, 0x0000, 0x0000, 0x0000, 0x0000, 0x0000, 0x0000, 0x0000, 0x0000, 0x0000, 0x0000, 0x0000,
  0x0000, 0x0000, 0x0000, 0x0000, 0x0000, 0x0000, 0x0000, 0x0000, 0x0000, 0x0000, 0x0000, 0x0000,
  0x0000, 0xFDA0, 0xED40, 0xE520, 0xE540, 0xFE01, 0xFE01, 0xFE02, 0xFE22, 0xFE22, 0xFE02, 0xFEE3,
  0xFEE3, 0xFEE3, 0xFEE3, 0xFEE3, 0xFEE3, 0xFEE3, 0xFF03, 0xFF03, 0xFEE3, 0xFEE3, 0xFF03, 0xFEE3,
  0xFEE3, 0xFEE3, 0xFEE3, 0xFEE3, 0xFF03, 0xFEE3, 0xFEE3, 0xFEE3, 0xFEE3, 0xFEE3, 0xFEE3, 0xFEE3,
  0xFEE3, 0xFEE3, 0xFEE3, 0xFEE3, 0xFEE3, 0xFEE3, 0xFEE3, 0xFEE3, 0xFEE3, 0xFEE3, 0xFEE3, 0xFEE3,
  0xFEE3, 0xFEE3, 0xFEE3, 0xFEE3, 0xFEE3, 0xFEE3, 0xFEE3, 0xFEE3, 0xFEE3, 0xFEE3, 0xFEE3, 0xFEE3,
  0xFEE3, 0xFEE3, 0xFF03, 0xFEE3, 0xFEE3, 0xFEE3, 0xFEE3, 0xFEE3, 0xFF03, 0xFEE3, 0xFEE3, 0xFEE3,
  0xFF03, 0xFF03, 0xFF03, 0xFF03, 0xFEE3, 0xFEE3, 0xFEE3, 0xFDE2, 0xFE02, 0xFE22, 0xFE22, 0xFE02,
  0xFE02, 0xED20, 0xED40, 0xE520, 0x4180, 0x0000, 0x0000, 0x0000, 0x0000, 0x0000, 0x0000, 0x0000,
  0x0000, 0x0000, 0x0000, 0x0000, 0x0000, 0x0000, 0x0000, 0x0000, 0x0000, 0x0000, 0x0000, 0x0000,
  0x0000, 0x0000, 0x0000, 0x0000, 0x0000, 0x0000, 0x0000, 0x0000, 0x0000, 0x0000, 0x0000, 0x0000,
  0x0000, 0x0000, 0x0000, 0x0000, 0x0000, 0x0000, 0x0000, 0x0000, 0x0000, 0x0000, 0x0000, 0x0000,
  0x0000, 0x0000, 0x0000, 0x0000, 0x0000, 0x0000, 0x0000, 0x0000, 0x0000, 0x0000, 0x0000, 0x0000,
  0x0000, 0x0000, 0x0000, 0x0000, 0x0000, 0x0000, 0x0000, 0x0000, 0x0000, 0x0000, 0x0000, 0x0000,
  0x0000, 0x0000, 0x0000, 0x0000, 0x0000, 0x0000, 0x0000, 0x0000, 0x0000, 0x0000, 0x0000, 0x0000,
  0x0000, 0x0000, 0x0000, 0x0000, 0x0000, 0x0000, 0x0000, 0x0000, 0x0000, 0x0000, 0x0000, 0x0000,
  0x0000, 0x0000, 0x0000, 0x0000, 0x0000, 0x0000, 0x0000, 0x0000, 0x0000, 0x0000, 0x0000, 0x0000,
  0x0000, 0x0000, 0x0000, 0x0000, 0x0000, 0x0000, 0x0000, 0x0000, 0x0000, 0x0000, 0x0000, 0x0000,
  0x0000, 0x0000, 0x0000, 0x0000, 0x0000, 0x0000, 0x0000, 0x0000, 0x0000, 0x0000, 0x0000, 0x0000,
  0x0000, 0x0000, 0x0000, 0x0000, 0x0000, 0x0000, 0x0000, 0x0000, 0x0000, 0x0000, 0x0000, 0x0000,
  0x0000, 0x0000, 0x0000, 0x0000, 0x0000, 0x0000, 0x0000, 0x0000, 0x0000, 0x0000, 0x0000, 0x0000,
  0x0000, 0xF5A0, 0xE540, 0xE520, 0xF560, 0xFE01, 0xFE22, 0xFE22, 0xFE02, 0xFE01, 0xFE02, 0xFEE3,
  0xFEE3, 0xFEE3, 0xFF03, 0xFF03, 0xFEE3, 0xFF03, 0xFF03, 0xFEE3, 0xFEE3, 0xFEE3, 0xFEE3, 0xFEE3,
  0xFEE3, 0xFEE3, 0xFEE3, 0xFEE3, 0xFEE3, 0xFEE3, 0xFEE3, 0xFEE3, 0xFEE3, 0xFEE3, 0xFEE3, 0xFEE3,
  0xFEE3, 0xFEE3, 0xFEE3, 0xFEE3, 0xFEE3, 0xFEE3, 0xFEE3, 0xFEE3, 0xFEE3, 0xFEE3, 0xFEE3, 0xFEE3,
  0xFEE3, 0xFEE3, 0xFEE3, 0xFEE3, 0xFEE3, 0xFEE3, 0xFEE3, 0xFEE3, 0xFEE3, 0xFEE3, 0xFEE3, 0xFEE3,
  0xFEE3, 0xFEE3, 0xFEE3, 0xFEE3, 0xFEE3, 0xFEE3, 0xFEE3, 0xFF03, 0xFEE3, 0xFF03, 0xFF03, 0xFEE3,
  0xFF03, 0xFF03, 0xFF03, 0xFEE3, 0xFEE3, 0xFEE3, 0xFEE3, 0xFDE2, 0xFE02, 0xFE22, 0xFE22, 0xFE02,
  0xFE02, 0xE520, 0xED40, 0xED40, 0x4980, 0x0000, 0x0000, 0x0000, 0x0000, 0x0000, 0x0000, 0x0000,
  0x0000, 0x0000, 0x0000, 0x0000, 0x0000, 0x0000, 0x0000, 0x0000, 0x0000, 0x0000, 0x0000, 0x0000,
  0x0000, 0x0000, 0x0000, 0x0000, 0x0000, 0x0000, 0x0000, 0x0000, 0x0000, 0x0000, 0x0000, 0x0000,
  0x0000, 0x0000, 0x0000, 0x0000, 0x0000, 0x0000, 0x0000, 0x0000, 0x0000, 0x0000, 0x0000, 0x0000,
  0x0000, 0x0000, 0x0000, 0x0000, 0x0000, 0x0000, 0x0000, 0x0000, 0x0000, 0x0000, 0x0000, 0x0000,
  0x0000, 0x0000, 0x0000, 0x0000, 0x0000, 0x0000, 0x0000, 0x0000, 0x0000, 0x0000, 0x0000, 0x0000,
  0x0000, 0x0000, 0x0000, 0x0000, 0x0000, 0x0000, 0x0000, 0x0000, 0x0000, 0x0000, 0x0000, 0x0000,
  0x0000, 0x0000, 0x0000, 0x0000, 0x0000, 0x0000, 0x0000, 0x0000, 0x0000, 0x0000, 0x0000, 0x0000,
  0x0000, 0x0000, 0x0000, 0x0000, 0x0000, 0x0000, 0x0000, 0x0000, 0x0000, 0x0000, 0x0000, 0x0000,
  0x0000, 0x0000, 0x0000, 0x0000, 0x0000, 0x0000, 0x0000, 0x0000, 0x0000, 0x0000, 0x0000, 0x0000,
  0x0000, 0x0000, 0x0000, 0x0000, 0x0000, 0x0000, 0x0000, 0x0000, 0x0000, 0x0000, 0x0000, 0x0000,
  0x0000, 0x0000, 0x0000, 0x0000, 0x0000, 0x0000, 0x0000, 0x0000, 0x0000, 0x0000, 0x0000, 0x0000,
  0x0000, 0x0000, 0x0000, 0x0000, 0x0000, 0x0000, 0x0000, 0x0000, 0x0000, 0x0000, 0x0000, 0x0000,
  0x0000, 0x0820, 0x1040, 0x0820, 0x8B00, 0xE500, 0xED20, 0xED40, 0xE500, 0xE500, 0xED40, 0xFE02,
  0xFE01, 0xFE01, 0xFE02, 0xFE01, 0xFE01, 0xFEA2, 0xFEE3, 0xFEE3, 0xFEE3, 0xFEE3, 0xFF03, 0xFEE3,
  0xFF03, 0xFF03, 0xFEE3, 0xFEE3, 0xFEE3, 0xFEE3, 0xFEE3, 0xFEE3, 0xFEE3, 0xFEE3, 0xFEE3, 0xFF03,
  0xFEE3, 0xFEE3, 0xFEE3, 0xFEE3, 0xFEE3, 0xFEE3, 0xFEE3, 0xFEE3, 0xFEE3, 0xFEE3, 0xFEE3, 0xFEE3,
  0xFEE3, 0xFEE3, 0xFEE3, 0xFEE3, 0xFEE3, 0xFEE3, 0xFEE3, 0xFEE3, 0xFEE3, 0xFEE3, 0xFEE3, 0xFEE3,
  0xFEE3, 0xFEE3, 0xFEE3, 0xFEE3, 0xFEE3, 0xFF03, 0xFEE3, 0xFEE3, 0xFEE3, 0xFEE3, 0xFEE3, 0xFF03,
  0xFF03, 0xFF03, 0xFEE3, 0xFEE3, 0xFDC1, 0xF5C0, 0xF5A0, 0xF5C1, 0xF5C1, 0xF5C1, 0xF5E1, 0xF5E1,
  0xF5C1, 0xE520, 0xED20, 0xED40, 0x4180, 0x0000, 0x0000, 0x0000, 0x0000, 0x0000, 0x0000, 0x0000,
  0x0000, 0x0000, 0x0000, 0x0000, 0x0000, 0x0000, 0x0000, 0x0000, 0x0000, 0x0000, 0x0000, 0x0000,
  0x0000, 0x0000, 0x0000, 0x0000, 0x0000, 0x0000, 0x0000, 0x0000, 0x0000, 0x0000, 0x0000, 0x0000,
  0x0000, 0x0000, 0x0000, 0x0000, 0x0000, 0x0000, 0x0000, 0x0000, 0x0000, 0x0000, 0x0000, 0x0000,
  0x0000, 0x0000, 0x0000, 0x0000, 0x0000, 0x0000, 0x0000, 0x0000, 0x0000, 0x0000, 0x0000, 0x0000,
  0x0000, 0x0000, 0x0000, 0x0000, 0x0000, 0x0000, 0x0000, 0x0000, 0x0000, 0x0000, 0x0000, 0x0000,
  0x0000, 0x0000, 0x0000, 0x0000, 0x0000, 0x0000, 0x0000, 0x0000, 0x0000, 0x0000, 0x0000, 0x0000,
  0x0000, 0x0000, 0x0000, 0x0000, 0x0000, 0x0000, 0x0000, 0x0000, 0x0000, 0x0000, 0x0000, 0x0000,
  0x0000, 0x0000, 0x0000, 0x0000, 0x0000, 0x0000, 0x0000, 0x0000, 0x0000, 0x0000, 0x0000, 0x0000,
  0x0000, 0x0000, 0x0000, 0x0000, 0x0000, 0x0000, 0x0000, 0x0000, 0x0000, 0x0000, 0x0000, 0x0000,
  0x0000, 0x0000, 0x0000, 0x0000, 0x0000, 0x0000, 0x0000, 0x0000, 0x0000, 0x0000, 0x0000, 0x0000,
  0x0000, 0x0000, 0x0000, 0x0000, 0x0000, 0x0000, 0x0000, 0x0000, 0x0000, 0x0000, 0x0000, 0x0000,
  0x0000, 0x0000, 0x0000, 0x0000, 0x0000, 0x0000, 0x0000, 0x0000, 0x0000, 0x0000, 0x0000, 0x0000,
  0x0000, 0x0000, 0x0000, 0x0000, 0x7A80, 0xE500, 0xE500, 0xE520, 0xE520, 0xE500, 0xED60, 0xFE23,
  0xFE02, 0xFDE2, 0xFDE2, 0xFDE2, 0xFE02, 0xFE82, 0xFEE3, 0xFF03, 0xFEE3, 0xFF03, 0xFEE3, 0xFF03,
  0xFF03, 0xFF03, 0xFEE3, 0xFEE3, 0xFEE3, 0xFEE3, 0xFEE3, 0xFEE3, 0xFEE3, 0xFEE3, 0xFEE3, 0xFEE3,
  0xFEE3, 0xFEE3, 0xFEE3, 0xFEE3, 0xFEE3, 0xFEE3, 0xFEE3, 0xFEE3, 0xFEE3, 0xFEE3, 0xFEE3, 0xFEE3,
  0xFEE3, 0xFEE3, 0xFEE3, 0xFEE3, 0xFEE3, 0xFEE3, 0xFEE3, 0xFEE3, 0xFEE3, 0xFEE3, 0xFEE3, 0xFEE3,
  0xFEE3, 0xFEE3, 0xFEE3, 0xFEE3, 0xFEE3, 0xFEE3, 0xFEE3, 0xFEE3, 0xFF03, 0xFEE3, 0xFEE3, 0xFF03,
  0xFF03, 0xFF03, 0xFEE3, 0xFF03, 0xFDC1, 0xF5A1, 0xF5A1, 0xF5C1, 0xF5C1, 0xF5C1, 0xF5E1, 0xF5C1,
  0xF5C1, 0xE540, 0xED40, 0xED40, 0x4180, 0x0000, 0x0000, 0x0000, 0x0000, 0x0000, 0x0000, 0x0000,
  0x0000, 0x0000, 0x0000, 0x0000, 0x0000, 0x0000, 0x0000, 0x0000, 0x0000, 0x0000, 0x0000, 0x0000,
  0x0000, 0x0000, 0x0000, 0x0000, 0x0000, 0x0000, 0x0000, 0x0000, 0x0000, 0x0000, 0x0000, 0x0000,
  0x0000, 0x0000, 0x0000, 0x0000, 0x0000, 0x0000, 0x0000, 0x0000, 0x0000, 0x0000, 0x0000, 0x0000,
  0x0000, 0x0000, 0x0000, 0x0000, 0x0000, 0x0000, 0x0000, 0x0000, 0x0000, 0x0000, 0x0000, 0x0000,
  0x0000, 0x0000, 0x0000, 0x0000, 0x0000, 0x0000, 0x0000, 0x0000, 0x0000, 0x0000, 0x0000, 0x0000,
  0x0000, 0x0000, 0x0000, 0x0000, 0x0000, 0x0000, 0x0000, 0x0000, 0x0000, 0x0000, 0x0000, 0x0000,
  0x0000, 0x0000, 0x0000, 0x0000, 0x0000, 0x0000, 0x0000, 0x0000, 0x0000, 0x0000, 0x0000, 0x0000,
  0x0000, 0x0000, 0x0000, 0x0000, 0x0000, 0x0000, 0x0000, 0x0000, 0x0000, 0x0000, 0x0000, 0x0000,
  0x0000, 0x0000, 0x0000, 0x0000, 0x0000, 0x0000, 0x0000, 0x0000, 0x0000, 0x0000, 0x0000, 0x0000,
  0x0000, 0x0000, 0x0000, 0x0000, 0x0000, 0x0000, 0x0000, 0x0000, 0x0000, 0x0000, 0x0000, 0x0000,
  0x0000, 0x0000, 0x0000, 0x0000, 0x0000, 0x0000, 0x0000, 0x0000, 0x0000, 0x0000, 0x0000, 0x0000,
  0x0000, 0x0000, 0x0000, 0x0000, 0x0000, 0x0000, 0x0000, 0x0000, 0x0000, 0x0000, 0x0000, 0x0000,
  0x0000, 0x0000, 0x0000, 0x0000, 0x7AC0, 0xE500, 0xE540, 0xDD00, 0xE500, 0xE520, 0xF560, 0xFE02,
  0xFE01, 0xFDE1, 0xFDE2, 0xFE02, 0xFE02, 0xFE82, 0xFEE2, 0xFEE3, 0xFEE3, 0xFF03, 0xFF03, 0xFF03,
  0xFF03, 0xFEE3, 0xFEE3, 0xFEE3, 0xFEE3, 0xFEE3, 0xFEE3, 0xFEE3, 0xFEE3, 0xFEE3, 0xFEE3, 0xFEE3,
  0xFEE3, 0xFEE3, 0xFEE3, 0xFEE3, 0xFEE3, 0xFEE3, 0xFEE3, 0xFEE3, 0xFEE3, 0xFEE3, 0xFEE3, 0xFEE3,
  0xFEE3, 0xFEE3, 0xFEE3, 0xFEE3, 0xFEE3, 0xFEE3, 0xFEE3, 0xFEE3, 0xFEE3, 0xFEE3, 0xFEE3, 0xFEE3,
  0xFEE3, 0xFEE3, 0xFEE3, 0xFEE3, 0xFEE3, 0xFEE3, 0xFEE3, 0xFEE3, 0xFEE3, 0xFEE3, 0xFEE3, 0xFF03,
  0xFEE3, 0xFEE3, 0xFF03, 0xFF03, 0xFDE0, 0xED81, 0xEDA1, 0xF5E1, 0xFDE1, 0xF5E1, 0xF5C1, 0xF5C1,
  0xF5E1, 0xED40, 0xE520, 0xE540, 0x4180, 0x0000, 0x0000, 0x0000, 0x0000, 0x0000, 0x0000, 0x0000,
  0x0000, 0x0000, 0x0000, 0x0000, 0x0000, 0x0000, 0x0000, 0x0000, 0x0000, 0x0000, 0x0000, 0x0000,
  0x0000, 0x0000, 0x0000, 0x0000, 0x0000, 0x0000, 0x0000, 0x0000, 0x0000, 0x0000, 0x0000, 0x0000,
  0x0000, 0x0000, 0x0000, 0x0000, 0x0000, 0x0000, 0x0000, 0x0000, 0x0000, 0x0000, 0x0000, 0x0000,
  0x0000, 0x0000, 0x0000, 0x0000, 0x0000, 0x0000, 0x0000, 0x0000, 0x0000, 0x0000, 0x0000, 0x0000,
  0x0000, 0x0000, 0x0000, 0x0000, 0x0000, 0x0000, 0x0000, 0x0000, 0x0000, 0x0000, 0x0000, 0x0000,
  0x0000, 0x0000, 0x0000, 0x0000, 0x0000, 0x0000, 0x0000, 0x0000, 0x0000, 0x0000, 0x0000, 0x0000,
  0x0000, 0x0000, 0x0000, 0x0000, 0x0000, 0x0000, 0x0000, 0x0000, 0x0000, 0x0000, 0x0000, 0x0000,
  0x0000, 0x0000, 0x0000, 0x0000, 0x0000, 0x0000, 0x0000, 0x0000, 0x0000, 0x0000, 0x0000, 0x0000,
  0x0000, 0x0000, 0x0000, 0x0000, 0x0000, 0x0000, 0x0000, 0x0000, 0x0000, 0x0000, 0x0000, 0x0000,
  0x0000, 0x0000, 0x0000, 0x0000, 0x0000, 0x0000, 0x0000, 0x0000, 0x0000, 0x0000, 0x0000, 0x0000,
  0x0000, 0x0000, 0x0000, 0x0000, 0x0000, 0x0000, 0x0000, 0x0000, 0x0000, 0x0000, 0x0000, 0x0000,
  0x0000, 0x0000, 0x0000, 0x0000, 0x0000, 0x0000, 0x0000, 0x0000, 0x0000, 0x0000, 0x0000, 0x0000,
  0x0000, 0x0000, 0x0000, 0x0000, 0x0000, 0x1040, 0x1060, 0x0820, 0x0820, 0x1080, 0xFDE0, 0xED40,
  0xE500, 0xE500, 0xED40, 0xFE22, 0xFE02, 0xFE01, 0xFE01, 0xFE01, 0xFE21, 0xFE02, 0xFE02, 0xFF03,
  0xFEE3, 0xFEE3, 0xFF03, 0xFEE3, 0xFEE3, 0xFEE3, 0xFEE3, 0xFF03, 0xFF03, 0xFF03, 0xFEE3, 0xFEE3,
  0xFEE3, 0xFEE3, 0xFEE3, 0xFEE3, 0xFEE3, 0xFEE3, 0xFEE3, 0xFEE3, 0xFEE3, 0xFEE3, 0xFEE3, 0xFEE3,
  0xFEE3, 0xFEE3, 0xFEE3, 0xFEE3, 0xFEE3, 0xFEE3, 0xFEE3, 0xFEE3, 0xFF03, 0xFEE3, 0xFEE3, 0xFF03,
  0xFEE3, 0xFEE3, 0xFEE3, 0xFEE3, 0xFEE3, 0xFEE3, 0xFEE3, 0xFEE3, 0xFEE3, 0xFEE3, 0xFF03, 0xFF03,
  0xFF23, 0xEDA0, 0xF5A0, 0xF5C1, 0x1860, 0x1860, 0x18A0, 0x20C1, 0x28C1, 0x20A1, 0x20C1, 0x28C1,
  0x30E1, 0xED80, 0xE520, 0xE540, 0x4980, 0x0000, 0x0000, 0x0000, 0x0000, 0x0000, 0x0000, 0x0000,
  0x0000, 0x0000, 0x0000, 0x0000, 0x0000, 0x0000, 0x0000, 0x0000, 0x0000, 0x0000, 0x0000, 0x0000,
  0x0000, 0x0000, 0x0000, 0x0000, 0x0000, 0x0000, 0x0000, 0x0000, 0x0000, 0x0000, 0x0000, 0x0000,
  0x0000, 0x0000, 0x0000, 0x0000, 0x0000, 0x0000, 0x0000, 0x0000, 0x0000, 0x0000, 0x0000, 0x0000,
  0x0000, 0x0000, 0x0000, 0x0000, 0x0000, 0x0000, 0x0000, 0x0000, 0x0000, 0x0000, 0x0000, 0x0000,
  0x0000, 0x0000, 0x0000, 0x0000, 0x0000, 0x0000, 0x0000, 0x0000, 0x0000, 0x0000, 0x0000, 0x0000,
  0x0000, 0x0000, 0x0000, 0x0000, 0x0000, 0x0000, 0x0000, 0x0000, 0x0000, 0x0000, 0x0000, 0x0000,
  0x0000, 0x0000, 0x0000, 0x0000, 0x0000, 0x0000, 0x0000, 0x0000, 0x0000, 0x0000, 0x0000, 0x0000,
  0x0000, 0x0000, 0x0000, 0x0000, 0x0000, 0x0000, 0x0000, 0x0000, 0x0000, 0x0000, 0x0000, 0x0000,
  0x0000, 0x0000, 0x0000, 0x0000, 0x0000, 0x0000, 0x0000, 0x0000, 0x0000, 0x0000, 0x0000, 0x0000,
  0x0000, 0x0000, 0x0000, 0x0000, 0x0000, 0x0000, 0x0000, 0x0000, 0x0000, 0x0000, 0x0000, 0x0000,
  0x0000, 0x0000, 0x0000, 0x0000, 0x0000, 0x0000, 0x0000, 0x0000, 0x0000, 0x0000, 0x0000, 0x0000,
  0x0000, 0x0000, 0x0000, 0x0000, 0x0000, 0x0000, 0x0000, 0x0000, 0x0000, 0x0000, 0x0000, 0x0000,
  0x0000, 0x0000, 0x0000, 0x0000, 0x0000, 0x0000, 0x0000, 0x0000, 0x0000, 0x0000, 0xFDE0, 0xED40,
  0xED40, 0xE520, 0xED60, 0xFE22, 0xFE01, 0xFE02, 0xFE01, 0xFE02, 0xFE22, 0xFE22, 0xFE22, 0xFEE3,
  0xFEE3, 0xFEE3, 0xFEE3, 0xFEE2, 0xFEE3, 0xFEE3, 0xFEE3, 0xFF03, 0xFF03, 0xFF03, 0xFEE3, 0xFEE3,
  0xFEE3, 0xFEE3, 0xFF03, 0xFEE3, 0xFEE3, 0xFEE3, 0xFEE3, 0xFEE3, 0xFF03, 0xFEE3, 0xFEE3, 0xFF03,
  0xFEE3, 0xFEE3, 0xFEE3, 0xFEE3, 0xFEE3, 0xFEE3, 0xFEE3, 0xFEE3, 0xFEE3, 0xFEE3, 0xFEE3, 0xFEE3,
  0xFEE3, 0xFEE3, 0xFEE3, 0xFF03, 0xFEE3, 0xFEE3, 0xFEE3, 0xFEE3, 0xFEE3, 0xFEE3, 0xFF03, 0xFEE3,
  0xFF23, 0xF5A0, 0xF580, 0xF5A1, 0x28A1, 0x30E1, 0x30E1, 0x30E2, 0x30E1, 0x30E1, 0x30E1, 0x30E2,
  0x30E2, 0xE540, 0xE520, 0xE540, 0x49A0, 0x0000, 0x0000, 0x0000, 0x0000, 0x0000, 0x0000, 0x0000,
  0x0000, 0x0000, 0x0000, 0x0000, 0x0000, 0x0000, 0x0000, 0x0000, 0x0000, 0x0000, 0x0000, 0x0000,
  0x0000, 0x0000, 0x0000, 0x0000, 0x0000, 0x0000, 0x0000, 0x0000, 0x0000, 0x0000, 0x0000, 0x0000,
  0x0000, 0x0000, 0x0000, 0x0000, 0x0000, 0x0000, 0x0000, 0x0000, 0x0000, 0x0000, 0x0000, 0x0000,
  0x0000, 0x0000, 0x0000, 0x0000, 0x0000, 0x0000, 0x0000, 0x0000, 0x0000, 0x0000, 0x0000, 0x0000,
  0x0000, 0x0000, 0x0000, 0x0000, 0x0000, 0x0000, 0x0000, 0x0000, 0x0000, 0x0000, 0x0000, 0x0000,
  0x0000, 0x0000, 0x0000, 0x0000, 0x0000, 0x0000, 0x0000, 0x0000, 0x0000, 0x0000, 0x0000, 0x0000,
  0x0000, 0x0000, 0x0000, 0x0000, 0x0000, 0x0000, 0x0000, 0x0000, 0x0000, 0x0000, 0x0000, 0x0000,
  0x0000, 0x0000, 0x0000, 0x0000, 0x0000, 0x0000, 0x0000, 0x0000, 0x0000, 0x0000, 0x0000, 0x0000,
  0x0000, 0x0000, 0x0000, 0x0000, 0x0000, 0x0000, 0x0000, 0x0000, 0x0000, 0x0000, 0x0000, 0x0000,
  0x0000, 0x0000, 0x0000, 0x0000, 0x0000, 0x0000, 0x0000, 0x0000, 0x0000, 0x0000, 0x0000, 0x0000,
  0x0000, 0x0000, 0x0000, 0x0000, 0x0000, 0x0000, 0x0000, 0x0000, 0x0000, 0x0000, 0x0000, 0x0000,
  0x0000, 0x0000, 0x0000, 0x0000, 0x0000, 0x0000, 0x0000, 0x0000, 0x0000, 0x0000, 0x0000, 0x0000,
  0x0000, 0x0000, 0x0000, 0x0000, 0x0000, 0x0000, 0x0000, 0x0000, 0x0000, 0x0000, 0xFDC0, 0xED40,
  0xED40, 0xED40, 0xF560, 0xFE01, 0xFE01, 0xFE01, 0xFE02, 0xFE22, 0xFE22, 0xFE02, 0xFE22, 0xFEE3,
  0xFEE3, 0xFEE2, 0xFEE2, 0xFEE3, 0xFEE3, 0xFEE3, 0xFEE3, 0xFF03, 0xFF03, 0xFF03, 0xFEE3, 0xFEE3,
  0xFEE3, 0xFEE3, 0xFEE3, 0xFEE3, 0xFF03, 0xFEE3, 0xFEE3, 0xFEE3, 0xFEE3, 0xFEE3, 0xFEE3, 0xFEE3,
  0xFEE3, 0xFEE3, 0xFEE3, 0xFEE3, 0xFEE3, 0xFEE3, 0xFEE3, 0xFEE3, 0xFEE3, 0xFEE3, 0xFEE3, 0xFEE3,
  0xFEE3, 0xFEE3, 0xFF03, 0xFEE3, 0xFEE3, 0xFEE3, 0xFEE3, 0xFEE3, 0xFEE2, 0xFEE3, 0xFEE3, 0xFEE3,
  0xFF24, 0xF5C0, 0xF580, 0xED80, 0x28A1, 0x30E1, 0x30E1, 0x30E2, 0x30E1, 0x30E1, 0x30E2, 0x30E2,
  0x30E2, 0xED80, 0xED40, 0xE540, 0x49A0, 0x0000, 0x0000, 0x0000, 0x0000, 0x0000, 0x0000, 0x0000,
  0x0000, 0x0000, 0x0000, 0x0000, 0x0000, 0x0000, 0x0000, 0x0000, 0x0000, 0x0000, 0x0000, 0x0000,
  0x0000, 0x0000, 0x0000, 0x0000, 0x0000, 0x0000, 0x0000, 0x0000, 0x0000, 0x0000, 0x0000, 0x0000,
  0x0000, 0x0000, 0x0000, 0x0000, 0x0000, 0x0000, 0x0000, 0x0000, 0x0000, 0x0000, 0x0000, 0x0000,
  0x0000, 0x0000, 0x0000, 0x0000, 0x0000, 0x0000, 0x0000, 0x0000, 0x0000, 0x0000, 0x0000, 0x0000,
  0x0000, 0x0000, 0x0000, 0x0000, 0x0000, 0x0000, 0x0000, 0x0000, 0x0000, 0x0000, 0x0000, 0x0000,
  0x0000, 0x0000, 0x0000, 0x0000, 0x0000, 0x0000, 0x0000, 0x0000, 0x0000, 0x0000, 0x0000, 0x0000,
  0x0000, 0x0000, 0x0000, 0x0000, 0x0000, 0x0000, 0x0000, 0x0000, 0x0000, 0x0000, 0x0000, 0x0000,
  0x0000, 0x0000, 0x0000, 0x0000, 0x0000, 0x0000, 0x0000, 0x0000, 0x0000, 0x0000, 0x0000, 0x0000,
  0x0000, 0x0000, 0x0000, 0x0000, 0x0000, 0x0000, 0x0000, 0x0000, 0x0000, 0x0000, 0x0000, 0x0000,
  0x0000, 0x0000, 0x0000, 0x0000, 0x0000, 0x0000, 0x0000, 0x0000, 0x0000, 0x0000, 0x0000, 0x0000,
  0x0000, 0x0000, 0x0000, 0x0000, 0x0000, 0x0000, 0x0000, 0x0000, 0x0000, 0x0000, 0x0000, 0x0000,
  0x0000, 0x0000, 0x0000, 0x0000, 0x0000, 0x0000, 0x0000, 0x0000, 0x0000, 0x0000, 0x0000, 0x0000,
  0x0000, 0x0000, 0x0000, 0x0000, 0x0000, 0x0000, 0x0000, 0x0000, 0x0000, 0x0000, 0x9B80, 0x9380,
  0x9BA0, 0xB440, 0xFDC0, 0xED80, 0xED60, 0xED60, 0xF581, 0xF5A1, 0xF5E1, 0xFE01, 0xFE22, 0xFE82,
  0xFE62, 0xFE62, 0xFE62, 0xFE62, 0xFE62, 0xFE62, 0xFE62, 0xFF03, 0xFEE3, 0xFEE3, 0xFEE3, 0xFEE3,
  0xFEE3, 0xFEE3, 0xFEE3, 0xFEE3, 0xFEE3, 0xFEE3, 0xFEE3, 0xFF03, 0xFEE3, 0xFEE3, 0xFEE3, 0xFEE3,
  0xFEE3, 0xFEE3, 0xFEE3, 0xFEE3, 0xFEE3, 0xFEE3, 0xFEE3, 0xFEE3, 0xFEE3, 0xFF03, 0xFF03, 0xFEE3,
  0xFF03, 0xFEE3, 0xFEE3, 0xFEE3, 0xFEE3, 0xFEE3, 0xFEA2, 0xFE42, 0xFE41, 0xFE21, 0xEDC1, 0xF5C1,
  0xF5E2, 0xABE1, 0xAC21, 0xA3E1, 0x30C2, 0x3902, 0x3902, 0x3902, 0x38E2, 0x38E2, 0x3902, 0x3902,
  0x4122, 0xF5A0, 0xED40, 0xDD00, 0x49A0, 0x0000, 0x0000, 0x0000, 0x0000, 0x0000, 0x0000, 0x0000,
  0x0000, 0x0000, 0x0000, 0x0000, 0x0000, 0x0000, 0x0000, 0x0000, 0x0000, 0x0000, 0x0000, 0x0000,
  0x0000, 0x0000, 0x0000, 0x0000, 0x0000, 0x0000, 0x0000, 0x0000, 0x0000, 0x0000, 0x0000, 0x0000,
  0x0000, 0x0000, 0x0000, 0x0000, 0x0000, 0x0000, 0x0000, 0x0000, 0x0000, 0x0000, 0x0000, 0x0000,
  0x0000, 0x0000, 0x0000, 0x0000, 0x0000, 0x0000, 0x0000, 0x0000, 0x0000, 0x0000, 0x0000, 0x0000,
  0x0000, 0x0000, 0x0000, 0x0000, 0x0000, 0x0000, 0x0000, 0x0000, 0x0000, 0x0000, 0x0000, 0x0000,
  0x0000, 0x0000, 0x0000, 0x0000, 0x0000, 0x0000, 0x0000, 0x0000, 0x0000, 0x0000, 0x0000, 0x0000,
  0x0000, 0x0000, 0x0000, 0x0000, 0x0000, 0x0000, 0x0000, 0x0000, 0x0000, 0x0000, 0x0000, 0x0000,
  0x0000, 0x0000, 0x0000, 0x0000, 0x0000, 0x0000, 0x0000, 0x0000, 0x0000, 0x0000, 0x0000, 0x0000,
  0x0000, 0x0000, 0x0000, 0x0000, 0x0000, 0x0000, 0x0000, 0x0000, 0x0000, 0x0000, 0x0000, 0x0000,
  0x0000, 0x0000, 0x0000, 0x0000, 0x0000, 0x0000, 0x0000, 0x0000, 0x0000, 0x0000, 0x0000, 0x0000,
  0x0000, 0x0000, 0x0000, 0x0000, 0x0000, 0x0000, 0x0000, 0x0000, 0x0000, 0x0000, 0x0000, 0x0000,
  0x0000, 0x0000, 0x0000, 0x0000, 0x0000, 0x0000, 0x0000, 0x0000, 0x0000, 0x0000, 0x0000, 0x0000,
  0x0000, 0x0000, 0x0000, 0x0000, 0x0000, 0x0000, 0x0000, 0x0000, 0x0000, 0x0000, 0x0000, 0x0000,
  0x0000, 0x0020, 0xF5A0, 0xED40, 0xE540, 0xE520, 0xED40, 0xED40, 0xED80, 0xFE01, 0xFE02, 0xFE01,
  0xFE01, 0xFE01, 0xFE01, 0xFE01, 0xFE01, 0xFE02, 0xFE02, 0xFF03, 0xFEE3, 0xFEE3, 0xFEE3, 0xFEE3,
  0xFF03, 0xFEE3, 0xFEE3, 0xFEE3, 0xFEE3, 0xFEE3, 0xFF03, 0xFEE3, 0xFF03, 0xFEE3, 0xFEE3, 0xFF03,
  0xFEE3, 0xFEE3, 0xFF03, 0xFEE3, 0xFEE3, 0xFEE3, 0xFEE3, 0xFEE3, 0xFEE3, 0xFEE3, 0xFF03, 0xFEE3,
  0xFEE3, 0xFF03, 0xFEE3, 0xFEE3, 0xFEE3, 0xFEE3, 0xFE82, 0xFDE1, 0xFE01, 0xFDE1, 0xED40, 0xED60,
  0xED40, 0x3901, 0x3901, 0x30E2, 0x4122, 0x4122, 0x4122, 0x4122, 0x4122, 0x4122, 0x4122, 0x4142,
  0x4942, 0x0820, 0x0000, 0x0000, 0x0000, 0x0000, 0x0000, 0x0000, 0x0000, 0x0000, 0x0000, 0x0000,
  0x0000, 0x0000, 0x0000, 0x0000, 0x0000, 0x0000, 0x0000, 0x0000, 0x0000, 0x0000, 0x0000, 0x0000,
  0x0000, 0x0000, 0x0000, 0x0000, 0x0000, 0x0000, 0x0000, 0x0000, 0x0000, 0x0000, 0x0000, 0x0000,
  0x0000, 0x0000, 0x0000, 0x0000, 0x0000, 0x0000, 0x0000, 0x0000, 0x0000, 0x0000, 0x0000, 0x0000,
  0x0000, 0x0000, 0x0000, 0x0000, 0x0000, 0x0000, 0x0000, 0x0000, 0x0000, 0x0000, 0x0000, 0x0000,
  0x0000, 0x0000, 0x0000, 0x0000, 0x0000, 0x0000, 0x0000, 0x0000, 0x0000, 0x0000, 0x0000, 0x0000,
  0x0000, 0x0000, 0x0000, 0x0000, 0x0000, 0x0000, 0x0000, 0x0000, 0x0000, 0x0000, 0x0000, 0x0000,
  0x0000, 0x0000, 0x0000, 0x0000, 0x0000, 0x0000, 0x0000, 0x0000, 0x0000, 0x0000, 0x0000, 0x0000,
  0x0000, 0x0000, 0x0000, 0x0000, 0x0000, 0x0000, 0x0000, 0x0000, 0x0000, 0x0000, 0x0000, 0x0000,
  0x0000, 0x0000, 0x0000, 0x0000, 0x0000, 0x0000, 0x0000, 0x0000, 0x0000, 0x0000, 0x0000, 0x0000,
  0x0000, 0x0000, 0x0000, 0x0000, 0x0000, 0x0000, 0x0000, 0x0000, 0x0000, 0x0000, 0x0000, 0x0000,
  0x0000, 0x0000, 0x0000, 0x0000, 0x0000, 0x0000, 0x0000, 0x0000, 0x0000, 0x0000, 0x0000, 0x0000,
  0x0000, 0x0000, 0x0000, 0x0000, 0x0000, 0x0000, 0x0000, 0x0000, 0x0000, 0x0000, 0x0000, 0x0000,
  0x0000, 0x0000, 0x0000, 0x0000, 0x0000, 0x0000, 0x0000, 0x0000, 0x0000, 0x0000, 0x0000, 0x0000,
  0x0000, 0x0000, 0xE500, 0xED40, 0xED20, 0xED20, 0xED40, 0xE500, 0xED40, 0xFE01, 0xFE01, 0xFE01,
  0xFE01, 0xFE01, 0xFE01, 0xFE01, 0xFE02, 0xFE02, 0xFE02, 0xFF03, 0xFEE3, 0xFEE3, 0xFEE3, 0xFEE3,
  0xFEE3, 0xFEE3, 0xFEE3, 0xFEE3, 0xFEE3, 0xFEE3, 0xFEE3, 0xFF03, 0xFF03, 0xFF03, 0xFEE3, 0xFEE3,
  0xFF03, 0xFF03, 0xFEE3, 0xFF03, 0xFEE3, 0xFEE3, 0xFEE3, 0xFEE3, 0xFF03, 0xFEE3, 0xFEE3, 0xFF03,
  0xFF03, 0xFF03, 0xFEE3, 0xFEE3, 0xFEE3, 0xFEE3, 0xFE82, 0xFDE1, 0xFE01, 0xFE01, 0xED60, 0xED40,
  0xDCE0, 0x30E1, 0x38E1, 0x38E2, 0x4122, 0x4122, 0x4122, 0x4122, 0x4122, 0x4122, 0x4122, 0x4122,
  0x4142, 0x0820, 0x0000, 0x0000, 0x0000, 0x0000, 0x0000, 0x0000, 0x0000, 0x0000, 0x0000, 0x0000,
  0x0000, 0x0000, 0x0000, 0x0000, 0x0000, 0x0000, 0x0000, 0x0000, 0x0000, 0x0000, 0x0000, 0x0000,
  0x0000, 0x0000, 0x0000, 0x0000, 0x0000, 0x0000, 0x0000, 0x0000, 0x0000, 0x0000, 0x0000, 0x0000,
  0x0000, 0x0000, 0x0000, 0x0000, 0x0000, 0x0000, 0x0000, 0x0000, 0x0000, 0x0000, 0x0000, 0x0000,
  0x0000, 0x0000, 0x0000, 0x0000, 0x0000, 0x0000, 0x0000, 0x0000, 0x0000, 0x0000, 0x0000, 0x0000,
  0x0000, 0x0000, 0x0000, 0x0000, 0x0000, 0x0000, 0x0000, 0x0000, 0x0000, 0x0000, 0x0000, 0x0000,
  0x0000, 0x0000, 0x0000, 0x0000, 0x0000, 0x0000, 0x0000, 0x0000, 0x0000, 0x0000, 0x0000, 0x0000,
  0x0000, 0x0000, 0x0000, 0x0000, 0x0000, 0x0000, 0x0000, 0x0000, 0x0000, 0x0000, 0x0000, 0x0000,
  0x0000, 0x0000, 0x0000, 0x0000, 0x0000, 0x0000, 0x0000, 0x0000, 0x0000, 0x0000, 0x0000, 0x0000,
  0x0000, 0x0000, 0x0000, 0x0000, 0x0000, 0x0000, 0x0000, 0x0000, 0x0000, 0x0000, 0x0000, 0x0000,
  0x0000, 0x0000, 0x0000, 0x0000, 0x0000, 0x0000, 0x0000, 0x0000, 0x0000, 0x0000, 0x0000, 0x0000,
  0x0000, 0x0000, 0x0000, 0x0000, 0x0000, 0x0000, 0x0000, 0x0000, 0x0000, 0x0000, 0x0000, 0x0000,
  0x0000, 0x0000, 0x0000, 0x0000, 0x0000, 0x0000, 0x0000, 0x0000, 0x0000, 0x0000, 0x0000, 0x0000,
  0x0000, 0x0000, 0x0000, 0x0000, 0x0000, 0x0000, 0x0000, 0x0000, 0x0000, 0x0000, 0x0000, 0x0000,
  0x0000, 0x0000, 0x9B80, 0xAC00, 0x9BC0, 0xA3E0, 0xAC00, 0xB400, 0xE500, 0xFDE1, 0xF5E1, 0xF5C1,
  0xF5C1, 0xF5E1, 0xF5E1, 0xF5C1, 0xFE02, 0xFE02, 0xFE01, 0xFEC3, 0xFEC3, 0xFEC3, 0xFEC3, 0xFEC3,
  0xFEE3, 0xFEC3, 0xFEE3, 0xFEE3, 0xFEE3, 0xFEE3, 0xFEE3, 0xFF03, 0xFEE3, 0xFEE3, 0xFF03, 0xFEE3,
  0xFF03, 0xFEE3, 0xFEE3, 0xFEE3, 0xFEE3, 0xFF03, 0xFF03, 0xFEE3, 0xFEE3, 0xFEE3, 0xFEE3, 0xFEE3,
  0xFF03, 0xFF03, 0xFEE3, 0xFEE3, 0xFEE3, 0xFEE3, 0xFE82, 0xFDC1, 0xFE01, 0xFE21, 0xCCC0, 0xCCC0,
  0xB440, 0x30E1, 0x38E1, 0x38E2, 0x4142, 0x4122, 0x4122, 0x4122, 0x4122, 0x4922, 0x4122, 0x4122,
  0x4122, 0x0000, 0x0000, 0x0000, 0x0000, 0x0000, 0x0000, 0x0000, 0x0000, 0x0000, 0x0000, 0x0000,
  0x0000, 0x0000, 0x0000, 0x0000, 0x0000, 0x0000, 0x0000, 0x0000, 0x0000, 0x0000, 0x0000, 0x0000,
  0x0000, 0x0000, 0x0000, 0x0000, 0x0000, 0x0000, 0x0000, 0x0000, 0x0000, 0x0000, 0x0000, 0x0000,
  0x0000, 0x0000, 0x0000, 0x0000, 0x0000, 0x0000, 0x0000, 0x0000, 0x0000, 0x0000, 0x0000, 0x0000,
  0x0000, 0x0000, 0x0000, 0x0000, 0x0000, 0x0000, 0x0000, 0x0000, 0x0000, 0x0000, 0x0000, 0x0000,
  0x0000, 0x0000, 0x0000, 0x0000, 0x0000, 0x0000, 0x0000, 0x0000, 0x0000, 0x0000, 0x0000, 0x0000,
  0x0000, 0x0000, 0x0000, 0x0000, 0x0000, 0x0000, 0x0000, 0x0000, 0x0000, 0x0000, 0x0000, 0x0000,
  0x0000, 0x0000, 0x0000, 0x0000, 0x0000, 0x0000, 0x0000, 0x0000, 0x0000, 0x0000, 0x0000, 0x0000,
  0x0000, 0x0000, 0x0000, 0x0000, 0x0000, 0x0000, 0x0000, 0x0000, 0x0000, 0x0000, 0x0000, 0x0000,
  0x0000, 0x0000, 0x0000, 0x0000, 0x0000, 0x0000, 0x0000, 0x0000, 0x0000, 0x0000, 0x0000, 0x0000,
  0x0000, 0x0000, 0x0000, 0x0000, 0x0000, 0x0000, 0x0000, 0x0000, 0x0000, 0x0000, 0x0000, 0x0000,
  0x0000, 0x0000, 0x0000, 0x0000, 0x0000, 0x0000, 0x0000, 0x0000, 0x0000, 0x0000, 0x0000, 0x0000,
  0x0000, 0x0000, 0x0000, 0x0000, 0x0000, 0x0000, 0x0000, 0x0000, 0x0000, 0x0000, 0x0000, 0x0000,
  0x0000, 0x0000, 0x0000, 0x0000, 0x0000, 0x0000, 0x0000, 0x0000, 0x0000, 0x0000, 0x0000, 0x0000,
  0x0000, 0x0000, 0x0000, 0x0000, 0x0000, 0x0020, 0x0000, 0x0000, 0xED40, 0xED40, 0xED20, 0xE520,
  0xED40, 0xED60, 0xED40, 0xED40, 0xFE22, 0xFE02, 0xFDE1, 0xFDE1, 0xFDE1, 0xFDE2, 0xFE01, 0xFE22,
  0xFE22, 0xFE21, 0xFE22, 0xFE22, 0xFE02, 0xFF03, 0xFEE3, 0xFF03, 0xFEE3, 0xFEE3, 0xFEE3, 0xFF03,
  0xFF03, 0xFEE3, 0xFEE3, 0xFEE3, 0xFF03, 0xFEE3, 0xFEE3, 0xFEE3, 0xFEE3, 0xFEE3, 0xFEE3, 0xFEE3,
  0xFF03, 0xFEE3, 0xFEE3, 0xFEE3, 0xFEE3, 0xFEE3, 0xF641, 0xED40, 0xED60, 0xFE20, 0x3902, 0x3901,
  0x30E1, 0x4122, 0x4122, 0x4122, 0x4122, 0x4942, 0x4122, 0x4122, 0x4122, 0x4142, 0x4142, 0x4122,
  0x4122, 0x0000, 0x0000, 0x0000, 0x0000, 0x0000, 0x0000, 0x0000, 0x0000, 0x0000, 0x0000, 0x0000,
  0x0000, 0x0000, 0x0000, 0x0000, 0x0000, 0x0000, 0x0000, 0x0000, 0x0000, 0x0000, 0x0000, 0x0000,
  0x0000, 0x0000, 0x0000, 0x0000, 0x0000, 0x0000, 0x0000, 0x0000, 0x0000, 0x0000, 0x0000, 0x0000,
  0x0000, 0x0000, 0x0000, 0x0000, 0x0000, 0x0000, 0x0000, 0x0000, 0x0000, 0x0000, 0x0000, 0x0000,
  0x0000, 0x0000, 0x0000, 0x0000, 0x0000, 0x0000, 0x0000, 0x0000, 0x0000, 0x0000, 0x0000, 0x0000,
  0x0000, 0x0000, 0x0000, 0x0000, 0x0000, 0x0000, 0x0000, 0x0000, 0x0000, 0x0000, 0x0000, 0x0000,
  0x0000, 0x0000, 0x0000, 0x0000, 0x0000, 0x0000, 0x0000, 0x0000, 0x0000, 0x0000, 0x0000, 0x0000,
  0x0000, 0x0000, 0x0000, 0x0000, 0x0000, 0x0000, 0x0000, 0x0000, 0x0000, 0x0000, 0x0000, 0x0000,
  0x0000, 0x0000, 0x0000, 0x0000, 0x0000, 0x0000, 0x0000, 0x0000, 0x0000, 0x0000, 0x0000, 0x0000,
  0x0000, 0x0000, 0x0000, 0x0000, 0x0000, 0x0000, 0x0000, 0x0000, 0x0000, 0x0000, 0x0000, 0x0000,
  0x0000, 0x0000, 0x0000, 0x0000, 0x0000, 0x0000, 0x0000, 0x0000, 0x0000, 0x0000, 0x0000, 0x0000,
  0x0000, 0x0000, 0x0000, 0x0000, 0x0000, 0x0000, 0x0000, 0x0000, 0x0000, 0x0000, 0x0000, 0x0000,
  0x0000, 0x0000, 0x0000, 0x0000, 0x0000, 0x0000, 0x0000, 0x0000, 0x0000, 0x0000, 0x0000, 0x0000,
  0x0000, 0x0000, 0x0000, 0x0000, 0x0000, 0x0000, 0x0000, 0x0000, 0x0000, 0x0000, 0x0000, 0x0000,
  0x0000, 0x0000, 0x0000, 0x0000, 0x0000, 0x0000, 0x0000, 0x0000, 0xFDA0, 0xED60, 0xE520, 0xE520,
  0xED40, 0xF560, 0xED60, 0xED40, 0xFE22, 0xFDE1, 0xFDE1, 0xFE02, 0xFE01, 0xFDE1, 0xFE02, 0xFE22,
  0xFE21, 0xFE01, 0xFE22, 0xFE22, 0xFE01, 0xFF03, 0xFEE3, 0xFEE3, 0xFEE3, 0xFF03, 0xFF03, 0xFEE3,
  0xFF03, 0xFEE3, 0xFEE3, 0xFEE3, 0xFEE3, 0xFEE3, 0xFEE3, 0xFEE3, 0xFEE3, 0xFEE3, 0xFEE3, 0xFEE3,
  0xFEE3, 0xFEE3, 0xFEE3, 0xFEE3, 0xFEE3, 0xFEE3, 0xF601, 0xED40, 0xED40, 0xFE20, 0x30E1, 0x30E1,
  0x30E2, 0x4942, 0x4142, 0x4122, 0x4942, 0x4942, 0x4122, 0x4122, 0x4122, 0x4122, 0x4942, 0x4942,
  0x4122, 0x0000, 0x0000, 0x0000, 0x0000, 0x0000, 0x0000, 0x0000, 0x0000, 0x0000, 0x0000, 0x0000,
  0x0000, 0x0000, 0x0000, 0x0000, 0x0000, 0x0000, 0x0000, 0x0000, 0x0000, 0x0000, 0x0000, 0x0000,
  0x0000, 0x0000, 0x0000, 0x0000, 0x0000, 0x0000, 0x0000, 0x0000, 0x0000, 0x0000, 0x0000, 0x0000,
  0x0000, 0x0000, 0x0000, 0x0000, 0x0000, 0x0000, 0x0000, 0x0000, 0x0000, 0x0000, 0x0000, 0x0000,
  0x0000, 0x0000, 0x0000, 0x0000, 0x0000, 0x0000, 0x0000, 0x0000, 0x0000, 0x0000, 0x0000, 0x0000,
  0x0000, 0x0000, 0x0000, 0x0000, 0x0000, 0x0000, 0x0000, 0x0000, 0x0000, 0x0000, 0x0000, 0x0000,
  0x0000, 0x0000, 0x0000, 0x0000, 0x0000, 0x0000, 0x0000, 0x0000, 0x0000, 0x0000, 0x0000, 0x0000,
  0x0000, 0x0000, 0x0000, 0x0000, 0x0000, 0x0000, 0x0000, 0x0000, 0x0000, 0x0000, 0x0000, 0x0000,
  0x0000, 0x0000, 0x0000, 0x0000, 0x0000, 0x0000, 0x0000, 0x0000, 0x0000, 0x0000, 0x0000, 0x0000,
  0x0000, 0x0000, 0x0000, 0x0000, 0x0000, 0x0000, 0x0000, 0x0000, 0x0000, 0x0000, 0x0000, 0x0000,
  0x0000, 0x0000, 0x0000, 0x0000, 0x0000, 0x0000, 0x0000, 0x0000, 0x0000, 0x0000, 0x0000, 0x0000,
  0x0000, 0x0000, 0x0000, 0x0000, 0x0000, 0x0000, 0x0000, 0x0000, 0x0000, 0x0000, 0x0000, 0x0000,
  0x0000, 0x0000, 0x0000, 0x0000, 0x0000, 0x0000, 0x0000, 0x0000, 0x0000, 0x0000, 0x0000, 0x0000,
  0x0000, 0x0000, 0x0000, 0x0000, 0x0000, 0x0000, 0x0000, 0x0000, 0x0000, 0x0000, 0x0000, 0x0000,
  0x0000, 0x0000, 0x0000, 0x0000, 0x0000, 0x0000, 0x0000, 0x0000, 0xFE60, 0xFE00, 0xF5C0, 0xFE00,
  0xFE40, 0xFE40, 0xFDE0, 0xF5C0, 0xFE01, 0xFDE1, 0xFE01, 0xFE22, 0xFE02, 0xFE02, 0xFE02, 0xFE42,
  0xFE42, 0xFE22, 0xFE22, 0xFE02, 0xFE01, 0xFF03, 0xFF03, 0xFF03, 0xFF03, 0xFF03, 0xFF03, 0xFF03,
  0xFF03, 0xFF03, 0xFF03, 0xFF03, 0xFF03, 0xFF03, 0xFEE3, 0xFEE3, 0xFEE3, 0xFEE3, 0xFEE3, 0xFEE3,
  0xFF03, 0xFF03, 0xFF03, 0xFF03, 0xFF03, 0xFEE3, 0xF621, 0xED40, 0xED60, 0xFE00, 0x30E1, 0x30E1,
  0x30E2, 0x4942, 0x4122, 0x4122, 0x4922, 0x4122, 0x4942, 0x4942, 0x4122, 0x4122, 0x5163, 0x5183,
  0x4963, 0x0000, 0x0000, 0x0000, 0x0000, 0x0000, 0x0000, 0x0000, 0x0000, 0x0000, 0x0000, 0x0000,
  0x0000, 0x0000, 0x0000, 0x0000, 0x0000, 0x0000, 0x0000, 0x0000, 0x0000, 0x0000, 0x0000, 0x0000,
  0x0000, 0x0000, 0x0000, 0x0000, 0x0000, 0x0000, 0x0000, 0x0000, 0x0000, 0x0000, 0x0000, 0x0000,
  0x0000, 0x0000, 0x0000, 0x0000, 0x0000, 0x0000, 0x0000, 0x0000, 0x0000, 0x0000, 0x0000, 0x0000,
  0x0000, 0x0000, 0x0000, 0x0000, 0x0000, 0x0000, 0x0000, 0x0000, 0x0000, 0x0000, 0x0000, 0x0000,
  0x0000, 0x0000, 0x0000, 0x0000, 0x0000, 0x0000, 0x0000, 0x0000, 0x0000, 0x0000, 0x0000, 0x0000,
  0x0000, 0x0000, 0x0000, 0x0000, 0x0000, 0x0000, 0x0000, 0x0000, 0x0000, 0x0000, 0x0000, 0x0000,
  0x0000, 0x0000, 0x0000, 0x0000, 0x0000, 0x0000, 0x0000, 0x0000, 0x0000, 0x0000, 0x0000, 0x0000,
  0x0000, 0x0000, 0x0000, 0x0000, 0x0000, 0x0000, 0x0000, 0x0000, 0x0000, 0x0000, 0x0000, 0x0000,
  0x0000, 0x0000, 0x0000, 0x0000, 0x0000, 0x0000, 0x0000, 0x0000, 0x0000, 0x0000, 0x0000, 0x0000,
  0x0000, 0x0000, 0x0000, 0x0000, 0x0000, 0x0000, 0x0000, 0x0000, 0x0000, 0x0000, 0x0000, 0x0000,
  0x0000, 0x0000, 0x0000, 0x0000, 0x0000, 0x0000, 0x0000, 0x0000, 0x0000, 0x0000, 0x0000, 0x0000,
  0x0000, 0x0000, 0x0000, 0x0000, 0x0000, 0x0000, 0x0000, 0x0000, 0x0000, 0x0000, 0x0000, 0x0000,
  0x0000, 0x0000, 0x0000, 0x0000, 0x0000, 0x0000, 0x0000, 0x0000, 0x0000, 0x0000, 0x0000, 0x0000,
  0x0000, 0x0000, 0x0000, 0x0000, 0x0000, 0x0000, 0x0000, 0x0000, 0x0000, 0x0000, 0x0000, 0x0000,
  0x0000, 0x0000, 0x0000, 0x0000, 0xE520, 0xE520, 0xE520, 0xED60, 0xED60, 0xED60, 0xED40, 0xED40,
  0xED60, 0xED60, 0xFE01, 0xFE01, 0xFE01, 0xFE01, 0xFE01, 0xFE01, 0xFE02, 0xFE02, 0xFE02, 0xFE02,
  0xFE01, 0xFE02, 0xFE02, 0xFE01, 0xFE01, 0xFE01, 0xFEE3, 0xFEE3, 0xFEE3, 0xFEE3, 0xFEE3, 0xFEE3,
  0xFE02, 0xFE22, 0xFE22, 0xFE02, 0xFE02, 0xFDE1, 0xF5A1, 0xED60, 0xED60, 0xF5E0, 0x28C1, 0x30E1,
  0x30E2, 0x4942, 0x4122, 0x4942, 0x4142, 0x4122, 0x4942, 0x4942, 0x4942, 0x4122, 0x0000, 0x0000,
  0x0000, 0x0000, 0x0000, 0x0000, 0x0000, 0x0000, 0x0000, 0x0000, 0x0000, 0x0000, 0x0000, 0x0000,
  0x0000, 0x0000, 0x0000, 0x0000, 0x0000, 0x0000, 0x0000, 0x0000, 0x0000, 0x0000, 0x0000, 0x0000,
  0x0000, 0x0000, 0x0000, 0x0000, 0x0000, 0x0000, 0x0000, 0x0000, 0x0000, 0x0000, 0x0000, 0x0000,
  0x0000, 0x0000, 0x0000, 0x0000, 0x0000, 0x0000, 0x0000, 0x0000, 0x0000, 0x0000, 0x0000, 0x0000,
  0x0000, 0x0000, 0x0000, 0x0000, 0x0000, 0x0000, 0x0000, 0x0000, 0x0000, 0x0000, 0x0000, 0x0000,
  0x0000, 0x0000, 0x0000, 0x0000, 0x0000, 0x0000, 0x0000, 0x0000, 0x0000, 0x0000, 0x0000, 0x0000,
  0x0000, 0x0000, 0x0000, 0x0000, 0x0000, 0x0000, 0x0000, 0x0000, 0x0000, 0x0000, 0x0000, 0x0000,
  0x0000, 0x0000, 0x0000, 0x0000, 0x0000, 0x0000, 0x0000, 0x0000, 0x0000, 0x0000, 0x0000, 0x0000,
  0x0000, 0x0000, 0x0000, 0x0000, 0x0000, 0x0000, 0x0000, 0x0000, 0x0000, 0x0000, 0x0000, 0x0000,
  0x0000, 0x0000, 0x0000, 0x0000, 0x0000, 0x0000, 0x0000, 0x0000, 0x0000, 0x0000, 0x0000, 0x0000,
  0x0000, 0x0000, 0x0000, 0x0000, 0x0000, 0x0000, 0x0000, 0x0000, 0x0000, 0x0000, 0x0000, 0x0000,
  0x0000, 0x0000, 0x0000, 0x0000, 0x0000, 0x0000, 0x0000, 0x0000, 0x0000, 0x0000, 0x0000, 0x0000,
  0x0000, 0x0000, 0x0000, 0x0000, 0x0000, 0x0000, 0x0000, 0x0000, 0x0000, 0x0000, 0x0000, 0x0000,
  0x0000, 0x0000, 0x0000, 0x0000, 0x0000, 0x0000, 0x0000, 0x0000, 0x0000, 0x0000, 0x0000, 0x0000,
  0x0000, 0x0000, 0x0000, 0x0000, 0x0000, 0x0000, 0x0000, 0x0000, 0x0000, 0x0000, 0x0000, 0x0000,
  0x0000, 0x0000, 0x0000, 0x0000, 0xED20, 0xF560, 0xED60, 0xED40, 0xED60, 0xF560, 0xED40, 0xED40,
  0xED60, 0xED60, 0xFDE1, 0xFE01, 0xFE02, 0xFE01, 0xFDE1, 0xFE02, 0xFE02, 0xFE02, 0xFE02, 0xFE02,
  0xFE02, 0xFE02, 0xFE02, 0xFE02, 0xFE01, 0xFE02, 0xFEE3, 0xFEE3, 0xFEE3, 0xFEE3, 0xFEE3, 0xFEC3,
  0xFE02, 0xFE02, 0xFE02, 0xFE02, 0xFE02, 0xFDE2, 0xF5C1, 0xED60, 0xED40, 0xF5C0, 0x30E1, 0x30E1,
  0x30E2, 0x4122, 0x4122, 0x4942, 0x4942, 0x4142, 0x4122, 0x4142, 0x4942, 0x4122, 0x0000, 0x0000,
  0x0000, 0x0000, 0x0000, 0x0000, 0x0000, 0x0000, 0x0000, 0x0000, 0x0000, 0x0000, 0x0000, 0x0000,
  0x0000, 0x0000, 0x0000, 0x0000, 0x0000, 0x0000, 0x0000, 0x0000, 0x0000, 0x0000, 0x0000, 0x0000,
  0x0000, 0x0000, 0x0000, 0x0000, 0x0000, 0x0000, 0x0000, 0x0000, 0x0000, 0x0000, 0x0000, 0x0000,
  0x0000, 0x0000, 0x0000, 0x0000, 0x0000, 0x0000, 0x0000, 0x0000, 0x0000, 0x0000, 0x0000, 0x0000,
  0x0000, 0x0000, 0x0000, 0x0000, 0x0000, 0x0000, 0x0000, 0x0000, 0x0000, 0x0000, 0x0000, 0x0000,
  0x0000, 0x0000, 0x0000, 0x0000, 0x0000, 0x0000, 0x0000, 0x0000, 0x0000, 0x0000, 0x0000, 0x0000,
  0x0000, 0x0000, 0x0000, 0x0000, 0x0000, 0x0000, 0x0000, 0x0000, 0x0000, 0x0000, 0x0000, 0x0000,
  0x0000, 0x0000, 0x0000, 0x0000, 0x0000, 0x0000, 0x0000, 0x0000, 0x0000, 0x0000, 0x0000, 0x0000,
  0x0000, 0x0000, 0x0000, 0x0000, 0x0000, 0x0000, 0x0000, 0x0000, 0x0000, 0x0000, 0x0000, 0x0000,
  0x0000, 0x0000, 0x0000, 0x0000, 0x0000, 0x0000, 0x0000, 0x0000, 0x0000, 0x0000, 0x0000, 0x0000,
  0x0000, 0x0000, 0x0000, 0x0000, 0x0000, 0x0000, 0x0000, 0x0000, 0x0000, 0x0000, 0x0000, 0x0000,
  0x0000, 0x0000, 0x0000, 0x0000, 0x0000, 0x0000, 0x0000, 0x0000, 0x0000, 0x0000, 0x0000, 0x0000,
  0x0000, 0x0000, 0x0000, 0x0000, 0x0000, 0x0000, 0x0000, 0x0000, 0x0000, 0x0000, 0x0000, 0x0000,
  0x0000, 0x0000, 0x0000, 0x0000, 0x0000, 0x0000, 0x0000, 0x0000, 0x0000, 0x0000, 0x0000, 0x0000,
  0x0000, 0x0000, 0x0000, 0x0000, 0x0000, 0x0000, 0x0000, 0x0000, 0x0000, 0x0000, 0x0000, 0x0000,
  0x0000, 0x0000, 0x0000, 0x0020, 0xDCC0, 0xED40, 0xE540, 0xDD00, 0xE500, 0xE520, 0xE520, 0xDCE0,
  0xE520, 0xED40, 0xFDE1, 0xFE01, 0xFE02, 0xFE02, 0xFE01, 0xFE01, 0xFE01, 0xFE01, 0xFE02, 0xFE02,
  0xFE02, 0xFE01, 0xFE02, 0xFE02, 0xFE02, 0xFE01, 0xFEC2, 0xFEE2, 0xFEE2, 0xFEE3, 0xFEE3, 0xFEC2,
  0xFE02, 0xFE22, 0xFE22, 0xFE02, 0xFE02, 0xFE02, 0xF5C1, 0xED60, 0xED40, 0xF5E0, 0x30E2, 0x30E1,
  0x30E2, 0x4122, 0x4942, 0x4942, 0x4942, 0x4942, 0x4122, 0x4102, 0x4122, 0x4122, 0x0000, 0x0000,
  0x0000, 0x0000, 0x0000, 0x0000, 0x0000, 0x0000, 0x0000, 0x0000, 0x0000, 0x0000, 0x0000, 0x0000,
  0x0000, 0x0000, 0x0000, 0x0000, 0x0000, 0x0000, 0x0000, 0x0000, 0x0000, 0x0000, 0x0000, 0x0000,
  0x0000, 0x0000, 0x0000, 0x0000, 0x0000, 0x0000, 0x0000, 0x0000, 0x0000, 0x0000, 0x0000, 0x0000,
  0x0000, 0x0000, 0x0000, 0x0000, 0x0000, 0x0000, 0x0000, 0x0000, 0x0000, 0x0000, 0x0000, 0x0000,
  0x0000, 0x0000, 0x0000, 0x0000, 0x0000, 0x0000, 0x0000, 0x0000, 0x0000, 0x0000, 0x0000, 0x0000,
  0x0000, 0x0000, 0x0000, 0x0000, 0x0000, 0x0000, 0x0000, 0x0000, 0x0000, 0x0000, 0x0000, 0x0000,
  0x0000, 0x0000, 0x0000, 0x0000, 0x0000, 0x0000, 0x0000, 0x0000, 0x0000, 0x0000, 0x0000, 0x0000,
  0x0000, 0x0000, 0x0000, 0x0000, 0x0000, 0x0000, 0x0000, 0x0000, 0x0000, 0x0000, 0x0000, 0x0000,
  0x0000, 0x0000, 0x0000, 0x0000, 0x0000, 0x0000, 0x0000, 0x0000, 0x0000, 0x0000, 0x0000, 0x0000,
  0x0000, 0x0000, 0x0000, 0x0000, 0x0000, 0x0000, 0x0000, 0x0000, 0x0000, 0x0000, 0x0000, 0x0000,
  0x0000, 0x0000, 0x0000, 0x0000, 0x0000, 0x0000, 0x0000, 0x0000, 0x0000, 0x0000, 0x0000, 0x0000,
  0x0000, 0x0000, 0x0000, 0x0000, 0x0000, 0x0000, 0x0000, 0x0000, 0x0000, 0x0000, 0x0000, 0x0000,
  0x0000, 0x0000, 0x0000, 0x0000, 0x0000, 0x0000, 0x0000, 0x0000, 0x0000, 0x0000, 0x0000, 0x0000,
  0x0000, 0x0000, 0x0000, 0x0000, 0x0000, 0x0000, 0x0000, 0x0000, 0x0000, 0x0000, 0x0000, 0x0000,
  0x0000, 0x0000, 0x0000, 0x0000, 0x0000, 0x0000, 0x0000, 0x0000, 0x0000, 0x0000, 0x0000, 0x0000,
  0x0000, 0x0000, 0x0000, 0x0000, 0x0000, 0x0820, 0x0840, 0x0820, 0x0020, 0x0020, 0x0820, 0x0000,
  0x0820, 0x0860, 0xED80, 0xED40, 0xED60, 0xED40, 0xED60, 0xED40, 0xED40, 0xED40, 0xED60, 0xED60,
  0xED60, 0xE540, 0xE560, 0xFE02, 0xFE02, 0xFE02, 0xFE02, 0xFE02, 0xFE02, 0xFE02, 0xFDE1, 0xFE02,
  0xFE02, 0xFE02, 0xFE02, 0xFE02, 0xFE02, 0xFE02, 0xF5C1, 0xED40, 0xED40, 0xFE20, 0x3902, 0x30E2,
  0x30E2, 0x4942, 0x4942, 0x4942, 0x4142, 0x4142, 0x4142, 0x0000, 0x0000, 0x0000, 0x0000, 0x0000,
  0x0000, 0x0000, 0x0000, 0x0000, 0x0000, 0x0000, 0x0000, 0x0000, 0x0000, 0x0000, 0x0000, 0x0000,
  0x0000, 0x0000, 0x0000, 0x0000, 0x0000, 0x0000, 0x0000, 0x0000, 0x0000, 0x0000, 0x0000, 0x0000,
  0x0000, 0x0000, 0x0000, 0x0000, 0x0000, 0x0000, 0x0000, 0x0000, 0x0000, 0x0000, 0x0000, 0x0000,
  0x0000, 0x0000, 0x0000, 0x0000, 0x0000, 0x0000, 0x0000, 0x0000, 0x0000, 0x0000, 0x0000, 0x0000,
  0x0000, 0x0000, 0x0000, 0x0000, 0x0000, 0x0000, 0x0000, 0x0000, 0x0000, 0x0000, 0x0000, 0x0000,
  0x0000, 0x0000, 0x0000, 0x0000, 0x0000, 0x0000, 0x0000, 0x0000, 0x0000, 0x0000, 0x0000, 0x0000,
  0x0000, 0x0000, 0x0000, 0x0000, 0x0000, 0x0000, 0x0000, 0x0000, 0x0000, 0x0000, 0x0000, 0x0000,
  0x0000, 0x0000, 0x0000, 0x0000, 0x0000, 0x0000, 0x0000, 0x0000, 0x0000, 0x0000, 0x0000, 0x0000,
  0x0000, 0x0000, 0x0000, 0x0000, 0x0000, 0x0000, 0x0000, 0x0000, 0x0000, 0x0000, 0x0000, 0x0000,
  0x0000, 0x0000, 0x0000, 0x0000, 0x0000, 0x0000, 0x0000, 0x0000, 0x0000, 0x0000, 0x0000, 0x0000,
  0x0000, 0x0000, 0x0000, 0x0000, 0x0000, 0x0000, 0x0000, 0x0000, 0x0000, 0x0000, 0x0000, 0x0000,
  0x0000, 0x0000, 0x0000, 0x0000, 0x0000, 0x0000, 0x0000, 0x0000, 0x0000, 0x0000, 0x0000, 0x0000,
  0x0000, 0x0000, 0x0000, 0x0000, 0x0000, 0x0000, 0x0000, 0x0000, 0x0000, 0x0000, 0x0000, 0x0000,
  0x0000, 0x0000, 0x0000, 0x0000, 0x0000, 0x0000, 0x0000, 0x0000, 0x0000, 0x0000, 0x0000, 0x0000,
  0x0000, 0x0000, 0x0000, 0x0000, 0x0000, 0x0000, 0x0000, 0x0000, 0x0000, 0x0000, 0x0000, 0x0000,
  0x0000, 0x0000, 0x0000, 0x0000, 0x0000, 0x0000, 0x0000, 0x0000, 0x0000, 0x0000, 0x0000, 0x0000,
  0x0000, 0x0020, 0xF5A0, 0xED60, 0xED40, 0xED40, 0xED40, 0xED40, 0xED40, 0xED40, 0xED60, 0xED60,
  0xED40, 0xED40, 0xE560, 0xFE02, 0xFE02, 0xFE02, 0xFE02, 0xFE02, 0xFE02, 0xFDE2, 0xFDE1, 0xFDE2,
  0xFE02, 0xFE02, 0xFE02, 0xFE02, 0xFE02, 0xFE02, 0xF5A1, 0xED40, 0xED60, 0xFE20, 0x30E2, 0x30E1,
  0x38E2, 0x4942, 0x4942, 0x4943, 0x4122, 0x4142, 0x4942, 0x0020, 0x0000, 0x0000, 0x0000, 0x0000,
  0x0000, 0x0000, 0x0000, 0x0000, 0x0000, 0x0000, 0x0000, 0x0000, 0x0000, 0x0000, 0x0000, 0x0000,
  0x0000, 0x0000, 0x0000, 0x0000, 0x0000, 0x0000, 0x0000, 0x0000, 0x0000, 0x0000, 0x0000, 0x0000,
  0x0000, 0x0000, 0x0000, 0x0000, 0x0000, 0x0000, 0x0000, 0x0000, 0x0000, 0x0000, 0x0000, 0x0000,
  0x0000, 0x0000, 0x0000, 0x0000, 0x0000, 0x0000, 0x0000, 0x0000, 0x0000, 0x0000, 0x0000, 0x0000,
  0x0000, 0x0000, 0x0000, 0x0000, 0x0000, 0x0000, 0x0000, 0x0000, 0x0000, 0x0000, 0x0000, 0x0000,
  0x0000, 0x0000, 0x0000, 0x0000, 0x0000, 0x0000, 0x0000, 0x0000, 0x0000, 0x0000, 0x0000, 0x0000,
  0x0000, 0x0000, 0x0000, 0x0000, 0x0000, 0x0000, 0x0000, 0x0000, 0x0000, 0x0000, 0x0000, 0x0000,
  0x0000, 0x0000, 0x0000, 0x0000, 0x0000, 0x0000, 0x0000, 0x0000, 0x0000, 0x0000, 0x0000, 0x0000,
  0x0000, 0x0000, 0x0000, 0x0000, 0x0000, 0x0000, 0x0000, 0x0000, 0x0000, 0x0000, 0x0000, 0x0000,
  0x0000, 0x0000, 0x0000, 0x0000, 0x0000, 0x0000, 0x0000, 0x0000, 0x0000, 0x0000, 0x0000, 0x0000,
  0x0000, 0x0000, 0x0000, 0x0000, 0x0000, 0x0000, 0x0000, 0x0000, 0x0000, 0x0000, 0x0000, 0x0000,
  0x0000, 0x0000, 0x0000, 0x0000, 0x0000, 0x0000, 0x0000, 0x0000, 0x0000, 0x0000, 0x0000, 0x0000,
  0x0000, 0x0000, 0x0000, 0x0000, 0x0000, 0x0000, 0x0000, 0x0000, 0x0000, 0x0000, 0x0000, 0x0000,
  0x0000, 0x0000, 0x0000, 0x0000, 0x0000, 0x0000, 0x0000, 0x0000, 0x0000, 0x0000, 0x0000, 0x0000,
  0x0000, 0x0000, 0x0000, 0x0000, 0x0000, 0x0000, 0x0000, 0x0000, 0x0000, 0x0000, 0x0000, 0x0000,
  0x0000, 0x0000, 0x0000, 0x0000, 0x0000, 0x0000, 0x0000, 0x0000, 0x0000, 0x0000, 0x0000, 0x0000,
  0x0000, 0x0000, 0xE520, 0xED40, 0xE520, 0xE520, 0xE520, 0xE520, 0xE520, 0xE540, 0xE540, 0xE520,
  0xE520, 0xED40, 0xE520, 0xFDE1, 0xFDE2, 0xFE02, 0xFE02, 0xFE02, 0xFE02, 0xFDE2, 0xFDE1, 0xFDE2,
  0xFE02, 0xFE02, 0xFE02, 0xFE02, 0xFE02, 0xFE02, 0xF5A1, 0xED40, 0xED60, 0xFDE0, 0x3902, 0x3901,
  0x4122, 0x4942, 0x4942, 0x4942, 0x3922, 0x3902, 0x3902, 0x0020, 0x0000, 0x0000, 0x0000, 0x0000,
  0x0000, 0x0000, 0x0000, 0x0000, 0x0000, 0x0000, 0x0000, 0x0000, 0x0000, 0x0000, 0x0000, 0x0000,
  0x0000, 0x0000, 0x0000, 0x0000, 0x0000, 0x0000, 0x0000, 0x0000, 0x0000, 0x0000, 0x0000, 0x0000,
  0x0000, 0x0000, 0x0000, 0x0000, 0x0000, 0x0000, 0x0000, 0x0000, 0x0000, 0x0000, 0x0000, 0x0000,
  0x0000, 0x0000, 0x0000, 0x0000, 0x0000, 0x0000, 0x0000, 0x0000, 0x0000, 0x0000, 0x0000, 0x0000,
  0x0000, 0x0000, 0x0000, 0x0000, 0x0000, 0x0000, 0x0000, 0x0000, 0x0000, 0x0000, 0x0000, 0x0000,
  0x0000, 0x0000, 0x0000, 0x0000, 0x0000, 0x0000, 0x0000, 0x0000, 0x0000, 0x0000, 0x0000, 0x0000,
  0x0000, 0x0000, 0x0000, 0x0000, 0x0000, 0x0000, 0x0000, 0x0000, 0x0000, 0x0000, 0x0000, 0x0000,
  0x0000, 0x0000, 0x0000, 0x0000, 0x0000, 0x0000, 0x0000, 0x0000, 0x0000, 0x0000, 0x0000, 0x0000,
  0x0000, 0x0000, 0x0000, 0x0000, 0x0000, 0x0000, 0x0000, 0x0000, 0x0000, 0x0000, 0x0000, 0x0000,
  0x0000, 0x0000, 0x0000, 0x0000, 0x0000, 0x0000, 0x0000, 0x0000, 0x0000, 0x0000, 0x0000, 0x0000,
  0x0000, 0x0000, 0x0000, 0x0000, 0x0000, 0x0000, 0x0000, 0x0000, 0x0000, 0x0000, 0x0000, 0x0000,
  0x0000, 0x0000, 0x0000, 0x0000, 0x0000, 0x0000, 0x0000, 0x0000, 0x0000, 0x0000, 0x0000, 0x0000,
  0x0000, 0x0000, 0x0000, 0x0000, 0x0000, 0x0000, 0x0000, 0x0000, 0x0000, 0x0000, 0x0000, 0x0000,
  0x0000, 0x0000, 0x0000, 0x0000, 0x0000, 0x0000, 0x0000, 0x0000, 0x0000, 0x0000, 0x0000, 0x0000,
  0x0000, 0x0000, 0x0000, 0x0000, 0x0000, 0x0000, 0x0000, 0x0000, 0x0000, 0x0000, 0x0000, 0x0000,
  0x0000, 0x0000, 0x0000, 0x0000, 0x0000, 0x0000, 0x0000, 0x0000, 0x0000, 0x0000, 0x0000, 0x0000,
  0x0000, 0x0000, 0x0000, 0x0020, 0x0020, 0x0000, 0x0000, 0x0000, 0x0000, 0x0000, 0x0000, 0x0000,
  0x0000, 0x0020, 0x0000, 0xE520, 0xED40, 0xED40, 0xED40, 0xED40, 0xED40, 0xED40, 0xED40, 0xED40,
  0xED40, 0xED40, 0xED40, 0xED40, 0xED40, 0xE520, 0xED40, 0xED60, 0xED40, 0xE520, 0xED60, 0xED60,
  0xE500, 0x0020, 0x0020, 0x0020, 0x0000, 0x0000, 0x0000, 0x0000, 0x0000, 0x0000, 0x0000, 0x0000,
  0x0000, 0x0000, 0x0000, 0x0000, 0x0000, 0x0000, 0x0000, 0x0000, 0x0000, 0x0000, 0x0000, 0x0000,
  0x0000, 0x0000, 0x0000, 0x0000, 0x0000, 0x0000, 0x0000, 0x0000, 0x0000, 0x0000, 0x0000, 0x0000,
  0x0000, 0x0000, 0x0000, 0x0000, 0x0000, 0x0000, 0x0000, 0x0000, 0x0000, 0x0000, 0x0000, 0x0000,
  0x0000, 0x0000, 0x0000, 0x0000, 0x0000, 0x0000, 0x0000, 0x0000, 0x0000, 0x0000, 0x0000, 0x0000,
  0x0000, 0x0000, 0x0000, 0x0000, 0x0000, 0x0000, 0x0000, 0x0000, 0x0000, 0x0000, 0x0000, 0x0000,
  0x0000, 0x0000, 0x0000, 0x0000, 0x0000, 0x0000, 0x0000, 0x0000, 0x0000, 0x0000, 0x0000, 0x0000,
  0x0000, 0x0000, 0x0000, 0x0000, 0x0000, 0x0000, 0x0000, 0x0000, 0x0000, 0x0000, 0x0000, 0x0000,
  0x0000, 0x0000, 0x0000, 0x0000, 0x0000, 0x0000, 0x0000, 0x0000, 0x0000, 0x0000, 0x0000, 0x0000,
  0x0000, 0x0000, 0x0000, 0x0000, 0x0000, 0x0000, 0x0000, 0x0000, 0x0000, 0x0000, 0x0000, 0x0000,
  0x0000, 0x0000, 0x0000, 0x0000, 0x0000, 0x0000, 0x0000, 0x0000, 0x0000, 0x0000, 0x0000, 0x0000,
  0x0000, 0x0000, 0x0000, 0x0000, 0x0000, 0x0000, 0x0000, 0x0000, 0x0000, 0x0000, 0x0000, 0x0000,
  0x0000, 0x0000, 0x0000, 0x0000, 0x0000, 0x0000, 0x0000, 0x0000, 0x0000, 0x0000, 0x0000, 0x0000,
  0x0000, 0x0000, 0x0000, 0x0000, 0x0000, 0x0000, 0x0000, 0x0000, 0x0000, 0x0000, 0x0000, 0x0000,
  0x0000, 0x0000, 0x0000, 0x0000, 0x0000, 0x0000, 0x0000, 0x0000, 0x0000, 0x0000, 0x0000, 0x0000,
  0x0000, 0x0000, 0x0000, 0x0000, 0x0000, 0x0000, 0x0000, 0x0000, 0x0000, 0x0000, 0x0000, 0x0000,
  0x0000, 0x0000, 0x0000, 0x0000, 0x0000, 0x0000, 0x0000, 0x0000, 0x0000, 0x0000, 0x0000, 0x0000,
  0x0000, 0x0000, 0x0000, 0x0000, 0x0000, 0x0000, 0x0000, 0x0000, 0x0000, 0x0000, 0x0000, 0x0000,
  0x0000, 0x0000, 0x0000, 0xED60, 0xED40, 0xED40, 0xED40, 0xED40, 0xED40, 0xED60, 0xED60, 0xED60,
  0xED40, 0xED40, 0xED40, 0xED40, 0xED40, 0xED40, 0xED40, 0xED60, 0xED40, 0xE540, 0xED60, 0xED60,
  0xDCC0, 0x0020, 0x0000, 0x0000, 0x0000, 0x0000, 0x0000, 0x0000, 0x0000, 0x0000, 0x0000, 0x0000,
  0x0000, 0x0000, 0x0000, 0x0000, 0x0000, 0x0000, 0x0000, 0x0000, 0x0000, 0x0000, 0x0000, 0x0000,
  0x0000, 0x0000, 0x0000, 0x0000, 0x0000, 0x0000, 0x0000, 0x0000, 0x0000, 0x0000, 0x0000, 0x0000,
  0x0000, 0x0000, 0x0000, 0x0000, 0x0000, 0x0000, 0x0000, 0x0000, 0x0000, 0x0000, 0x0000, 0x0000,
  0x0000, 0x0000, 0x0000, 0x0000, 0x0000, 0x0000, 0x0000, 0x0000, 0x0000, 0x0000, 0x0000, 0x0000,
  0x0000, 0x0000, 0x0000, 0x0000, 0x0000, 0x0000, 0x0000, 0x0000, 0x0000, 0x0000, 0x0000, 0x0000,
  0x0000, 0x0000, 0x0000, 0x0000, 0x0000, 0x0000, 0x0000, 0x0000, 0x0000, 0x0000, 0x0000, 0x0000,
  0x0000, 0x0000, 0x0000, 0x0000, 0x0000, 0x0000, 0x0000, 0x0000, 0x0000, 0x0000, 0x0000, 0x0000,
  0x0000, 0x0000, 0x0000, 0x0000, 0x0000, 0x0000, 0x0000, 0x0000, 0x0000, 0x0000, 0x0000, 0x0000,
  0x0000, 0x0000, 0x0000, 0x0000, 0x0000, 0x0000, 0x0000, 0x0000, 0x0000, 0x0000, 0x0000, 0x0000,
  0x0000, 0x0000, 0x0000, 0x0000, 0x0000, 0x0000, 0x0000, 0x0000, 0x0000, 0x0000, 0x0000, 0x0000,
  0x0000, 0x0000, 0x0000, 0x0000, 0x0000, 0x0000, 0x0000, 0x0000, 0x0000, 0x0000, 0x0000, 0x0000,
  0x0000, 0x0000, 0x0000, 0x0000, 0x0000, 0x0000, 0x0000, 0x0000, 0x0000, 0x0000, 0x0000, 0x0000,
  0x0000, 0x0000, 0x0000, 0x0000, 0x0000, 0x0000, 0x0000, 0x0000, 0x0000, 0x0000, 0x0000, 0x0000,
  0x0000, 0x0000, 0x0000, 0x0000, 0x0000, 0x0000, 0x0000, 0x0000, 0x0000, 0x0000, 0x0000, 0x0000,
  0x0000, 0x0000, 0x0000, 0x0000, 0x0000, 0x0000, 0x0000, 0x0000, 0x0000, 0x0000, 0x0000, 0x0000,
  0x0000, 0x0000, 0x0000, 0x0000, 0x0000, 0x0000, 0x0000, 0x0000, 0x0000, 0x0000, 0x0000, 0x0000,
  0x0000, 0x0000, 0x0000, 0x0000, 0x0000, 0x0000, 0x0000, 0x0000, 0x0000, 0x0000, 0x0000, 0x0000,
  0x0000, 0x0000, 0x0000, 0xED60, 0xED60, 0xED40, 0xED60, 0xED40, 0xED60, 0xED60, 0xED60, 0xF560,
  0xED60, 0xED60, 0xED40, 0xED41, 0xED40, 0xED60, 0xED40, 0xED40, 0xED60, 0xED60, 0xE540, 0xE520,
  0xDCE0, 0x0820, 0x0000, 0x0000, 0x0000, 0x0000, 0x0000, 0x0000, 0x0000, 0x0000, 0x0000, 0x0000,
  0x0000, 0x0000, 0x0000, 0x0000, 0x0000, 0x0000, 0x0000, 0x0000, 0x0000, 0x0000, 0x0000, 0x0000,
  0x0000, 0x0000, 0x0000, 0x0000, 0x0000, 0x0000, 0x0000, 0x0000, 0x0000, 0x0000, 0x0000, 0x0000,
  0x0000, 0x0000, 0x0000, 0x0000, 0x0000, 0x0000, 0x0000, 0x0000, 0x0000, 0x0000, 0x0000, 0x0000,
  0x0000, 0x0000, 0x0000, 0x0000, 0x0000, 0x0000, 0x0000, 0x0000, 0x0000, 0x0000, 0x0000, 0x0000,
  0x0000, 0x0000, 0x0000, 0x0000, 0x0000, 0x0000, 0x0000, 0x0000, 0x0000, 0x0000, 0x0000, 0x0000,
  0x0000, 0x0000, 0x0000, 0x0000, 0x0000, 0x0000, 0x0000, 0x0000, 0x0000, 0x0000, 0x0000, 0x0000,
  0x0000, 0x0000, 0x0000, 0x0000, 0x0000, 0x0000, 0x0000, 0x0000, 0x0000, 0x0000, 0x0000, 0x0000,
  0x0000, 0x0000, 0x0000, 0x0000, 0x0000, 0x0000, 0x0000, 0x0000, 0x0000, 0x0000, 0x0000, 0x0000,
  0x0000, 0x0000, 0x0000, 0x0000, 0x0000, 0x0000, 0x0000, 0x0000, 0x0000, 0x0000, 0x0000, 0x0000,
  0x0000, 0x0000, 0x0000, 0x0000, 0x0000, 0x0000, 0x0000, 0x0000, 0x0000, 0x0000, 0x0000, 0x0000,
  0x0000, 0x0000, 0x0000, 0x0000, 0x0000, 0x0000, 0x0000, 0x0000, 0x0000, 0x0000, 0x0000, 0x0000,
  0x0000, 0x0000, 0x0000, 0x0000, 0x0000, 0x0000, 0x0000, 0x0000, 0x0000, 0x0000, 0x0000, 0x0000,
  0x0000, 0x0000, 0x0000, 0x0000, 0x0000, 0x0000, 0x0000, 0x0000, 0x0000, 0x0000, 0x0000, 0x0000,
  0x0000, 0x0000, 0x0000, 0x0000, 0x0000, 0x0000, 0x0000, 0x0000, 0x0000, 0x0000, 0x0000, 0x0000,
  0x0000, 0x0000, 0x0000, 0x0000, 0x0000, 0x0000, 0x0000, 0x0000, 0x0000, 0x0000, 0x0000, 0x0000,
  0x0000, 0x0000, 0x0000, 0x0000, 0x0000, 0x0000, 0x0000, 0x0000, 0x0000, 0x0000, 0x0000, 0x0000,
  0x0000, 0x0000, 0x0000, 0x0000, 0x0000, 0x0000, 0x0000, 0x0000, 0x0000, 0x0000, 0x0000, 0x0000,
  0x0000, 0x0000, 0x0000, 0x3920, 0x3920, 0x3920, 0x3100, 0x3120, 0x3920, 0x3920, 0x3920, 0x3940,
  0x3960, 0x3940, 0x3940, 0x3940, 0x3940, 0x3940, 0x3960, 0x4160, 0x4980, 0x4180, 0x4160, 0x4180,
  0x4980, 0x0000, 0x0000, 0x0000, 0x0000, 0x0000, 0x0000, 0x0000, 0x0000, 0x0000, 0x0000, 0x0000,
  0x0000, 0x0000, 0x0000, 0x0000, 0x0000, 0x0000, 0x0000, 0x0000, 0x0000, 0x0000, 0x0000, 0x0000,
  0x0000, 0x0000, 0x0000, 0x0000, 0x0000, 0x0000, 0x0000, 0x0000, 0x0000, 0x0000, 0x0000, 0x0000,
  0x0000, 0x0000, 0x0000, 0x0000, 0x0000, 0x0000, 0x0000, 0x0000, 0x0000, 0x0000, 0x0000, 0x0000,
  0x0000, 0x0000, 0x0000, 0x0000, 0x0000, 0x0000, 0x0000, 0x0000, 0x0000, 0x0000, 0x0000, 0x0000,
  0x0000, 0x0000, 0x0000, 0x0000, 0x0000, 0x0000, 0x0000, 0x0000, 0x0000, 0x0000, 0x0000, 0x0000,
  0x0000, 0x0000, 0x0000, 0x0000, 0x0000, 0x0000, 0x0000, 0x0000, 0x0000, 0x0000, 0x0000, 0x0000,
  0x0000, 0x0000, 0x0000, 0x0000, 0x0000, 0x0000, 0x0000, 0x0000, 0x0000, 0x0000, 0x0000, 0x0000,
  0x0000, 0x0000, 0x0000, 0x0000, 0x0000, 0x0000, 0x0000, 0x0000, 0x0000, 0x0000, 0x0000, 0x0000,
  0x0000, 0x0000, 0x0000, 0x0000, 0x0000, 0x0000, 0x0000, 0x0000, 0x0000, 0x0000, 0x0000, 0x0000,
  0x0000, 0x0000, 0x0000, 0x0000, 0x0000, 0x0000, 0x0000, 0x0000, 0x0000, 0x0000, 0x0000, 0x0000,
  0x0000, 0x0000, 0x0000, 0x0000, 0x0000, 0x0000, 0x0000, 0x0000, 0x0000, 0x0000, 0x0000, 0x0000,
  0x0000, 0x0000, 0x0000, 0x0000, 0x0000, 0x0000, 0x0000, 0x0000, 0x0000, 0x0000, 0x0000, 0x0000,
  0x0000, 0x0000, 0x0000, 0x0000, 0x0000, 0x0000, 0x0000, 0x0000, 0x0000, 0x0000, 0x0000, 0x0000,
  0x0000, 0x0000, 0x0000, 0x0000, 0x0000, 0x0000, 0x0000, 0x0000, 0x0000, 0x0000, 0x0000, 0x0000,
  0x0000, 0x0000, 0x0000, 0x0000, 0x0000, 0x0000, 0x0000, 0x0000, 0x0000, 0x0000, 0x0000, 0x0000,
  0x0000, 0x0000, 0x0000, 0x0000, 0x0000, 0x0000, 0x0000, 0x0000, 0x0000, 0x0000, 0x0000, 0x0000,
  0x0000, 0x0000, 0x0000, 0x0000, 0x0000, 0x0000, 0x0000, 0x0000, 0x0000, 0x0000, 0x0000, 0x0000,
  0x0000, 0x0000, 0x0000, 0x0000, 0x0000, 0x0000, 0x0000, 0x0000, 0x0000, 0x0000, 0x0000, 0x0000,
  0x0000, 0x0000, 0x0000, 0x0000, 0x0000, 0x0000, 0x0000, 0x0000, 0x0000, 0x0000, 0x0000, 0x0000,
  0x0000, 0x0000, 0x0000, 0x0000, 0x0000, 0x0000, 0x0000, 0x0000, 0x0000, 0x0000, 0x0000, 0x0000,
  0x0000, 0x0000, 0x0000, 0x0000, 0x0000, 0x0000, 0x0000, 0x0000, 0x0000, 0x0000, 0x0000, 0x0000,
  0x0000, 0x0000, 0x0000, 0x0000, 0x0000, 0x0000, 0x0000, 0x0000, 0x0000, 0x0000, 0x0000, 0x0000,
  0x0000, 0x0000, 0x0000, 0x0000, 0x0000, 0x0000, 0x0000, 0x0000, 0x0000, 0x0000, 0x0000, 0x0000,
  0x0000, 0x0000, 0x0000, 0x0000, 0x0000, 0x0000, 0x0000, 0x0000, 0x0000, 0x0000, 0x0000, 0x0000,
  0x0000, 0x0000, 0x0000, 0x0000, 0x0000, 0x0000, 0x0000, 0x0000, 0x0000, 0x0000, 0x0000, 0x0000,
  0x0000, 0x0000, 0x0000, 0x0000, 0x0000, 0x0000, 0x0000, 0x0000, 0x0000, 0x0000, 0x0000, 0x0000,
  0x0000, 0x0000, 0x0000, 0x0000, 0x0000, 0x0000, 0x0000, 0x0000, 0x0000, 0x0000, 0x0000, 0x0000,
  0x0000, 0x0000, 0x0000, 0x0000, 0x0000, 0x0000, 0x0000, 0x0000, 0x0000, 0x0000, 0x0000, 0x0000,
  0x0000, 0x0000, 0x0000, 0x0000, 0x0000, 0x0000, 0x0000, 0x0000, 0x0000, 0x0000, 0x0000, 0x0000,
  0x0000, 0x0000, 0x0000, 0x0000, 0x0000, 0x0000, 0x0000, 0x0000, 0x0000, 0x0000, 0x0000, 0x0000,
  0x0000, 0x0000, 0x0000, 0x0000, 0x0000, 0x0000, 0x0000, 0x0000, 0x0000, 0x0000, 0x0000, 0x0000,
  0x0000, 0x0000, 0x0000, 0x0000, 0x0000, 0x0000, 0x0000, 0x0000, 0x0000, 0x0000, 0x0000, 0x0000,
  0x0000, 0x0000, 0x0000, 0x0000, 0x0000, 0x0000, 0x0000, 0x0000, 0x0000, 0x0000, 0x0000, 0x0000,
  0x0000, 0x0000, 0x0000, 0x0000, 0x0000, 0x0000, 0x0000, 0x0000, 0x0000, 0x0000, 0x0000, 0x0000,
  0x0000, 0x0000, 0x0000, 0x0000, 0x0000, 0x0000, 0x0000, 0x0000, 0x0000, 0x0000, 0x0000, 0x0000,
  0x0000, 0x0000, 0x0000, 0x0000, 0x0000, 0x0000, 0x0000, 0x0000, 0x0000, 0x0000, 0x0000, 0x0000,
  0x0000, 0x0000, 0x0000, 0x0000, 0x0000, 0x0000, 0x0000, 0x0000, 0x0000, 0x0000, 0x0000, 0x0000,
  0x0000, 0x0000, 0x0000, 0x0000, 0x0000, 0x0000, 0x0000, 0x0000, 0x0000, 0x0000, 0x0000, 0x0000,
  0x0000, 0x0000, 0x0000, 0x0000, 0x0000, 0x0000, 0x0000, 0x0000, 0x0000, 0x0000, 0x0000, 0x0000,
  0x0000, 0x0000, 0x0000, 0x0000, 0x0000, 0x0000, 0x0000, 0x0000, 0x0000, 0x0000, 0x0000, 0x0000,
  0x0000, 0x0000, 0x0000, 0x0000, 0x0000, 0x0000, 0x0000, 0x0000, 0x0000, 0x0000, 0x0000, 0x0000,
  0x0000, 0x0000, 0x0000, 0x0000, 0x0000, 0x0000, 0x0000, 0x0000, 0x0000, 0x0000, 0x0000, 0x0000,
  0x0000, 0x0000, 0x0000, 0x0000, 0x0000, 0x0000, 0x0000, 0x0000, 0x0000, 0x0000, 0x0000, 0x0000,
  0x0000, 0x0000, 0x0000, 0x0000, 0x0000, 0x0000, 0x0000, 0x0000, 0x0000, 0x0000, 0x0000, 0x0000,
  0x0000, 0x0000, 0x0000, 0x0000, 0x0000, 0x0000, 0x0000, 0x0000, 0x0000, 0x0000, 0x0000, 0x0000,
  0x0000, 0x0000, 0x0000, 0x0000, 0x0000, 0x0000, 0x0000, 0x0000, 0x0000, 0x0000, 0x0000, 0x0000,
  0x0000, 0x0000, 0x0000, 0x0000, 0x0000, 0x0000, 0x0000, 0x0000, 0x0000, 0x0000, 0x0000, 0x0000,
  0x0000, 0x0000, 0x0000, 0x0000, 0x0000, 0x0000, 0x0000, 0x0000, 0x0000, 0x0000, 0x0000, 0x0000,
  0x0000, 0x0000, 0x0000, 0x0000, 0x0000, 0x0000, 0x0000, 0x0000, 0x0000, 0x0000, 0x0000, 0x0000,
  0x0000, 0x0000, 0x0000, 0x0000, 0x0000, 0x0000, 0x0000, 0x0000, 0x0000, 0x0000, 0x0000, 0x0000,
  0x0000, 0x0000, 0x0000, 0x0000, 0x0000, 0x0000, 0x0000, 0x0000, 0x0000, 0x0000, 0x0000, 0x0000,
  0x0000, 0x0000, 0x0000, 0x0000, 0x0000, 0x0000, 0x0000, 0x0000, 0x0000, 0x0000, 0x0000, 0x0000,
  0x0000, 0x0000, 0x0000, 0x0000, 0x0000, 0x0000, 0x0000, 0x0000, 0x0000, 0x0000, 0x0000, 0x0000,
  0x0000, 0x0000, 0x0000, 0x0000, 0x0000, 0x0000, 0x0000, 0x0000, 0x0000, 0x0000, 0x0000, 0x0000,
  0x0000, 0x0000, 0x0000, 0x0000, 0x0000, 0x0000, 0x0000, 0x0000, 0x0000, 0x0000, 0x0000, 0x0000,
  0x0000, 0x0000, 0x0000, 0x0000, 0x0000, 0x0000, 0x0000, 0x0000, 0x0000, 0x0000, 0x0000, 0x0000,
  0x0000, 0x0000, 0x0000, 0x0000, 0x0000, 0x0000, 0x0000, 0x0000, 0x0000, 0x0000, 0x0000, 0x0000,
  0x0000, 0x0000, 0x0000, 0x0000, 0x0000, 0x0000, 0x0000, 0x0000, 0x0000, 0x0000, 0x0000, 0x0000,
  0x0000, 0x0000, 0x0000, 0x0000, 0x0000, 0x0000, 0x0000, 0x0000, 0x0000, 0x0000, 0x0000, 0x0000,
  0x0000, 0x0000, 0x0000, 0x0000, 0x0000, 0x0000, 0x0000, 0x0000, 0x0000, 0x0000, 0x0000, 0x0000,
  0x0000, 0x0000, 0x0000, 0x0000, 0x0000, 0x0000, 0x0000, 0x0000, 0x0000, 0x0000, 0x0000, 0x0000,
  0x0000, 0x0000, 0x0000, 0x0000, 0x0000, 0x0000, 0x0000, 0x0000, 0x0000, 0x0000, 0x0000, 0x0000,
  0x0000, 0x0000, 0x0000, 0x0000, 0x0000, 0x0000, 0x0000, 0x0000, 0x0000, 0x0000, 0x0000, 0x0000,
  0x0000, 0x0000, 0x0000, 0x0000, 0x0000, 0x0000, 0x0000, 0x0000, 0x0000, 0x0000, 0x0000, 0x0000,
  0x0000, 0x0000, 0x0000, 0x0000, 0x0000, 0x0000, 0x0000, 0x0000, 0x0000, 0x0000, 0x0000, 0x0000,
  0x0000, 0x0000, 0x0000, 0x0000, 0x0000, 0x0000, 0x0000, 0x0000, 0x0000, 0x0000, 0x0000, 0x0000,
  0x0000, 0x0000, 0x0000, 0x0000, 0x0000, 0x0000, 0x0000, 0x0000, 0x0000, 0x0000, 0x0000, 0x0000,
  0x0000, 0x0000, 0x0000, 0x0000, 0x0000, 0x0000, 0x0000, 0x0000, 0x0000, 0x0000, 0x0000, 0x0000,
  0x0000, 0x0000, 0x0000, 0x0000, 0x0000, 0x0000, 0x0000, 0x0000, 0x0000, 0x0000, 0x0000, 0x0000,
  0x0000, 0x0000, 0x0000, 0x0000, 0x0000, 0x0000, 0x0000, 0x0000, 0x0000, 0x0000, 0x0000, 0x0000,
  0x0000, 0x0000, 0x0000, 0x0000, 0x0000, 0x0000, 0x0000, 0x0000, 0x0000, 0x0000, 0x0000, 0x0000,
  0x0000, 0x0000, 0x0000, 0x0000, 0x0000, 0x0000, 0x0000, 0x0000, 0x0000, 0x0000, 0x0000, 0x0000,
  0x0000, 0x0000, 0x0000, 0x0000, 0x0000, 0x0000, 0x0000, 0x0000, 0x0000, 0x0000, 0x0000, 0x0000,
  0x0000, 0x0000, 0x0000, 0x0000, 0x0000, 0x0000, 0x0000, 0x0000, 0x0000, 0x0000, 0x0000, 0x0000,
  0x0000, 0x0000, 0x0000, 0x0000, 0x0000, 0x0000, 0x0000, 0x0000, 0x0000, 0x0000, 0x0000, 0x0000,
  0x0000, 0x0000, 0x0000, 0x0000, 0x0000, 0x0000, 0x0000, 0x0000, 0x0000, 0x0000, 0x0000, 0x0000,
  0x0000, 0x0000, 0x0000, 0x0000, 0x0000, 0x0000, 0x0000, 0x0000, 0x0000, 0x0000, 0x0000, 0x0000,
  0x0000, 0x0000, 0x0000, 0x0000, 0x0000, 0x0000, 0x0000, 0x0000, 0x0000, 0x0000, 0x0000, 0x0000,
  0x0000, 0x0000, 0x0000, 0x0000, 0x0000, 0x0000, 0x0000, 0x0000, 0x0000, 0x0000, 0x0000, 0x0000,
  0x0000, 0x0000, 0x0000, 0x0000, 0x0000, 0x0000, 0x0000, 0x0000, 0x0000, 0x0000, 0x0000, 0x0000,
  0x0000, 0x0000, 0x0000, 0x0000, 0x0000, 0x0000, 0x0000, 0x0000, 0x0000, 0x0000, 0x0000, 0x0000,
  0x0000, 0x0000, 0x0000, 0x0000, 0x0000, 0x0000, 0x0000, 0x0000, 0x0000, 0x0000, 0x0000, 0x0000,
  0x0000, 0x0000, 0x0000, 0x0000, 0x0000, 0x0000, 0x0000, 0x0000, 0x0000, 0x0000, 0x0000, 0x0000,
  0x0000, 0x0000, 0x0000, 0x0000, 0x0000, 0x0000, 0x0000, 0x0000, 0x0000, 0x0000, 0x0000, 0x0000,
  0x0000, 0x0000, 0x0000, 0x0000, 0x0000, 0x0000, 0x0000, 0x0000, 0x0000, 0x0000, 0x0000, 0x0000,
  0x0000, 0x0000, 0x0000, 0x0000, 0x0000, 0x0000, 0x0000, 0x0000, 0x0000, 0x0000, 0x0000, 0x0000,
  0x0000, 0x0000, 0x0000, 0x0000, 0x0000, 0x0000, 0x0000, 0x0000, 0x0000, 0x0000, 0x0000, 0x0000,
  0x0000, 0x0000, 0x0000, 0x0000, 0x0000, 0x0000, 0x0000, 0x0000, 0x0000, 0x0000, 0x0000, 0x0000,
  0x0000, 0x0000, 0x0000, 0x0000, 0x0000, 0x0000, 0x0000, 0x0000, 0x0000, 0x0000, 0x0000, 0x0000,
  0x0000, 0x0000, 0x0000, 0x0000, 0x0000, 0x0000, 0x0000, 0x0000, 0x0000, 0x0000, 0x0000, 0x0000,
  0x0000, 0x0000, 0x0000, 0x0000, 0x0000, 0x0000, 0x0000, 0x0000, 0x0000, 0x0000, 0x0000, 0x0000,
  0x0000, 0x0000, 0x0000, 0x0000, 0x0000, 0x0000, 0x0000, 0x0000, 0x0000, 0x0000, 0x0000, 0x0000,
  0x0000, 0x0000, 0x0000, 0x0000, 0x0000, 0x0000, 0x0000, 0x0000, 0x0000, 0x0000, 0x0000, 0x0000,
  0x0000, 0x0000, 0x0000, 0x0000, 0x0000, 0x0000, 0x0000, 0x0000, 0x0000, 0x0000, 0x0000, 0x0000,
  0x0000, 0x0000, 0x0000, 0x0000, 0x0000, 0x0000, 0x0000, 0x0000, 0x0000, 0x0000, 0x0000, 0x0000,
  0x0000, 0x0000, 0x0000, 0x0000, 0x0000, 0x0000, 0x0000, 0x0000, 0x0000, 0x0000, 0x0000, 0x0000,
  0x0000, 0x0000, 0x0000, 0x0000, 0x0000, 0x0000, 0x0000, 0x0000, 0x0000, 0x0000, 0x0000, 0x0000,
  0x0000, 0x0000, 0x0000, 0x0000, 0x0000, 0x0000, 0x0000, 0x0000, 0x0000, 0x0000, 0x0000, 0x0000,
  0x0000, 0x0000, 0x0000, 0x0000, 0x0000, 0x0000, 0x0000, 0x0000, 0x0000, 0x0000, 0x0000, 0x0000,
  0x0000, 0x0000, 0x0000, 0x0000, 0x0000, 0x0000, 0x0000, 0x0000, 0x0000, 0x0000, 0x0000, 0x0000,
  0x0000, 0x0000, 0x0000, 0x0000, 0x0000, 0x0000, 0x0000, 0x0000, 0x0000, 0x0000, 0x0000, 0x0000,
  0x0000, 0x0000, 0x0000, 0x0000, 0x0000, 0x0000, 0x0000, 0x0000, 0x0000, 0x0000, 0x0000, 0x0000,
  0x0000, 0x0000, 0x0000, 0x0000, 0x0000, 0x0000, 0x0000, 0x0000, 0x0000, 0x0000, 0x0000, 0x0000,
  0x0000, 0x0000, 0x0000, 0x0000, 0x0000, 0x0000, 0x0000, 0x0000, 0x0000, 0x0000, 0x0000, 0x0000,
  0x0000, 0x0000, 0x0000, 0x0000, 0x0000, 0x0000, 0x0000, 0x0000, 0x0000, 0x0000, 0x0000, 0x0000,
  0x0000, 0x0000, 0x0000, 0x0000, 0x0000, 0x0000, 0x0000, 0x0000, 0x0000, 0x0000, 0x0000, 0x0000,
  0x0000, 0x0000, 0x0000, 0x0000, 0x0000, 0x0000, 0x0000, 0x0000, 0x0000, 0x0000, 0x0000, 0x0000,
  0x0000, 0x0000, 0x0000, 0x0000, 0x0000, 0x0000, 0x0000, 0x0000, 0x0000, 0x0000, 0x0000, 0x0000,
  0x0000, 0x0000, 0x0000, 0x0000, 0x0000, 0x0000, 0x0000, 0x0000, 0x0000, 0x0000, 0x0000, 0x0000,
  0x0000, 0x0000, 0x0000, 0x0000, 0x0000, 0x0000, 0x0000, 0x0000, 0x0000, 0x0000, 0x0000, 0x0000,
  0x0000, 0x0000, 0x0000, 0x0000, 0x0000, 0x0000, 0x0000, 0x0000, 0x0000, 0x0000, 0x0000, 0x0000,
  0x0000, 0x0000, 0x0000, 0x0000, 0x0000, 0x0000, 0x0000, 0x0000, 0x0000, 0x0000, 0x0000, 0x0000,
  0x0000, 0x0000, 0x0000, 0x0000, 0x0000, 0x0000, 0x0000, 0x0000, 0x0000, 0x0000, 0x0000, 0x0000,
  0x0000, 0x0000, 0x0000, 0x0000, 0x0000, 0x0000, 0x0000, 0x0000, 0x0000, 0x0000, 0x0000, 0x0000,
  0x0000, 0x0000, 0x0000, 0x0000, 0x0000, 0x0000, 0x0000, 0x0000, 0x0000, 0x0000, 0x0000, 0x0000,
  0x0000, 0x0000, 0x0000, 0x0000, 0x0000, 0x0000, 0x0000, 0x0000, 0x0000, 0x0000, 0x0000, 0x0000,
  0x0000, 0x0000, 0x0000, 0x0000, 0x0000, 0x0000, 0x0000, 0x0000, 0x0000, 0x0000, 0x0000, 0x0000,
  0x0000, 0x0000, 0x0000, 0x0000, 0x0000, 0x0000, 0x0000, 0x0000, 0x0000, 0x0000, 0x0000, 0x0000,
  0x0000, 0x0000, 0x0000, 0x0000, 0x0000, 0x0000, 0x0000, 0x0000, 0x0000, 0x0000, 0x0000, 0x0000,
  0x0000, 0x0000, 0x0000, 0x0000, 0x0000, 0x0000, 0x0000, 0x0000, 0x0000, 0x0000, 0x0000, 0x0000,
  0x0000, 0x0000, 0x0000, 0x0000, 0x0000, 0x0000, 0x0000, 0x0000, 0x0000, 0x0000, 0x0000, 0x0000,
  0x0000, 0x0000, 0x0000, 0x0000, 0x0000, 0x0000, 0x0000, 0x0000, 0x0000, 0x0000, 0x0000, 0x0000,
  0x0000, 0x0000, 0x0000, 0x0000, 0x0000, 0x0000, 0x0000, 0x0000, 0x0000, 0x0000, 0x0000, 0x0000,
  0x0000, 0x0000, 0x0000, 0x0000, 0x0000, 0x0000, 0x0000, 0x0000, 0x0000, 0x0000, 0x0000, 0x0000,
  0x0000, 0x0000, 0x0000, 0x0000, 0x0000, 0x0000, 0x0000, 0x0000, 0x0000, 0x0000, 0x0000, 0x0000,
  0x0000, 0x0000, 0x0000, 0x0000, 0x0000, 0x0000, 0x0000, 0x0000, 0x0000, 0x0000, 0x0000, 0x0000,
  0x0000, 0x0000, 0x0000, 0x0000, 0x0000, 0x0000, 0x0000, 0x0000, 0x0000, 0x0000, 0x0000, 0x0000,
  0x0000, 0x0000, 0x0000, 0x0000, 0x0000, 0x0000, 0x0000, 0x0000, 0x0000, 0x0000, 0x0000, 0x0000,
  0x0000, 0x0000, 0x0000, 0x0000, 0x0000, 0x0000, 0x0000, 0x0000, 0x0000, 0x0000, 0x0000, 0x0000,
  0x0000, 0x0000, 0x0000, 0x0000, 0x0000, 0x0000, 0x0000, 0x0000, 0x0000, 0x0000, 0x0000, 0x0000,
  0x0000, 0x0000, 0x0000, 0x0000, 0x0000, 0x0000, 0x0000, 0x0000, 0x0000, 0x0000, 0x0000, 0x0000,
  0x0000, 0x0000, 0x0000, 0x0000, 0x0000, 0x0000, 0x0000, 0x0000, 0x0000, 0x0000, 0x0000, 0x0000,
  0x0000, 0x0000, 0x0000, 0x0000, 0x0000, 0x0000, 0x0000, 0x0000, 0x0000, 0x0000, 0x0000, 0x0000,
  0x0000, 0x0000, 0x0000, 0x0000, 0x0000, 0x0000, 0x0000, 0x0000, 0x0000, 0x0000, 0x0000, 0x0000,
  0x0000, 0x0000, 0x0000, 0x0000, 0x0000, 0x0000, 0x0000, 0x0000, 0x0000, 0x0000, 0x0000, 0x0000,
  0x0000, 0x0000, 0x0000, 0x0000, 0x0000, 0x0000, 0x0000, 0x0000, 0x0000, 0x0000, 0x0000, 0x0000,
  0x0000, 0x0000, 0x0000, 0x0000, 0x0000, 0x0000, 0x0000, 0x0000, 0x0000, 0x0000, 0x0000, 0x0000,
  0x0000, 0x0000, 0x0000, 0x0000, 0x0000, 0x0000, 0x0000, 0x0000, 0x0000, 0x0000, 0x0000, 0x0000,
  0x0000, 0x0000, 0x0000, 0x0000, 0x0000, 0x0000, 0x0000, 0x0000, 0x0000, 0x0000, 0x0000, 0x0000,
  0x0000, 0x0000, 0x0000, 0x0000, 0x0000, 0x0000, 0x0000, 0x0000, 0x0000, 0x0000, 0x0000, 0x0000,
  0x0000, 0x0000, 0x0000, 0x0000, 0x0000, 0x0000, 0x0000, 0x0000, 0x0000, 0x0000, 0x0000, 0x0000,
  0x0000, 0x0000, 0x0000, 0x0000, 0x0000, 0x0000, 0x0000, 0x0000, 0x0000, 0x0000, 0x0000, 0x0000,
  0x0000, 0x0000, 0x0000, 0x0000, 0x0000, 0x0000, 0x0000, 0x0000, 0x0000, 0x0000, 0x0000, 0x0000,
  0x0000, 0x0000, 0x0000, 0x0000, 0x0000, 0x0000, 0x0000, 0x0000, 0x0000, 0x0000, 0x0000, 0x0000,
  0x0000, 0x0000, 0x0000, 0x0000, 0x0000, 0x0000, 0x0000, 0x0000, 0x0000, 0x0000, 0x0000, 0x0000,
  0x0000, 0x0000, 0x0000, 0x0000, 0x0000, 0x0000, 0x0000, 0x0000, 0x0000, 0x0000, 0x0000, 0x0000,
  0x0000, 0x0000, 0x0000, 0x0000, 0x0000, 0x0000, 0x0000, 0x0000, 0x0000, 0x0000, 0x0000, 0x0000,
  0x0000, 0x0000, 0x0000, 0x0000, 0x0000, 0x0000, 0x0000, 0x0000, 0x0000, 0x0000, 0x0000, 0x0000,
  0x0000, 0x0000, 0x0000, 0x0000, 0x0000, 0x0000, 0x0000, 0x0000, 0x0000, 0x0000, 0x0000, 0x0000,
  0x0000, 0x0000, 0x0000, 0x0000, 0x0000, 0x0000, 0x0000, 0x0000, 0x0000, 0x0000, 0x0000, 0x0000,
  0x0000, 0x0000, 0x0000, 0x0000, 0x0000, 0x0000, 0x0000, 0x0000, 0x0000, 0x0000, 0x0000, 0x0000,
  0x0000, 0x0000, 0x0000, 0x0000, 0x0000, 0x0000, 0x0000, 0x0000, 0x0000, 0x0000, 0x0000, 0x0000,
  0x0000, 0x0000, 0x0000, 0x0000, 0x0000, 0x0000, 0x0000, 0x0000, 0x0000, 0x0000, 0x0000, 0x0000,
  0x0000, 0x0000, 0x0000, 0x0000, 0x0000, 0x0000, 0x0000, 0x0000, 0x0000, 0x0000, 0x0000, 0x0000,
  0x0000, 0x0000, 0x0000, 0x0000, 0x0000, 0x0000, 0x0000, 0x0000, 0x0000, 0x0000, 0x0000, 0x0000,
  0x0000, 0x0000, 0x0000, 0x0000, 0x0000, 0x0000, 0x0000, 0x0000, 0x0000, 0x0000, 0x0000, 0x0000,
  0x0000, 0x0000, 0x0000, 0x0000, 0x0000, 0x0000, 0x0000, 0x0000, 0x0000, 0x0000, 0x0000, 0x0000,
  0x0000, 0x0000, 0x0000, 0x0000, 0x0000, 0x0000, 0x0000, 0x0000, 0x0000, 0x0000, 0x0000, 0x0000,
  0x0000, 0x0000, 0x0000, 0x0000, 0x0000, 0x0000, 0x0000, 0x0000, 0x0000, 0x0000, 0x0000, 0x0000,
  0x0000, 0x0000, 0x0000, 0x0000, 0x0000, 0x0000, 0x0000, 0x0000, 0x0000, 0x0000, 0x0000, 0x0000,
  0x0000, 0x0000, 0x0000, 0x0000, 0x0000, 0x0000, 0x0000, 0x0000, 0x0000, 0x0000, 0x0000, 0x0000,
  0x0000, 0x0000, 0x0000, 0x0000, 0x0000, 0x0000, 0x0000, 0x0000, 0x0000, 0x0000, 0x0000, 0x0000,
  0x0000, 0x0000, 0x0000, 0x0000, 0x0000, 0x0000, 0x0000, 0x0000, 0x0000, 0x0000, 0x0000, 0x0000,
  0x0000, 0x0000, 0x0000, 0x0000, 0x0000, 0x0000, 0x0000, 0x0000, 0x0000, 0x0000, 0x0000, 0x0000,
  0x0000, 0x0000, 0x0000, 0x0000, 0x0000, 0x0000, 0x0000, 0x0000, 0x0000, 0x0000, 0x0000, 0x0000,
  0x0000, 0x0000, 0x0000, 0x0000, 0x0000, 0x0000, 0x0000, 0x0000, 0x0000, 0x0000, 0x0000, 0x0000,
  0x0000, 0x0000, 0x0000, 0x0000, 0x0000, 0x0000, 0x0000, 0x0000, 0x0000, 0x0000, 0x0000, 0x0000,
  0x0000, 0x0000, 0x0000, 0x0000, 0x0000, 0x0000, 0x0000, 0x0000, 0x0000, 0x0000, 0x0000, 0x0000,
  0x0000, 0x0000, 0x0000, 0x0000, 0x0000, 0x0000, 0x0000, 0x0000, 0x0000, 0x0000, 0x0000, 0x0000,
  0x0000, 0x0000, 0x0000, 0x0000, 0x0000, 0x0000, 0x0000, 0x0000, 0x0000, 0x0000, 0x0000, 0x0000,
  0x0000, 0x0000, 0x0000, 0x0000, 0x0000, 0x0000, 0x0000, 0x0000, 0x0000, 0x0000, 0x0000, 0x0000,
  0x0000, 0x0000, 0x0000, 0x0000, 0x0000, 0x0000, 0x0000, 0x0000, 0x0000, 0x0000, 0x0000, 0x0000,
  0x0000, 0x0000, 0x0000, 0x0000, 0x0000, 0x0000, 0x0000, 0x0000, 0x0000, 0x0000, 0x0000, 0x0000,
  0x0000, 0x0000, 0x0000, 0x0000, 0x0000, 0x0000, 0x0000, 0x0000, 0x0000, 0x0000, 0x0000, 0x0000,
  0x0000, 0x0000, 0x0000, 0x0000, 0x0000, 0x0000, 0x0000, 0x0000, 0x0000, 0x0000, 0x0000, 0x0000,
  0x0000, 0x0000, 0x0000, 0x0000, 0x0000, 0x0000, 0x0000, 0x0000, 0x0000, 0x0000, 0x0000, 0x0000,
  0x0000, 0x0000, 0x0000, 0x0000, 0x0000, 0x0000, 0x0000, 0x0000, 0x0000, 0x0000, 0x0000, 0x0000,
  0x0000, 0x0000, 0x0000, 0x0000, 0x0000, 0x0000, 0x0000, 0x0000, 0x0000, 0x0000, 0x0000, 0x0000,
  0x0000, 0x0000, 0x0000, 0x0000, 0x0000, 0x0000, 0x0000, 0x0000, 0x0000, 0x0000, 0x0000, 0x0000,
  0x0000, 0x0000, 0x0000, 0x0000, 0x0000, 0x0000, 0x0000, 0x0000, 0x0000, 0x0000, 0x0000, 0x0000,
  0x0000, 0x0000, 0x0000, 0x0000, 0x0000, 0x0000, 0x0000, 0x0000, 0x0000, 0x0000, 0x0000, 0x0000,
  0x0000, 0x0000, 0x0000, 0x0000, 0x0000, 0x0000, 0x0000, 0x0000, 0x0000, 0x0000, 0x0000, 0x0000,
  0x0000, 0x0000, 0x0000, 0x0000, 0x0000, 0x0000, 0x0000, 0x0000, 0x0000, 0x0000, 0x0000, 0x0000,
  0x0000, 0x0000, 0x0000, 0x0000, 0x0000, 0x0000, 0x0000, 0x0000, 0x0000, 0x0000, 0x0000, 0x0000,
  0x0000, 0x0000, 0x0000, 0x0000, 0x0000, 0x0000, 0x0000, 0x0000, 0x0000, 0x0000, 0x0000, 0x0000,
  0x0000, 0x0000, 0x0000, 0x0000, 0x0000, 0x0000, 0x0000, 0x0000, 0x0000, 0x0000, 0x0000, 0x0000,
  0x0000, 0x0000, 0x0000, 0x0000, 0x0000, 0x0000, 0x0000, 0x0000, 0x0000, 0x0000, 0x0000, 0x0000,
  0x0000, 0x0000, 0x0000, 0x0000, 0x0000, 0x0000, 0x0000, 0x0000, 0x0000, 0x0000, 0x0000, 0x0000,
  0x0000, 0x0000, 0x0000, 0x0000, 0x0000, 0x0000, 0x0000, 0x0000, 0x0000, 0x0000, 0x0000, 0x0000,
  0x0000, 0x0000, 0x0000, 0x0000, 0x0000, 0x0000, 0x0000, 0x0000, 0x0000, 0x0000, 0x0000, 0x0000,
  0x0000, 0x0000, 0x0000, 0x0000, 0x0000, 0x0000, 0x0000, 0x0000, 0x0000, 0x0000, 0x0000, 0x0000,
  0x0000, 0x0000, 0x0000, 0x0000, 0x0000, 0x0000, 0x0000, 0x0000, 0x0000, 0x0000, 0x0000, 0x0000,
  0x0000, 0x0000, 0x0000, 0x0000, 0x0000, 0x0000, 0x0000, 0x0000, 0x0000, 0x0000, 0x0000, 0x0000,
  0x0000, 0x0000, 0x0000, 0x0000, 0x0000, 0x0000, 0x0000, 0x0000, 0x0000, 0x0000, 0x0000, 0x0000,
  0x0000, 0x0000, 0x0000, 0x0000, 0x0000, 0x0000, 0x0000, 0x0000, 0x0000, 0x0000, 0x0000, 0x0000,
  0x0000, 0x0000, 0x0000, 0x0000, 0x0000, 0x0000, 0x0000, 0x0000, 0x0000, 0x0000, 0x0000, 0x0000,
  0x0000, 0x0000, 0x0000, 0x0000, 0x0000, 0x0000, 0x0000, 0x0000, 0x0000, 0x0000, 0x0000, 0x0000,
  0x0000, 0x0000, 0x0000, 0x0000, 0x0000, 0x0000, 0x0000, 0x0000, 0x0000, 0x0000, 0x0000, 0x0000,
  0x0000, 0x0000, 0x0000, 0x0000, 0x0000, 0x0000, 0x0000, 0x0000, 0x0000, 0x0000, 0x0000, 0x0000,
  0x0000, 0x0000, 0x0000, 0x0000, 0x0000, 0x0000, 0x0000, 0x0000, 0x0000, 0x0000, 0x0000, 0x0000,
  0x0000, 0x0000, 0x0000, 0x0000, 0x0000, 0x0000, 0x0000, 0x0000, 0x0000, 0x0000, 0x0000, 0x0000,
  0x0000, 0x0000, 0x0000, 0x0000, 0x0000, 0x0000, 0x0000, 0x0000, 0x0000, 0x0000, 0x0000, 0x0000,
  0x0000, 0x0000, 0x0000, 0x0000, 0x0000, 0x0000, 0x0000, 0x0000, 0x0000, 0x0000, 0x0000, 0x0000,
  0x0000, 0x0000, 0x0000, 0x0000, 0x0000, 0x0000, 0x0000, 0x0000, 0x0000, 0x0000, 0x0000, 0x0000,
  0x0000, 0x0000, 0x0000, 0x0000, 0x0000, 0x0000, 0x0000, 0x0000, 0x0000, 0x0000, 0x0000, 0x0000,
  0x0000, 0x0000, 0x0000, 0x0000, 0x0000, 0x0000, 0x0000, 0x0000, 0x0000, 0x0000, 0x0000, 0x0000,
  0x0000, 0x0000, 0x0000, 0x0000, 0x0000, 0x0000, 0x0000, 0x0000, 0x0000, 0x0000, 0x0000, 0x0000,
  0x0000, 0x0000, 0x0000, 0x0000, 0x0000, 0x0000, 0x0000, 0x0000, 0x0000, 0x0000, 0x0000, 0x0000,
  0x0000, 0x0000, 0x0000, 0x0000, 0x0000, 0x0000, 0x0000, 0x0000, 0x0000, 0x0000, 0x0000, 0x0000,
  0x0000, 0x0000, 0x0000, 0x0000, 0x0000, 0x0000, 0x0000, 0x0000, 0x0000, 0x0000, 0x0000, 0x0000,
  0x0000, 0x0000, 0x0000, 0x0000, 0x0000, 0x0000, 0x0000, 0x0000, 0x0000, 0x0000, 0x0000, 0x0000,
  0x0000, 0x0000, 0x0000, 0x0000, 0x0000, 0x0000, 0x0000, 0x0000, 0x0000, 0x0000, 0x0000, 0x0000,
  0x0000, 0x0000, 0x0000, 0x0000, 0x0000, 0x0000, 0x0000, 0x0000, 0x0000, 0x0000, 0x0000, 0x0000,
  0x0000, 0x0000, 0x0000, 0x0000, 0x0000, 0x0000, 0x0000, 0x0000, 0x0000, 0x0000, 0x0000, 0x0000,
  0x0000, 0x0000, 0x0000, 0x0000, 0x0000, 0x0000, 0x0000, 0x0000, 0x0000, 0x0000, 0x0000, 0x0000,
  0x0000, 0x0000, 0x0000, 0x0000, 0x0000, 0x0000, 0x0000, 0x0000, 0x0000, 0x0000, 0x0000, 0x0000,
  0x0000, 0x0000, 0x0000, 0x0000, 0x0000, 0x0000, 0x0000, 0x0000, 0x0000, 0x0000, 0x0000, 0x0000,
  0x0000, 0x0000, 0x0000, 0x0000, 0x0000, 0x0000, 0x0000, 0x0000, 0x0000, 0x0000, 0x0000, 0x0000,
  0x0000, 0x0000, 0x0000, 0x0000, 0x0000, 0x0000, 0x0000, 0x0000, 0x0000, 0x0000, 0x0000, 0x0000,
  0x0000, 0x0000, 0x0000, 0x0000, 0x0000, 0x0000, 0x0000, 0x0000, 0x0000, 0x0000, 0x0000, 0x0000,
  0x0000, 0x0000, 0x0000, 0x0000, 0x0000, 0x0000, 0x0000, 0x0000, 0x0000, 0x0000, 0x0000, 0x0000,
  0x0000, 0x0000, 0x0000, 0x0000, 0x0000, 0x0000, 0x0000, 0x0000, 0x0000, 0x0000, 0x0000, 0x0000,
  0x0000, 0x0000, 0x0000, 0x0000, 0x0000, 0x0000, 0x0000, 0x0000, 0x0000, 0x0000, 0x0000, 0x0000,
  0x0000, 0x0000, 0x0000, 0x0000, 0x0000, 0x0000, 0x0000, 0x0000, 0x0000, 0x0000, 0x0000, 0x0000,
  0x0000, 0x0000, 0x0000, 0x0000, 0x0000, 0x0000, 0x0000, 0x0000, 0x0000, 0x0000, 0x0000, 0x0000,
  0x0000, 0x0000, 0x0000, 0x0000, 0x0000, 0x0000, 0x0000, 0x0000, 0x0000, 0x0000, 0x0000, 0x0000,
  0x0000, 0x0000, 0x0000, 0x0000, 0x0000, 0x0000, 0x0000, 0x0000, 0x0000, 0x0000, 0x0000, 0x0000,
  0x0000, 0x0000, 0x0000, 0x0000, 0x0000, 0x0000, 0x0000, 0x0000, 0x0000, 0x0000, 0x0000, 0x0000,
  0x0000, 0x0000, 0x0000, 0x0000, 0x0000, 0x0000, 0x0000, 0x0000, 0x0000, 0x0000, 0x0000, 0x0000,
  0x0000, 0x0000, 0x0000, 0x0000, 0x0000, 0x0000, 0x0000, 0x0000, 0x0000, 0x0000, 0x0000, 0x0000,
  0x0000, 0x0000, 0x0000, 0x0000, 0x0000, 0x0000, 0x0000, 0x0000, 0x0000, 0x0000, 0x0000, 0x0000,
  0x0000, 0x0000, 0x0000, 0x0000, 0x0000, 0x0000, 0x0000, 0x0000, 0x0000, 0x0000, 0x0000, 0x0000,
  0x0000, 0x0000, 0x0000, 0x0000, 0x0000, 0x0000, 0x0000, 0x0000, 0x0000, 0x0000, 0x0000, 0x0000,
  0x0000, 0x0000, 0x0000, 0x0000, 0x0000, 0x0000, 0x0000, 0x0000, 0x0000, 0x0000, 0x0000, 0x0000,
  0x0000, 0x0000, 0x0000, 0x0000, 0x0000, 0x0000, 0x0000, 0x0000, 0x0000, 0x0000, 0x0000, 0x0000,
  0x0000, 0x0000, 0x0000, 0x0000, 0x0000, 0x0000, 0x0000, 0x0000, 0x0000, 0x0000, 0x0000, 0x0000,
  0x0000, 0x0000, 0x0000, 0x0000, 0x0000, 0x0000, 0x0000, 0x0000, 0x0000, 0x0000, 0x0000, 0x0000,
  0x0000, 0x0000, 0x0000, 0x0000, 0x0000, 0x0000, 0x0000, 0x0000, 0x0000, 0x0000, 0x0000, 0x0000,
  0x0000, 0x0000, 0x0000, 0x0000, 0x0000, 0x0000, 0x0000, 0x0000, 0x0000, 0x0000, 0x0000, 0x0000,
  0x0000, 0x0000, 0x0000, 0x0000, 0x0000, 0x0000, 0x0000, 0x0000, 0x0000, 0x0000, 0x0000, 0x0000,
  0x0000, 0x0000, 0x0000, 0x0000, 0x0000, 0x0000, 0x0000, 0x0000, 0x0000, 0x0000, 0x0000, 0x0000,
  0x0000, 0x0000, 0x0000, 0x0000, 0x0000, 0x0000, 0x0000, 0x0000, 0x0000, 0x0000, 0x0000, 0x0000,
  0x0000, 0x0000, 0x0000, 0x0000, 0x0000, 0x0000, 0x0000, 0x0000, 0x0000, 0x0000, 0x0000, 0x0000,
  0x0000, 0x0000, 0x0000, 0x0000, 0x0000, 0x0000, 0x0000, 0x0000, 0x0000, 0x0000, 0x0000, 0x0000,
  0x0000, 0x0000, 0x0000, 0x0000, 0x0000, 0x0000, 0x0000, 0x0000, 0x0000, 0x0000, 0x0000, 0x0000,
  0x0000, 0x0000, 0x0000, 0x0000, 0x0000, 0x0000, 0x0000, 0x0000, 0x0000, 0x0000, 0x0000, 0x0000,
  0x0000, 0x0000, 0x0000, 0x0000, 0x0000, 0x0000, 0x0000, 0x0000, 0x0000, 0x0000, 0x0000, 0x0000,
  0x0000, 0x0000, 0x0000, 0x0000, 0x0000, 0x0000, 0x0000, 0x0000, 0x0000, 0x0000, 0x0000, 0x0000,
  0x0000, 0x0000, 0x0000, 0x0000, 0x0000, 0x0000, 0x0000, 0x0000, 0x0000, 0x0000, 0x0000, 0x0000,
  0x0000, 0x0000, 0x0000, 0x0000, 0x0000, 0x0000, 0x0000, 0x0000, 0x0000, 0x0000, 0x0000, 0x0000,
  0x0000, 0x0000, 0x0000, 0x0000, 0x0000, 0x0000, 0x0000, 0x0000, 0x0000, 0x0000, 0x0000, 0x0000,
  0x0000, 0x0000, 0x0000, 0x0000, 0x0000, 0x0000, 0x0000, 0x0000, 0x0000, 0x0000, 0x0000, 0x0000,
  0x0000, 0x0000, 0x0000, 0x0000, 0x0000, 0x0000, 0x0000, 0x0000, 0x0000, 0x0000, 0x0000, 0x0000,
  0x0000, 0x0000, 0x0000, 0x0000, 0x0000, 0x0000, 0x0000, 0x0000, 0x0000, 0x0000, 0x0000, 0x0000,
  0x0000, 0x0000, 0x0000, 0x0000, 0x0000, 0x0000, 0x0000, 0x0000, 0x0000, 0x0000, 0x0000, 0x0000,
  0x0000, 0x0000, 0x0000, 0x0000, 0x0000, 0x0000, 0x0000, 0x0000, 0x0000, 0x0000, 0x0000, 0x0000,
  0x0000, 0x0000, 0x0000, 0x0000, 0x0000, 0x0000, 0x0000, 0x0000, 0x0000, 0x0000, 0x0000, 0x0000,
  0x0000, 0x0000, 0x0000, 0x0000, 0x0000, 0x0000, 0x0000, 0x0000, 0x0000, 0x0000, 0x0000, 0x0000,
  0x0000, 0x0000, 0x0000, 0x0000, 0x0000, 0x0000, 0x0000, 0x0000, 0x0000, 0x0000, 0x0000, 0x0000,
  0x0000, 0x0000, 0x0000, 0x0000, 0x0000, 0x0000, 0x0000, 0x0000, 0x0000, 0x0000, 0x0000, 0x0000,
  0x0000, 0x0000, 0x0000, 0x0000, 0x0000, 0x0000, 0x0000, 0x0000, 0x0000, 0x0000, 0x0000, 0x0000,
  0x0000, 0x0000, 0x0000, 0x0000, 0x0000, 0x0000, 0x0000, 0x0000, 0x0000, 0x0000, 0x0000, 0x0000,
  0x0000, 0x0000, 0x0000, 0x0000, 0x0000, 0x0000, 0x0000, 0x0000, 0x0000, 0x0000, 0x0000, 0x0000,
  0x0000, 0x0000, 0x0000, 0x0000, 0x0000, 0x0000, 0x0000, 0x0000, 0x0000, 0x0000, 0x0000, 0x0000,
  0x0000, 0x0000, 0x0000, 0x0000, 0x0000, 0x0000, 0x0000, 0x0000, 0x0000, 0x0000, 0x0000, 0x0000,
  0x0000, 0x0000, 0x0000, 0x0000, 0x0000, 0x0000, 0x0000, 0x0000, 0x0000, 0x0000, 0x0000, 0x0000,
  0x0000, 0x0000, 0x0000, 0x0000, 0x0000, 0x0000, 0x0000, 0x0000, 0x0000, 0x0000, 0x0000, 0x0000,
  0x0000, 0x0000, 0x0000, 0x0000, 0x0000, 0x0000, 0x0000, 0x0000, 0x0000, 0x0000, 0x0000, 0x0000,
  0x0000, 0x0000, 0x0000, 0x0000, 0x0000, 0x0000, 0x0000, 0x0000, 0x0000, 0x0000, 0x0000, 0x0000,
  0x0000, 0x0000, 0x0000, 0x0000, 0x0000, 0x0000, 0x0000, 0x0000, 0x0000, 0x0000, 0x0000, 0x0000,
  0x0000, 0x0000, 0x0000, 0x0000, 0x0000, 0x0000, 0x0000, 0x0000, 0x0000, 0x0000, 0x0000, 0x0000,
  0x0000, 0x0000, 0x0000, 0x0000, 0x0000, 0x0000, 0x0000, 0x0000, 0x0000, 0x0000, 0x0000, 0x0000,
  0x0000, 0x0000, 0x0000, 0x0000, 0x0000, 0x0000, 0x0000, 0x0000, 0x0000, 0x0000, 0x0000, 0x0000,
  0x0000, 0x0000, 0x0000, 0x0000, 0x0000, 0x0000, 0x0000, 0x0000, 0x0000, 0x0000, 0x0000, 0x0000,
  0x0000, 0x0000, 0x0000, 0x0000, 0x0000, 0x0000, 0x0000, 0x0000, 0x0000, 0x0000, 0x0000, 0x0000,
  0x0000, 0x0000, 0x0000, 0x0000, 0x0000, 0x0000, 0x0000, 0x0000, 0x0000, 0x0000, 0x0000, 0x0000,
  0x0000, 0x0000, 0x0000, 0x0000, 0x0000, 0x0000, 0x0000, 0x0000, 0x0000, 0x0000, 0x0000, 0x0000,
  0x0000, 0x0000, 0x0000, 0x0000, 0x0000, 0x0000, 0x0000, 0x0000, 0x0000, 0x0000, 0x0000, 0x0000,
  0x0000, 0x0000, 0x0000, 0x0000, 0x0000, 0x0000, 0x0000, 0x0000, 0x0000, 0x0000, 0x0000, 0x0000,
  0x0000, 0x0000, 0x0000, 0x0000, 0x0000, 0x0000, 0x0000, 0x0000, 0x0000, 0x0000, 0x0000, 0x0000,
  0x0000, 0x0000, 0x0000, 0x0000, 0x0000, 0x0000, 0x0000, 0x0000, 0x0000, 0x0000, 0x0000, 0x0000,
  0x0000, 0x0000, 0x0000, 0x0000, 0x0000, 0x0000, 0x0000, 0x0000, 0x0000, 0x0000, 0x0000, 0x0000,
  0x0000, 0x0000, 0x0000, 0x0000, 0x0000, 0x0000, 0x0000, 0x0000, 0x0000, 0x0000, 0x0000, 0x0000,
  0x0000, 0x0000, 0x0000, 0x0000, 0x0000, 0x0000, 0x0000, 0x0000, 0x0000, 0x0000, 0x0000, 0x0000,
  0x0000, 0x0000, 0x0000, 0x0000, 0x0000, 0x0000, 0x0000, 0x0000, 0x0000, 0x0000, 0x0000, 0x0000,
  0x0000, 0x0000, 0x0000, 0x0000, 0x0000, 0x0000, 0x0000, 0x0000, 0x0000, 0x0000, 0x0000, 0x0000,
  0x0000, 0x0000, 0x0000, 0x0000, 0x0000, 0x0000, 0x0000, 0x0000, 0x0000, 0x0000, 0x0000, 0x0000,
  0x0000, 0x0000, 0x0000, 0x0000, 0x0000, 0x0000, 0x0000, 0x0000, 0x0000, 0x0000, 0x0000, 0x0000,
  0x0000, 0x0000, 0x0000, 0x0000, 0x0000, 0x0000, 0x0000, 0x0000, 0x0000, 0x0000, 0x0000, 0x0000,
  0x0000, 0x0000, 0x0000, 0x0000, 0x0000, 0x0000, 0x0000, 0x0000, 0x0000, 0x0000, 0x0000, 0x0000,
  0x0000, 0x0000, 0x0000, 0x0000, 0x0000, 0x0000, 0x0000, 0x0000, 0x0000, 0x0000, 0x0000, 0x0000,
  0x0000, 0x0000, 0x0000, 0x0000, 0x0000, 0x0000, 0x0000, 0x0000, 0x0000, 0x0000, 0x0000, 0x0000,
  0x0000, 0x0000, 0x0000, 0x0000, 0x0000, 0x0000, 0x0000, 0x0000, 0x0000, 0x0000, 0x0000, 0x0000,
  0x0000, 0x0000, 0x0000, 0x0000, 0x0000, 0x0000, 0x0000, 0x0000, 0x0000, 0x0000, 0x0000, 0x0000,
  0x0000, 0x0000, 0x0000, 0x0000, 0x0000, 0x0000, 0x0000, 0x0000, 0x0000, 0x0000, 0x0000, 0x0000,
  0x0000, 0x0000, 0x0000, 0x0000, 0x0000, 0x0000, 0x0000, 0x0000, 0x0000, 0x0000, 0x0000, 0x0000,
  0x0000, 0x0000, 0x0000, 0x0000, 0x0000, 0x0000, 0x0000, 0x0000, 0x0000, 0x0000, 0x0000, 0x0000,
  0x0000, 0x0000, 0x0000, 0x0000, 0x0000, 0x0000, 0x0000, 0x0000, 0x0000, 0x0000, 0x0000, 0x0000,
  0x0000, 0x0000, 0x0000, 0x0000, 0x0000, 0x0000, 0x0000, 0x0000, 0x0000, 0x0000, 0x0000, 0x0000,
  0x0000, 0x0000, 0x0000, 0x0000, 0x0000, 0x0000, 0x0000, 0x0000, 0x0000, 0x0000, 0x0000, 0x0000,
  0x0000, 0x0000, 0x0000, 0x0000, 0x0000, 0x0000, 0x0000, 0x0000, 0x0000, 0x0000, 0x0000, 0x0000,
  0x0000, 0x0000, 0x0000, 0x0000, 0x0000, 0x0000, 0x0000, 0x0000, 0x0000, 0x0000, 0x0000, 0x0000,
  0x0000, 0x0000, 0x0000, 0x0000, 0x0000, 0x0000, 0x0000, 0x0000, 0x0000, 0x0000, 0x0000, 0x0000,
  0x0000, 0x0000, 0x0000, 0x0000, 0x0000, 0x0000, 0x0000, 0x0000, 0x0000, 0x0000, 0x0000, 0x0000,
  0x0000, 0x0000, 0x0000, 0x0000, 0x0000, 0x0000, 0x0000, 0x0000, 0x0000, 0x0000, 0x0000, 0x0000,
  0x0000, 0x0000, 0x0000, 0x0000, 0x0000, 0x0000, 0x0000, 0x0000, 0x0000, 0x0000, 0x0000, 0x0000,
  0x0000, 0x0000, 0x0000, 0x0000, 0x0000, 0x0000, 0x0000, 0x0000, 0x0000, 0x0000, 0x0000, 0x0000,
  0x0000, 0x0000, 0x0000, 0x0000, 0x0000, 0x0000, 0x0000, 0x0000, 0x0000, 0x0000, 0x0000, 0x0000,
  0x0000, 0x0000, 0x0000, 0x0000, 0x0000, 0x0000, 0x0000, 0x0000, 0x0000, 0x0000, 0x0000, 0x0000,
  0x0000, 0x0000, 0x0000, 0x0000, 0x0000, 0x0000, 0x0000, 0x0000, 0x0000, 0x0000, 0x0000, 0x0000,
  0x0000, 0x0000, 0x0000, 0x0000, 0x0000, 0x0000, 0x0000, 0x0000, 0x0000, 0x0000, 0x0000, 0x0000,
  0x0000, 0x0000, 0x0000, 0x0000, 0x0000, 0x0000, 0x0000, 0x0000, 0x0000, 0x0000, 0x0000, 0x0000,
  0x0000, 0x0000, 0x0000, 0x0000, 0x0000, 0x0000, 0x0000, 0x0000, 0x0000, 0x0000, 0x0000, 0x0000,
  0x0000, 0x0000, 0x0000, 0x0000, 0x0000, 0x0000, 0x0000, 0x0000, 0x0000, 0x0000, 0x0000, 0x0000,
  0x0000, 0x0000, 0x0000, 0x0000, 0x0000, 0x0000, 0x0000, 0x0000, 0x0000, 0x0000, 0x0000, 0x0000,
  0x0000, 0x0000, 0x0000, 0x0000, 0x0000, 0x0000, 0x0000, 0x0000, 0x0000, 0x0000, 0x0000, 0x0000,
  0x0000, 0x0000, 0x0000, 0x0000, 0x0000, 0x0000, 0x0000, 0x0000, 0x0000, 0x0000, 0x0000, 0x0000,
  0x0000, 0x0000, 0x0000, 0x0000, 0x0000, 0x0000, 0x0000, 0x0000, 0x0000, 0x0000, 0x0000, 0x0000,
  0x0000, 0x0000, 0x0000, 0x0000, 0x0000, 0x0000, 0x0000, 0x0000, 0x0000, 0x0000, 0x0000, 0x0000,
  0x0000, 0x0000, 0x0000, 0x0000, 0x0000, 0x0000, 0x0000, 0x0000, 0x0000, 0x0000, 0x0000, 0x0000,
  0x0000, 0x0000, 0x0000, 0x0000, 0x0000, 0x0000, 0x0000, 0x0000, 0x0000, 0x0000, 0x0000, 0x0000,
  0x0000, 0x0000, 0x0000, 0x0000, 0x0000, 0x0000, 0x0000, 0x0000, 0x0000, 0x0000, 0x0000, 0x0000,
  0x0000, 0x0000, 0x0000, 0x0000, 0x0000, 0x0000, 0x0000, 0x0000, 0x0000, 0x0000, 0x0000, 0x0000
};
